"../../../Engine/Content/EditorResources/S_Actor.ubulk" 0
"../../../Engine/Content/EditorResources/S_Actor.uasset" 1
"../../../Engine/Content/EditorResources/S_Actor.uexp" 2
"../../../Engine/Content/EditorResources/S_BoxReflectionCapture.uasset" 3
"../../../Engine/Content/EditorResources/S_BoxReflectionCapture.uexp" 4
"../../../Engine/Content/EngineResources/DefaultTextureCube.uasset" 5
"../../../Engine/Content/EngineResources/DefaultTextureCube.uexp" 6
"../../../Engine/Content/EngineResources/DefaultVolumeTexture2D.uasset" 7
"../../../Engine/Content/EngineResources/DefaultVolumeTexture2D.uexp" 8
"../../../Engine/Content/EngineResources/DefaultVolumeTexture.uasset" 9
"../../../Engine/Content/EngineResources/DefaultVolumeTexture.uexp" 10
"../../../Engine/Content/EditorResources/S_Trigger.ubulk" 11
"../../../Engine/Content/EditorResources/S_Trigger.uasset" 12
"../../../Engine/Content/EditorResources/S_Trigger.uexp" 13
"../../../Engine/Content/EditorResources/S_TriggerBox.uasset" 14
"../../../Engine/Content/EditorResources/S_TriggerBox.uexp" 15
"../../../Engine/Content/EditorResources/S_TriggerCapsule.uasset" 16
"../../../Engine/Content/EditorResources/S_TriggerCapsule.uexp" 17
"../../../Engine/Content/EditorResources/S_TriggerSphere.uasset" 18
"../../../Engine/Content/EditorResources/S_TriggerSphere.uexp" 19
"../../../Engine/Plugins/NNE/NNEDenoiser/Content/NNEDTOM_Output_Default.uasset" 20
"../../../Engine/Plugins/NNE/NNEDenoiser/Content/NNEDTOM_Output_Default.uexp" 21
"../../../Engine/Plugins/NNE/NNEDenoiser/Content/NNEDTOM_Output_Alpha.uasset" 22
"../../../Engine/Plugins/NNE/NNEDenoiser/Content/NNEDTOM_Output_Alpha.uexp" 23
"../../../Engine/Plugins/NNE/NNEDenoiser/Content/NNEDTIM_ColorAlbedoNormal_Default.uasset" 24
"../../../Engine/Plugins/NNE/NNEDenoiser/Content/NNEDTIM_ColorAlbedoNormal_Default.uexp" 25
"../../../Engine/Plugins/NNE/NNEDenoiser/Content/NNEDTIM_ColorAlbedoNormal_Alpha.uasset" 26
"../../../Engine/Plugins/NNE/NNEDenoiser/Content/NNEDTIM_ColorAlbedoNormal_Alpha.uexp" 27
"../../../Engine/Plugins/NNE/NNEDenoiser/Content/NNEDOM_Output_Default.uasset" 28
"../../../Engine/Plugins/NNE/NNEDenoiser/Content/NNEDOM_Output_Default.uexp" 29
"../../../Engine/Plugins/NNE/NNEDenoiser/Content/NNEDOM_Output_Alpha.uasset" 30
"../../../Engine/Plugins/NNE/NNEDenoiser/Content/NNEDOM_Output_Alpha.uexp" 31
"../../../Engine/Plugins/NNE/NNEDenoiser/Content/NNEDIM_HighQuality_Default.uasset" 32
"../../../Engine/Plugins/NNE/NNEDenoiser/Content/NNEDIM_HighQuality_Default.uexp" 33
"../../../Engine/Plugins/NNE/NNEDenoiser/Content/NNEDIM_HighQuality_Alpha.uasset" 34
"../../../Engine/Plugins/NNE/NNEDenoiser/Content/NNEDIM_HighQuality_Alpha.uexp" 35
"../../../Engine/Plugins/NNE/NNEDenoiser/Content/NNEDIM_ColorAlbedoNormal_Default.uasset" 36
"../../../Engine/Plugins/NNE/NNEDenoiser/Content/NNEDIM_ColorAlbedoNormal_Default.uexp" 37
"../../../Engine/Plugins/NNE/NNEDenoiser/Content/NNEDIM_ColorAlbedoNormal_Alpha.uasset" 38
"../../../Engine/Plugins/NNE/NNEDenoiser/Content/NNEDIM_ColorAlbedoNormal_Alpha.uexp" 39
"../../../Engine/Content/Functions/Engine_MaterialFunctions02/WorldPositionOffset/CameraOffset.uasset" 40
"../../../Engine/Content/Functions/Engine_MaterialFunctions02/WorldPositionOffset/CameraOffset.uexp" 41
"../../../Engine/Plugins/Animation/ControlRig/Content/M_Manip.uasset" 42
"../../../Engine/Plugins/Animation/ControlRig/Content/M_Manip.uexp" 43
"../../../Engine/Plugins/Animation/ACLPlugin/Content/ACLAnimCurveCompressionSettings.uasset" 44
"../../../Engine/Plugins/Animation/ACLPlugin/Content/ACLAnimCurveCompressionSettings.uexp" 45
"../../../Engine/Plugins/Animation/ACLPlugin/Content/ACLAnimBoneCompressionSettings.uasset" 46
"../../../Engine/Plugins/Animation/ACLPlugin/Content/ACLAnimBoneCompressionSettings.uexp" 47
"../../../Engine/Plugins/2D/Paper2D/Content/PlaceholderTextures/DummySpriteTexture.ubulk" 48
"../../../Engine/Plugins/2D/Paper2D/Content/PlaceholderTextures/DummySpriteTexture.uasset" 49
"../../../Engine/Plugins/2D/Paper2D/Content/PlaceholderTextures/DummySpriteTexture.uexp" 50
"../../../Engine/Plugins/2D/Paper2D/Content/DummySprite.uasset" 51
"../../../Engine/Plugins/2D/Paper2D/Content/DummySprite.uexp" 52
"../../../Engine/Plugins/2D/Paper2D/Content/DefaultPaperTerrainMaterial.uasset" 53
"../../../Engine/Plugins/2D/Paper2D/Content/DefaultPaperTerrainMaterial.uexp" 54
"../../../Engine/Plugins/Editor/SpeedTreeImporter/Content/SpeedTree9/game_wind_noise.ubulk" 55
"../../../Engine/Plugins/Editor/SpeedTreeImporter/Content/SpeedTree9/game_wind_noise.uasset" 56
"../../../Engine/Plugins/Editor/SpeedTreeImporter/Content/SpeedTree9/game_wind_noise.uexp" 57
"../../../Engine/Plugins/Editor/SpeedTreeImporter/Content/SpeedTree9/UnpackDirection.uasset" 58
"../../../Engine/Plugins/Editor/SpeedTreeImporter/Content/SpeedTree9/UnpackDirection.uexp" 59
"../../../Engine/Content/Functions/Engine_MaterialFunctions02/ObjectLocalBounds.uasset" 60
"../../../Engine/Content/Functions/Engine_MaterialFunctions02/ObjectLocalBounds.uexp" 61
"../../../Engine/Content/Functions/Engine_MaterialFunctions02/Utility/BreakOutFloat3Components.uasset" 62
"../../../Engine/Content/Functions/Engine_MaterialFunctions02/Utility/BreakOutFloat3Components.uexp" 63
"../../../Engine/Content/Functions/Engine_MaterialFunctions02/UVs/BoundingBoxBased_0-1_UVW.uasset" 64
"../../../Engine/Content/Functions/Engine_MaterialFunctions02/UVs/BoundingBoxBased_0-1_UVW.uexp" 65
"../../../Engine/Content/Functions/Engine_MaterialFunctions02/Utility/VectorLength.uasset" 66
"../../../Engine/Content/Functions/Engine_MaterialFunctions02/Utility/VectorLength.uexp" 67
"../../../Engine/Plugins/Editor/SpeedTreeImporter/Content/SpeedTree9/UnpackInteger3.uasset" 68
"../../../Engine/Plugins/Editor/SpeedTreeImporter/Content/SpeedTree9/UnpackInteger3.uexp" 69
"../../../Engine/Plugins/Editor/SpeedTreeImporter/Content/SpeedTree9/SpeedTreeCameraFacing.uasset" 70
"../../../Engine/Plugins/Editor/SpeedTreeImporter/Content/SpeedTree9/SpeedTreeCameraFacing.uexp" 71
"../../../Engine/Content/Functions/Engine_MaterialFunctions02/WorldPositionOffset/ObjectScale.uasset" 72
"../../../Engine/Content/Functions/Engine_MaterialFunctions02/WorldPositionOffset/ObjectScale.uexp" 73
"../../../Engine/Content/Functions/Engine_MaterialFunctions02/SafeNormalize.uasset" 74
"../../../Engine/Content/Functions/Engine_MaterialFunctions02/SafeNormalize.uexp" 75
"../../../Engine/Plugins/Editor/SpeedTreeImporter/Content/SpeedTree9/SpeedTreeWindMotion.uasset" 76
"../../../Engine/Plugins/Editor/SpeedTreeImporter/Content/SpeedTree9/SpeedTreeWindMotion.uexp" 77
"../../../Engine/Plugins/Editor/SpeedTreeImporter/Content/SpeedTree9/SpeedTreeBranchMotion.uasset" 78
"../../../Engine/Plugins/Editor/SpeedTreeImporter/Content/SpeedTree9/SpeedTreeBranchMotion.uexp" 79
"../../../Engine/Plugins/Editor/SpeedTreeImporter/Content/SpeedTree9/SpeedTreeWind.uasset" 80
"../../../Engine/Plugins/Editor/SpeedTreeImporter/Content/SpeedTree9/SpeedTreeWind.uexp" 81
"../../../Engine/Plugins/Editor/SpeedTreeImporter/Content/SpeedTree9/EmptyNormal.uasset" 82
"../../../Engine/Plugins/Editor/SpeedTreeImporter/Content/SpeedTree9/EmptyNormal.uexp" 83
"../../../Engine/Plugins/Editor/SpeedTreeImporter/Content/SpeedTree9/Empty.uasset" 84
"../../../Engine/Plugins/Editor/SpeedTreeImporter/Content/SpeedTree9/Empty.uexp" 85
"../../../Engine/Plugins/Editor/SpeedTreeImporter/Content/SpeedTree9/SpeedTreeMaster.uasset" 86
"../../../Engine/Plugins/Editor/SpeedTreeImporter/Content/SpeedTree9/SpeedTreeMaster.uexp" 87
"../../../Engine/Plugins/Editor/SpeedTreeImporter/Content/SpeedTree9/SpeedTreeBillboard.uasset" 88
"../../../Engine/Plugins/Editor/SpeedTreeImporter/Content/SpeedTree9/SpeedTreeBillboard.uexp" 89
"../../../Engine/Plugins/Editor/SpeedTreeImporter/Content/SpeedTree9/SpeedTreeBillboardMaster.uasset" 90
"../../../Engine/Plugins/Editor/SpeedTreeImporter/Content/SpeedTree9/SpeedTreeBillboardMaster.uexp" 91
"../../../Engine/Plugins/Animation/ControlRig/Content/Controls/DefaultGizmoLibraryNormalized.uasset" 92
"../../../Engine/Plugins/Animation/ControlRig/Content/Controls/DefaultGizmoLibraryNormalized.uexp" 93
"../../../Engine/Plugins/Animation/ControlRig/Content/Controls/ControlRigXRayMaterial.uasset" 94
"../../../Engine/Plugins/Animation/ControlRig/Content/Controls/ControlRigXRayMaterial.uexp" 95
"../../../Engine/Plugins/Animation/ControlRig/Content/Controls/ControlRigGizmoMaterial.uasset" 96
"../../../Engine/Plugins/Animation/ControlRig/Content/Controls/ControlRigGizmoMaterial.uexp" 97
"../../../Engine/Content/EngineSounds/Master.uasset" 98
"../../../Engine/Content/EngineSounds/Master.uexp" 99
"../../../Engine/Content/EngineResources/GradientTexture0.uasset" 100
"../../../Engine/Content/EngineResources/GradientTexture0.uexp" 101
"../../../Engine/Content/EngineResources/Black.uasset" 102
"../../../Engine/Content/EngineResources/Black.uexp" 103
"../../../Engine/Content/EngineMaterials/WeightMapPlaceholderTexture.uasset" 104
"../../../Engine/Content/EngineMaterials/WeightMapPlaceholderTexture.uexp" 105
"../../../Engine/Content/EngineMaterials/WeightMapArrayPlaceholderTexture.uasset" 106
"../../../Engine/Content/EngineMaterials/WeightMapArrayPlaceholderTexture.uexp" 107
"../../../Engine/Content/EngineMaterials/RemoveSurfaceMaterial.uasset" 108
"../../../Engine/Content/EngineMaterials/RemoveSurfaceMaterial.uexp" 109
"../../../Engine/Content/EngineMaterials/PreintegratedSkinBRDF.uasset" 110
"../../../Engine/Content/EngineMaterials/PreintegratedSkinBRDF.uexp" 111
"../../../Engine/Content/EngineMaterials/DefaultCalibrationGrayscale.uasset" 112
"../../../Engine/Content/EngineMaterials/DefaultCalibrationGrayscale.uexp" 113
"../../../Engine/Content/EngineMaterials/PPM_DefaultCalibrationGrayscale.uasset" 114
"../../../Engine/Content/EngineMaterials/PPM_DefaultCalibrationGrayscale.uexp" 115
"../../../Engine/Content/EngineMaterials/DefaultCalibrationColor.uasset" 116
"../../../Engine/Content/EngineMaterials/DefaultCalibrationColor.uexp" 117
"../../../Engine/Content/EngineMaterials/PPM_DefaultCalibrationColor.uasset" 118
"../../../Engine/Content/EngineMaterials/PPM_DefaultCalibrationColor.uexp" 119
"../../../Engine/Content/EngineMaterials/PhAT_JointLimitMaterial.uasset" 120
"../../../Engine/Content/EngineMaterials/PhAT_JointLimitMaterial.uexp" 121
"../../../Engine/Content/EngineMaterials/NaniteHiddenSectionMaterial.uasset" 122
"../../../Engine/Content/EngineMaterials/NaniteHiddenSectionMaterial.uexp" 123
"../../../Engine/Content/EngineMaterials/InvalidLightmapSettings.ubulk" 124
"../../../Engine/Content/EngineMaterials/InvalidLightmapSettings.uasset" 125
"../../../Engine/Content/EngineMaterials/InvalidLightmapSettings.uexp" 126
"../../../Engine/Content/EngineMaterials/M_InvalidLightmapSettings.uasset" 127
"../../../Engine/Content/EngineMaterials/M_InvalidLightmapSettings.uexp" 128
"../../../Engine/Content/EngineMaterials/MiniFont.uasset" 129
"../../../Engine/Content/EngineMaterials/MiniFont.uexp" 130
"../../../Engine/Content/EngineMaterials/GizmoMaterial.uasset" 131
"../../../Engine/Content/EngineMaterials/GizmoMaterial.uexp" 132
"../../../Engine/Content/EngineMaterials/BaseFlattenEmissiveMap_VT.uasset" 133
"../../../Engine/Content/EngineMaterials/BaseFlattenEmissiveMap_VT.uexp" 134
"../../../Engine/Content/EngineMaterials/BaseFlattenGrayscaleMap_VT.uasset" 135
"../../../Engine/Content/EngineMaterials/BaseFlattenGrayscaleMap_VT.uexp" 136
"../../../Engine/Content/EngineMaterials/BaseFlattenLinearColor_VT.uasset" 137
"../../../Engine/Content/EngineMaterials/BaseFlattenLinearColor_VT.uexp" 138
"../../../Engine/Content/EngineMaterials/Black_1x1_EXR_Texture_VT.uasset" 139
"../../../Engine/Content/EngineMaterials/Black_1x1_EXR_Texture_VT.uexp" 140
"../../../Engine/Content/EngineMaterials/BaseFlattenDiffuseMap_VT.uasset" 141
"../../../Engine/Content/EngineMaterials/BaseFlattenDiffuseMap_VT.uexp" 142
"../../../Engine/Content/EngineMaterials/BaseFlattenNormalMap_VT.uasset" 143
"../../../Engine/Content/EngineMaterials/BaseFlattenNormalMap_VT.uexp" 144
"../../../Engine/Content/EngineMaterials/FlattenMaterial_WS_Normal_VT.uasset" 145
"../../../Engine/Content/EngineMaterials/FlattenMaterial_WS_Normal_VT.uexp" 146
"../../../Engine/Content/EngineMaterials/FlattenMaterial_VT.uasset" 147
"../../../Engine/Content/EngineMaterials/FlattenMaterial_VT.uexp" 148
"../../../Engine/Content/EngineMaterials/BaseFlattenNormalMap.uasset" 149
"../../../Engine/Content/EngineMaterials/BaseFlattenNormalMap.uexp" 150
"../../../Engine/Content/EngineMaterials/BaseFlattenGrayscaleMap.uasset" 151
"../../../Engine/Content/EngineMaterials/BaseFlattenGrayscaleMap.uexp" 152
"../../../Engine/Content/EngineMaterials/BaseFlattenDiffuseMap.uasset" 153
"../../../Engine/Content/EngineMaterials/BaseFlattenDiffuseMap.uexp" 154
"../../../Engine/Content/Functions/Engine_MaterialFunctions02/PivotPainter2/Black_1x1_EXR_Texture.uasset" 155
"../../../Engine/Content/Functions/Engine_MaterialFunctions02/PivotPainter2/Black_1x1_EXR_Texture.uexp" 156
"../../../Engine/Content/EngineMaterials/BaseFlattenEmissiveMap.uasset" 157
"../../../Engine/Content/EngineMaterials/BaseFlattenEmissiveMap.uexp" 158
"../../../Engine/Content/EngineMaterials/BaseFlattenLinearColor.uasset" 159
"../../../Engine/Content/EngineMaterials/BaseFlattenLinearColor.uexp" 160
"../../../Engine/Content/EngineMaterials/FlattenMaterial.uasset" 161
"../../../Engine/Content/EngineMaterials/FlattenMaterial.uexp" 162
"../../../Engine/Content/EngineMaterials/FastBlueNoise_vec2_128x128x64.uasset" 163
"../../../Engine/Content/EngineMaterials/FastBlueNoise_vec2_128x128x64.uexp" 164
"../../../Engine/Content/EngineMaterials/FastBlueNoise_scalar_128x128x64.uasset" 165
"../../../Engine/Content/EngineMaterials/FastBlueNoise_scalar_128x128x64.uexp" 166
"../../../Engine/Content/EngineMaterials/DefaultWhiteGrid_Low.uasset" 167
"../../../Engine/Content/EngineMaterials/DefaultWhiteGrid_Low.uexp" 168
"../../../Engine/Content/EngineMaterials/EmissiveMeshMaterial.uasset" 169
"../../../Engine/Content/EngineMaterials/EmissiveMeshMaterial.uexp" 170
"../../../Engine/Content/EngineMaterials/DefaultWhiteGrid.ubulk" 171
"../../../Engine/Content/EngineMaterials/DefaultWhiteGrid.uasset" 172
"../../../Engine/Content/EngineMaterials/DefaultWhiteGrid.uexp" 173
"../../../Engine/Content/EngineFonts/RobotoDistanceField.uasset" 174
"../../../Engine/Content/EngineFonts/RobotoDistanceField.uexp" 175
"../../../Engine/Content/EngineMaterials/DefaultTextMaterialOpaque.uasset" 176
"../../../Engine/Content/EngineMaterials/DefaultTextMaterialOpaque.uexp" 177
"../../../Engine/Content/EngineMaterials/DefaultDiffuse.ubulk" 178
"../../../Engine/Content/EngineMaterials/DefaultDiffuse.uasset" 179
"../../../Engine/Content/EngineMaterials/DefaultDiffuse.uexp" 180
"../../../Engine/Content/Functions/Engine_MaterialFunctions02/Utility/BreakOutFloat2Components.uasset" 181
"../../../Engine/Content/Functions/Engine_MaterialFunctions02/Utility/BreakOutFloat2Components.uexp" 182
"../../../Engine/Content/EngineMaterials/DefaultPostProcessMaterial.uasset" 183
"../../../Engine/Content/EngineMaterials/DefaultPostProcessMaterial.uexp" 184
"../../../Engine/Content/EngineMaterials/DefaultLightFunctionMaterial.uasset" 185
"../../../Engine/Content/EngineMaterials/DefaultLightFunctionMaterial.uexp" 186
"../../../Engine/Content/EngineMaterials/DefaultDestructiblePhysicalMaterial.uasset" 187
"../../../Engine/Content/EngineMaterials/DefaultDestructiblePhysicalMaterial.uexp" 188
"../../../Engine/Content/EngineMaterials/DefaultDeferredDecalMaterial.uasset" 189
"../../../Engine/Content/EngineMaterials/DefaultDeferredDecalMaterial.uexp" 190
"../../../Engine/Content/EngineMaterials/DefaultBokeh.uasset" 191
"../../../Engine/Content/EngineMaterials/DefaultBokeh.uexp" 192
"../../../Engine/Content/EngineMaterials/DefaultBloomKernel.uasset" 193
"../../../Engine/Content/EngineMaterials/DefaultBloomKernel.uexp" 194
"../../../Engine/Content/EngineFonts/Faces/RobotoLight.uexp" 195
"../../../Engine/Content/EngineFonts/Faces/RobotoLight.uasset" 196
"../../../Engine/Content/EngineFonts/Faces/RobotoLight.ufont" 197
"../../../Engine/Content/EngineFonts/Faces/RobotoBold.uexp" 198
"../../../Engine/Content/EngineFonts/Faces/RobotoBold.uasset" 199
"../../../Engine/Content/EngineFonts/Faces/RobotoBold.ufont" 200
"../../../Engine/Content/EngineFonts/Faces/RobotoRegular.uexp" 201
"../../../Engine/Content/EngineFonts/Faces/RobotoRegular.uasset" 202
"../../../Engine/Content/EngineFonts/Faces/RobotoRegular.ufont" 203
"../../../Engine/Content/EngineFonts/Faces/DroidSansFallback.uexp" 204
"../../../Engine/Content/EngineFonts/Faces/DroidSansFallback.uasset" 205
"../../../Engine/Content/EngineFonts/Faces/DroidSansFallback.ufont" 206
"../../../Engine/Content/EngineFonts/Faces/RobotoItalic.uexp" 207
"../../../Engine/Content/EngineFonts/Faces/RobotoItalic.uasset" 208
"../../../Engine/Content/EngineFonts/Faces/RobotoItalic.ufont" 209
"../../../Engine/Content/EngineFonts/Faces/RobotoBoldItalic.uexp" 210
"../../../Engine/Content/EngineFonts/Faces/RobotoBoldItalic.uasset" 211
"../../../Engine/Content/EngineFonts/Faces/RobotoBoldItalic.ufont" 212
"../../../Engine/Content/EngineFonts/Roboto.uasset" 213
"../../../Engine/Content/EngineFonts/Roboto.uexp" 214
"../../../Engine/Content/Functions/Engine_MaterialFunctions02/Utility/CameraDirectionVector.uasset" 215
"../../../Engine/Content/Functions/Engine_MaterialFunctions02/Utility/CameraDirectionVector.uexp" 216
"../../../Engine/Content/EngineDebugMaterials/VolumeToRender.uasset" 217
"../../../Engine/Content/EngineDebugMaterials/VolumeToRender.uexp" 218
"../../../Engine/Content/EngineDebugMaterials/M_VolumeRenderSphereTracePP.uasset" 219
"../../../Engine/Content/EngineDebugMaterials/M_VolumeRenderSphereTracePP.uexp" 220
"../../../Engine/Content/EngineDebugMaterials/M_SimpleUnlitTranslucent.uasset" 221
"../../../Engine/Content/EngineDebugMaterials/M_SimpleUnlitTranslucent.uexp" 222
"../../../Engine/Content/EngineDebugMaterials/DebugMeshMaterial.uasset" 223
"../../../Engine/Content/EngineDebugMaterials/DebugMeshMaterial.uexp" 224
"../../../Engine/Content/EngineDebugMaterials/DebugEditorMaterial.uasset" 225
"../../../Engine/Content/EngineDebugMaterials/DebugEditorMaterial.uexp" 226
"../../../Engine/Content/EngineDamageTypes/DmgTypeBP_Environmental.uasset" 227
"../../../Engine/Content/EngineDamageTypes/DmgTypeBP_Environmental.uexp" 228
"../../../Engine/Content/EditorResources/S_Terrain.ubulk" 229
"../../../Engine/Content/EditorResources/S_Terrain.uasset" 230
"../../../Engine/Content/EditorResources/S_Terrain.uexp" 231
"../../../Engine/Content/EditorResources/S_Solver.ubulk" 232
"../../../Engine/Content/EditorResources/S_Solver.uasset" 233
"../../../Engine/Content/EditorResources/S_Solver.uexp" 234
"../../../Engine/Content/EditorResources/EmptyActor.uasset" 235
"../../../Engine/Content/EditorResources/EmptyActor.uexp" 236
"../../../Engine/Content/EditorResources/BSPVertex.uasset" 237
"../../../Engine/Content/EditorResources/BSPVertex.uexp" 238
"../../../Engine/Content/EditorMaterials/PreviewShadowIndicator.ubulk" 239
"../../../Engine/Content/EditorMaterials/PreviewShadowIndicator.uasset" 240
"../../../Engine/Content/EditorMaterials/PreviewShadowIndicator.uexp" 241
"../../../Engine/Content/EditorMaterials/PreviewShadowIndicatorMaterial.uasset" 242
"../../../Engine/Content/EditorMaterials/PreviewShadowIndicatorMaterial.uexp" 243
"../../../Engine/Content/EditorMaterials/PhAT_UnselectedMaterial.uasset" 244
"../../../Engine/Content/EditorMaterials/PhAT_UnselectedMaterial.uexp" 245
"../../../Engine/Content/EditorMaterials/PhAT_NoCollisionMaterial.uasset" 246
"../../../Engine/Content/EditorMaterials/PhAT_NoCollisionMaterial.uexp" 247
"../../../Engine/Content/EditorLandscapeResources/DefaultAlphaTexture.uasset" 248
"../../../Engine/Content/EditorLandscapeResources/DefaultAlphaTexture.uexp" 249
"../../../Engine/Content/BasicShapes/BasicShapeMaterial.uasset" 250
"../../../Engine/Content/BasicShapes/BasicShapeMaterial.uexp" 251
"../../../Engine/Plugins/Runtime/MeshModelingToolset/Content/Materials/M_DynamicMeshComponentVtxColor.uasset" 252
"../../../Engine/Plugins/Runtime/MeshModelingToolset/Content/Materials/M_DynamicMeshComponentVtxColor.uexp" 253
"../../../Engine/Plugins/Runtime/HairStrands/Content/Materials/HairMeshesDefaultMaterial.uasset" 254
"../../../Engine/Plugins/Runtime/HairStrands/Content/Materials/HairMeshesDefaultMaterial.uexp" 255
"../../../Engine/Plugins/Runtime/HairStrands/Content/Materials/HairDefaultMaterial.uasset" 256
"../../../Engine/Plugins/Runtime/HairStrands/Content/Materials/HairDefaultMaterial.uexp" 257
"../../../Engine/Plugins/Runtime/HairStrands/Content/Materials/HairGroupColors.uasset" 258
"../../../Engine/Plugins/Runtime/HairStrands/Content/Materials/HairGroupColors.uexp" 259
"../../../Engine/Content/Functions/Engine_MaterialFunctions02/Utility/MakeFloat2.uasset" 260
"../../../Engine/Content/Functions/Engine_MaterialFunctions02/Utility/MakeFloat2.uexp" 261
"../../../Engine/Content/Functions/Engine_MaterialFunctions02/Utility/MakeFloat3.uasset" 262
"../../../Engine/Content/Functions/Engine_MaterialFunctions02/Utility/MakeFloat3.uexp" 263
"../../../Engine/Content/EngineMaterials/HairColorMap.uasset" 264
"../../../Engine/Content/EngineMaterials/HairColorMap.uexp" 265
"../../../Engine/Content/EngineMaterials/HairDebugColor.uasset" 266
"../../../Engine/Content/EngineMaterials/HairDebugColor.uexp" 267
"../../../Engine/Plugins/Runtime/HairStrands/Content/Materials/HairDebugMaterial.uasset" 268
"../../../Engine/Plugins/Runtime/HairStrands/Content/Materials/HairDebugMaterial.uexp" 269
"../../../Engine/Plugins/Runtime/HairStrands/Content/Materials/HairCardsDefaultMaterial.uasset" 270
"../../../Engine/Plugins/Runtime/HairStrands/Content/Materials/HairCardsDefaultMaterial.uexp" 271
"../../../Engine/Plugins/Runtime/AudioWidgets/Content/Resources/ScrubHandleDown_Clamped.uasset" 272
"../../../Engine/Plugins/Runtime/AudioWidgets/Content/Resources/ScrubHandleDown_Clamped.uexp" 273
"../../../Engine/Plugins/Interchange/Runtime/Content/Pipelines/DefaultTexturePipeline.uasset" 274
"../../../Engine/Plugins/Interchange/Runtime/Content/Pipelines/DefaultTexturePipeline.uexp" 275
"../../../Engine/Plugins/Interchange/Runtime/Content/Pipelines/DefaultSceneLevelPipeline.uasset" 276
"../../../Engine/Plugins/Interchange/Runtime/Content/Pipelines/DefaultSceneLevelPipeline.uexp" 277
"../../../Engine/Plugins/Interchange/Runtime/Content/Pipelines/DefaultSceneAssetsPipeline.uasset" 278
"../../../Engine/Plugins/Interchange/Runtime/Content/Pipelines/DefaultSceneAssetsPipeline.uexp" 279
"../../../Engine/Plugins/Interchange/Runtime/Content/Pipelines/DefaultMaterialXPipeline.uasset" 280
"../../../Engine/Plugins/Interchange/Runtime/Content/Pipelines/DefaultMaterialXPipeline.uexp" 281
"../../../Engine/Plugins/Interchange/Runtime/Content/Pipelines/DefaultMaterialPipeline.uasset" 282
"../../../Engine/Plugins/Interchange/Runtime/Content/Pipelines/DefaultMaterialPipeline.uexp" 283
"../../../Engine/Plugins/Interchange/Runtime/Content/Pipelines/DefaultGLTFSceneAssetsPipeline.uasset" 284
"../../../Engine/Plugins/Interchange/Runtime/Content/Pipelines/DefaultGLTFSceneAssetsPipeline.uexp" 285
"../../../Engine/Plugins/Interchange/Runtime/Content/Pipelines/DefaultGLTFPipeline.uasset" 286
"../../../Engine/Plugins/Interchange/Runtime/Content/Pipelines/DefaultGLTFPipeline.uexp" 287
"../../../Engine/Plugins/Interchange/Runtime/Content/Pipelines/DefaultGLTFAssetsPipeline.uasset" 288
"../../../Engine/Plugins/Interchange/Runtime/Content/Pipelines/DefaultGLTFAssetsPipeline.uexp" 289
"../../../Engine/Plugins/Interchange/Runtime/Content/Pipelines/DefaultAssetsPipeline.uasset" 290
"../../../Engine/Plugins/Interchange/Runtime/Content/Pipelines/DefaultAssetsPipeline.uexp" 291
"../../../Engine/Plugins/Interchange/Assets/Content/Functions/MX_UsdPreviewSurface.uasset" 292
"../../../Engine/Plugins/Interchange/Assets/Content/Functions/MX_UsdPreviewSurface.uexp" 293
"../../../Engine/Plugins/Interchange/Assets/Content/Functions/MX_UniformEDF.uasset" 294
"../../../Engine/Plugins/Interchange/Assets/Content/Functions/MX_UniformEDF.uexp" 295
"../../../Engine/Plugins/Interchange/Assets/Content/Functions/MX_TranslucentBSDF.uasset" 296
"../../../Engine/Plugins/Interchange/Assets/Content/Functions/MX_TranslucentBSDF.uexp" 297
"../../../Engine/Plugins/Interchange/Assets/Content/Functions/MX_ThinFilmBSDF.uasset" 298
"../../../Engine/Plugins/Interchange/Assets/Content/Functions/MX_ThinFilmBSDF.uexp" 299
"../../../Engine/Plugins/Interchange/Assets/Content/Functions/MX_SurfaceUnlit.uasset" 300
"../../../Engine/Plugins/Interchange/Assets/Content/Functions/MX_SurfaceUnlit.uexp" 301
"../../../Engine/Plugins/Interchange/Assets/Content/Functions/MX_Surface.uasset" 302
"../../../Engine/Plugins/Interchange/Assets/Content/Functions/MX_Surface.uexp" 303
"../../../Engine/Plugins/Interchange/Assets/Content/Functions/MX_SubsurfaceBSDF.uasset" 304
"../../../Engine/Plugins/Interchange/Assets/Content/Functions/MX_SubsurfaceBSDF.uexp" 305
"../../../Engine/Plugins/Interchange/Assets/Content/Functions/MX_SheenBSDF.uasset" 306
"../../../Engine/Plugins/Interchange/Assets/Content/Functions/MX_SheenBSDF.uexp" 307
"../../../Engine/Plugins/Interchange/Assets/Content/Functions/MX_OrenNayarBSDF.uasset" 308
"../../../Engine/Plugins/Interchange/Assets/Content/Functions/MX_OrenNayarBSDF.uexp" 309
"../../../Engine/Plugins/Interchange/Assets/Content/Utilities/New_LUT.uasset" 310
"../../../Engine/Plugins/Interchange/Assets/Content/Utilities/New_LUT.uexp" 311
"../../../Engine/Content/Functions/Engine_MaterialFunctions03/Math/RemapValueRange.uasset" 312
"../../../Engine/Content/Functions/Engine_MaterialFunctions03/Math/RemapValueRange.uexp" 313
"../../../Engine/Plugins/Interchange/Assets/Content/Functions/MF_Iridescence.uasset" 314
"../../../Engine/Plugins/Interchange/Assets/Content/Functions/MF_Iridescence.uexp" 315
"../../../Engine/Plugins/Interchange/Assets/Content/Functions/MX_StandardSurface.uasset" 316
"../../../Engine/Plugins/Interchange/Assets/Content/Functions/MX_StandardSurface.uexp" 317
"../../../Engine/Plugins/Interchange/Assets/Content/Functions/MX_TransmissionSurface.uasset" 318
"../../../Engine/Plugins/Interchange/Assets/Content/Functions/MX_TransmissionSurface.uexp" 319
"../../../Engine/Plugins/Interchange/Assets/Content/Functions/MX_OpenPBR_Translucent.uasset" 320
"../../../Engine/Plugins/Interchange/Assets/Content/Functions/MX_OpenPBR_Translucent.uexp" 321
"../../../Engine/Plugins/Interchange/Assets/Content/Functions/MX_OpenPBR_Opaque.uasset" 322
"../../../Engine/Plugins/Interchange/Assets/Content/Functions/MX_OpenPBR_Opaque.uexp" 323
"../../../Engine/Plugins/Interchange/Assets/Content/Functions/MX_MeasuredEDF.uasset" 324
"../../../Engine/Plugins/Interchange/Assets/Content/Functions/MX_MeasuredEDF.uexp" 325
"../../../Engine/Plugins/Interchange/Assets/Content/Functions/MX_GeneralizedSchlickBSDF.uasset" 326
"../../../Engine/Plugins/Interchange/Assets/Content/Functions/MX_GeneralizedSchlickBSDF.uexp" 327
"../../../Engine/Plugins/Interchange/Assets/Content/Functions/MX_DielectricBSDF.uasset" 328
"../../../Engine/Plugins/Interchange/Assets/Content/Functions/MX_DielectricBSDF.uexp" 329
"../../../Engine/Plugins/Interchange/Assets/Content/Functions/MX_ConicalEDF.uasset" 330
"../../../Engine/Plugins/Interchange/Assets/Content/Functions/MX_ConicalEDF.uexp" 331
"../../../Engine/Plugins/Interchange/Assets/Content/Functions/MX_ConductorBSDF.uasset" 332
"../../../Engine/Plugins/Interchange/Assets/Content/Functions/MX_ConductorBSDF.uexp" 333
"../../../Engine/Plugins/Interchange/Assets/Content/Functions/MX_BurleyDiffuseBSDF.uasset" 334
"../../../Engine/Plugins/Interchange/Assets/Content/Functions/MX_BurleyDiffuseBSDF.uexp" 335
"../../../Engine/Plugins/Interchange/Assets/Content/Functions/MX_AnisotropicVDF.uasset" 336
"../../../Engine/Plugins/Interchange/Assets/Content/Functions/MX_AnisotropicVDF.uexp" 337
"../../../Engine/Plugins/Interchange/Assets/Content/Functions/MX_AbsorptionVDF.uasset" 338
"../../../Engine/Plugins/Interchange/Assets/Content/Functions/MX_AbsorptionVDF.uexp" 339
"C:/Users/jhona/OneDrive/Documentos/GitHub/MotoresComerciales1-2025/MotoresComerciales/Content/Wood_Monster/DemoContent/Mannequins/Rigs/PA_Wood_monster.uasset" 340
"C:/Users/jhona/OneDrive/Documentos/GitHub/MotoresComerciales1-2025/MotoresComerciales/Content/Wood_Monster/DemoContent/Mannequins/Rigs/PA_Wood_monster.uexp" 341
"C:/Users/jhona/OneDrive/Documentos/GitHub/MotoresComerciales1-2025/MotoresComerciales/Content/Wood_Monster/CharacterParts/Textures/T_wood_basebody_ORM.ubulk" 342
"C:/Users/jhona/OneDrive/Documentos/GitHub/MotoresComerciales1-2025/MotoresComerciales/Content/Wood_Monster/CharacterParts/Textures/T_wood_basebody_ORM.uasset" 343
"C:/Users/jhona/OneDrive/Documentos/GitHub/MotoresComerciales1-2025/MotoresComerciales/Content/Wood_Monster/CharacterParts/Textures/T_wood_basebody_ORM.uexp" 344
"C:/Users/jhona/OneDrive/Documentos/GitHub/MotoresComerciales1-2025/MotoresComerciales/Content/Wood_Monster/Base/Textures/Demotextures/T_RGBA_Mask_NoTint.uasset" 345
"C:/Users/jhona/OneDrive/Documentos/GitHub/MotoresComerciales1-2025/MotoresComerciales/Content/Wood_Monster/Base/Textures/Demotextures/T_RGBA_Mask_NoTint.uexp" 346
"C:/Users/jhona/OneDrive/Documentos/GitHub/MotoresComerciales1-2025/MotoresComerciales/Content/Wood_Monster/Base/Materials/MaterialFunctions/MF_RGBA_Tint.uasset" 347
"C:/Users/jhona/OneDrive/Documentos/GitHub/MotoresComerciales1-2025/MotoresComerciales/Content/Wood_Monster/Base/Materials/MaterialFunctions/MF_RGBA_Tint.uexp" 348
"C:/Users/jhona/OneDrive/Documentos/GitHub/MotoresComerciales1-2025/MotoresComerciales/Content/Wood_Monster/CharacterParts/Textures/T_wood_basebody_D.ubulk" 349
"C:/Users/jhona/OneDrive/Documentos/GitHub/MotoresComerciales1-2025/MotoresComerciales/Content/Wood_Monster/CharacterParts/Textures/T_wood_basebody_D.uasset" 350
"C:/Users/jhona/OneDrive/Documentos/GitHub/MotoresComerciales1-2025/MotoresComerciales/Content/Wood_Monster/CharacterParts/Textures/T_wood_basebody_D.uexp" 351
"../../../Engine/Content/Functions/Engine_MaterialFunctions02/Texturing/CustomRotator.uasset" 352
"../../../Engine/Content/Functions/Engine_MaterialFunctions02/Texturing/CustomRotator.uexp" 353
"../../../Engine/Content/EngineResources/WhiteSquareTexture.uasset" 354
"../../../Engine/Content/EngineResources/WhiteSquareTexture.uexp" 355
"../../../Engine/Content/EngineMaterials/FlatNormal.uasset" 356
"../../../Engine/Content/EngineMaterials/FlatNormal.uexp" 357
"../../../Engine/Content/Functions/Engine_MaterialFunctions01/Texturing/ScaleUVsByCenter.uasset" 358
"../../../Engine/Content/Functions/Engine_MaterialFunctions01/Texturing/ScaleUVsByCenter.uexp" 359
"C:/Users/jhona/OneDrive/Documentos/GitHub/MotoresComerciales1-2025/MotoresComerciales/Content/Wood_Monster/Base/Textures/Logo/T_polyphoria_logo.ubulk" 360
"C:/Users/jhona/OneDrive/Documentos/GitHub/MotoresComerciales1-2025/MotoresComerciales/Content/Wood_Monster/Base/Textures/Logo/T_polyphoria_logo.uasset" 361
"C:/Users/jhona/OneDrive/Documentos/GitHub/MotoresComerciales1-2025/MotoresComerciales/Content/Wood_Monster/Base/Textures/Logo/T_polyphoria_logo.uexp" 362
"C:/Users/jhona/OneDrive/Documentos/GitHub/MotoresComerciales1-2025/MotoresComerciales/Content/Wood_Monster/Base/Materials/MaterialFunctions/MF_RGBA_PatternBlend.uasset" 363
"C:/Users/jhona/OneDrive/Documentos/GitHub/MotoresComerciales1-2025/MotoresComerciales/Content/Wood_Monster/Base/Materials/MaterialFunctions/MF_RGBA_PatternBlend.uexp" 364
"C:/Users/jhona/OneDrive/Documentos/GitHub/MotoresComerciales1-2025/MotoresComerciales/Content/Wood_Monster/Base/Materials/MaterialFunctions/MF_RGBA_Multiplier.uasset" 365
"C:/Users/jhona/OneDrive/Documentos/GitHub/MotoresComerciales1-2025/MotoresComerciales/Content/Wood_Monster/Base/Materials/MaterialFunctions/MF_RGBA_Multiplier.uexp" 366
"C:/Users/jhona/OneDrive/Documentos/GitHub/MotoresComerciales1-2025/MotoresComerciales/Content/Wood_Monster/CharacterParts/Textures/T_wood_basebody_N.ubulk" 367
"C:/Users/jhona/OneDrive/Documentos/GitHub/MotoresComerciales1-2025/MotoresComerciales/Content/Wood_Monster/CharacterParts/Textures/T_wood_basebody_N.uasset" 368
"C:/Users/jhona/OneDrive/Documentos/GitHub/MotoresComerciales1-2025/MotoresComerciales/Content/Wood_Monster/CharacterParts/Textures/T_wood_basebody_N.uexp" 369
"C:/Users/jhona/OneDrive/Documentos/GitHub/MotoresComerciales1-2025/MotoresComerciales/Content/Wood_Monster/Base/Materials/M_Base.uasset" 370
"C:/Users/jhona/OneDrive/Documentos/GitHub/MotoresComerciales1-2025/MotoresComerciales/Content/Wood_Monster/Base/Materials/M_Base.uexp" 371
"C:/Users/jhona/OneDrive/Documentos/GitHub/MotoresComerciales1-2025/MotoresComerciales/Content/Wood_Monster/CharacterParts/Textures/T_leaves_03_ORM.ubulk" 372
"C:/Users/jhona/OneDrive/Documentos/GitHub/MotoresComerciales1-2025/MotoresComerciales/Content/Wood_Monster/CharacterParts/Textures/T_leaves_03_ORM.uasset" 373
"C:/Users/jhona/OneDrive/Documentos/GitHub/MotoresComerciales1-2025/MotoresComerciales/Content/Wood_Monster/CharacterParts/Textures/T_leaves_03_ORM.uexp" 374
"C:/Users/jhona/OneDrive/Documentos/GitHub/MotoresComerciales1-2025/MotoresComerciales/Content/Wood_Monster/CharacterParts/Textures/T_leaves_03_D.ubulk" 375
"C:/Users/jhona/OneDrive/Documentos/GitHub/MotoresComerciales1-2025/MotoresComerciales/Content/Wood_Monster/CharacterParts/Textures/T_leaves_03_D.uasset" 376
"C:/Users/jhona/OneDrive/Documentos/GitHub/MotoresComerciales1-2025/MotoresComerciales/Content/Wood_Monster/CharacterParts/Textures/T_leaves_03_D.uexp" 377
"C:/Users/jhona/OneDrive/Documentos/GitHub/MotoresComerciales1-2025/MotoresComerciales/Content/Wood_Monster/CharacterParts/Textures/T_leaves_03_N.ubulk" 378
"C:/Users/jhona/OneDrive/Documentos/GitHub/MotoresComerciales1-2025/MotoresComerciales/Content/Wood_Monster/CharacterParts/Textures/T_leaves_03_N.uasset" 379
"C:/Users/jhona/OneDrive/Documentos/GitHub/MotoresComerciales1-2025/MotoresComerciales/Content/Wood_Monster/CharacterParts/Textures/T_leaves_03_N.uexp" 380
"C:/Users/jhona/OneDrive/Documentos/GitHub/MotoresComerciales1-2025/MotoresComerciales/Content/Wood_Monster/CharacterParts/Textures/T_leaves_03_ID.ubulk" 381
"C:/Users/jhona/OneDrive/Documentos/GitHub/MotoresComerciales1-2025/MotoresComerciales/Content/Wood_Monster/CharacterParts/Textures/T_leaves_03_ID.uasset" 382
"C:/Users/jhona/OneDrive/Documentos/GitHub/MotoresComerciales1-2025/MotoresComerciales/Content/Wood_Monster/CharacterParts/Textures/T_leaves_03_ID.uexp" 383
"C:/Users/jhona/OneDrive/Documentos/GitHub/MotoresComerciales1-2025/MotoresComerciales/Content/Wood_Monster/CharacterParts/Materials/MI_leaves_red.uasset" 384
"C:/Users/jhona/OneDrive/Documentos/GitHub/MotoresComerciales1-2025/MotoresComerciales/Content/Wood_Monster/CharacterParts/Materials/MI_leaves_red.uexp" 385
"C:/Users/jhona/OneDrive/Documentos/GitHub/MotoresComerciales1-2025/MotoresComerciales/Content/Wood_Monster/CharacterParts/Textures/T_wood_basebody_ID.ubulk" 386
"C:/Users/jhona/OneDrive/Documentos/GitHub/MotoresComerciales1-2025/MotoresComerciales/Content/Wood_Monster/CharacterParts/Textures/T_wood_basebody_ID.uasset" 387
"C:/Users/jhona/OneDrive/Documentos/GitHub/MotoresComerciales1-2025/MotoresComerciales/Content/Wood_Monster/CharacterParts/Textures/T_wood_basebody_ID.uexp" 388
"../../../Engine/Content/EngineMaterials/DefaultDiffuse_TC_Masks.ubulk" 389
"../../../Engine/Content/EngineMaterials/DefaultDiffuse_TC_Masks.uasset" 390
"../../../Engine/Content/EngineMaterials/DefaultDiffuse_TC_Masks.uexp" 391
"../../../Engine/Content/EngineMaterials/DefaultNormal.ubulk" 392
"../../../Engine/Content/EngineMaterials/DefaultNormal.uasset" 393
"../../../Engine/Content/EngineMaterials/DefaultNormal.uexp" 394
"C:/Users/jhona/OneDrive/Documentos/GitHub/MotoresComerciales1-2025/MotoresComerciales/Content/Wood_Monster/Base/Materials/MaterialFunctions/MF_RGBYMCA_Tint.uasset" 395
"C:/Users/jhona/OneDrive/Documentos/GitHub/MotoresComerciales1-2025/MotoresComerciales/Content/Wood_Monster/Base/Materials/MaterialFunctions/MF_RGBYMCA_Tint.uexp" 396
"../../../Engine/Content/EngineResources/Black_Low.uasset" 397
"../../../Engine/Content/EngineResources/Black_Low.uexp" 398
"C:/Users/jhona/OneDrive/Documentos/GitHub/MotoresComerciales1-2025/MotoresComerciales/Content/Wood_Monster/Base/Materials/MaterialFunctions/MF_RGBYMCA_Multiplier.uasset" 399
"C:/Users/jhona/OneDrive/Documentos/GitHub/MotoresComerciales1-2025/MotoresComerciales/Content/Wood_Monster/Base/Materials/MaterialFunctions/MF_RGBYMCA_Multiplier.uexp" 400
"C:/Users/jhona/OneDrive/Documentos/GitHub/MotoresComerciales1-2025/MotoresComerciales/Content/Wood_Monster/Base/Materials/M_BaseComplex.uasset" 401
"C:/Users/jhona/OneDrive/Documentos/GitHub/MotoresComerciales1-2025/MotoresComerciales/Content/Wood_Monster/Base/Materials/M_BaseComplex.uexp" 402
"C:/Users/jhona/OneDrive/Documentos/GitHub/MotoresComerciales1-2025/MotoresComerciales/Content/Wood_Monster/CharacterParts/Materials/MI_monster_orb_glow.uasset" 403
"C:/Users/jhona/OneDrive/Documentos/GitHub/MotoresComerciales1-2025/MotoresComerciales/Content/Wood_Monster/CharacterParts/Materials/MI_monster_orb_glow.uexp" 404
"C:/Users/jhona/OneDrive/Documentos/GitHub/MotoresComerciales1-2025/MotoresComerciales/Content/Wood_Monster/DemoContent/Mannequins/Meshes/SK_Mannequin_UE5.uasset" 405
"C:/Users/jhona/OneDrive/Documentos/GitHub/MotoresComerciales1-2025/MotoresComerciales/Content/Wood_Monster/DemoContent/Mannequins/Meshes/SK_Mannequin_UE5.uexp" 406
"C:/Users/jhona/OneDrive/Documentos/GitHub/MotoresComerciales1-2025/MotoresComerciales/Content/Wood_Monster/CharacterParts/Meshes/SK_wood_giant_01_a.uasset" 407
"C:/Users/jhona/OneDrive/Documentos/GitHub/MotoresComerciales1-2025/MotoresComerciales/Content/Wood_Monster/CharacterParts/Meshes/SK_wood_giant_01_a.uexp" 408
"../../../Engine/Plugins/Animation/ControlRig/Content/Controls/DefaultGizmoLibrary.uasset" 409
"../../../Engine/Plugins/Animation/ControlRig/Content/Controls/DefaultGizmoLibrary.uexp" 410
"C:/Users/jhona/OneDrive/Documentos/GitHub/MotoresComerciales1-2025/MotoresComerciales/Content/Wood_Monster/DemoContent/Mannequins/Rigs/CR_Mannequin_BasicFootIK.uasset" 411
"C:/Users/jhona/OneDrive/Documentos/GitHub/MotoresComerciales1-2025/MotoresComerciales/Content/Wood_Monster/DemoContent/Mannequins/Rigs/CR_Mannequin_BasicFootIK.uexp" 412
"../../../Engine/Content/Animation/DefaultAnimCurveCompressionSettings.uasset" 413
"../../../Engine/Content/Animation/DefaultAnimCurveCompressionSettings.uexp" 414
"../../../Engine/Content/Animation/DefaultAnimBoneCompressionSettings.uasset" 415
"../../../Engine/Content/Animation/DefaultAnimBoneCompressionSettings.uexp" 416
"C:/Users/jhona/OneDrive/Documentos/GitHub/MotoresComerciales1-2025/MotoresComerciales/Content/Wood_Monster/DemoContent/Mannequins/Animations/Manny/MM_Idle.uasset" 417
"C:/Users/jhona/OneDrive/Documentos/GitHub/MotoresComerciales1-2025/MotoresComerciales/Content/Wood_Monster/DemoContent/Mannequins/Animations/Manny/MM_Idle.uexp" 418
"C:/Users/jhona/OneDrive/Documentos/GitHub/MotoresComerciales1-2025/MotoresComerciales/Content/Wood_Monster/DemoContent/Mannequins/Animations/Manny/MM_Land.uasset" 419
"C:/Users/jhona/OneDrive/Documentos/GitHub/MotoresComerciales1-2025/MotoresComerciales/Content/Wood_Monster/DemoContent/Mannequins/Animations/Manny/MM_Land.uexp" 420
"C:/Users/jhona/OneDrive/Documentos/GitHub/MotoresComerciales1-2025/MotoresComerciales/Content/Wood_Monster/DemoContent/Mannequins/Animations/Manny/MM_Fall_Loop.uasset" 421
"C:/Users/jhona/OneDrive/Documentos/GitHub/MotoresComerciales1-2025/MotoresComerciales/Content/Wood_Monster/DemoContent/Mannequins/Animations/Manny/MM_Fall_Loop.uexp" 422
"C:/Users/jhona/OneDrive/Documentos/GitHub/MotoresComerciales1-2025/MotoresComerciales/Content/Wood_Monster/DemoContent/Mannequins/Animations/Manny/MM_Walk_Fwd.uasset" 423
"C:/Users/jhona/OneDrive/Documentos/GitHub/MotoresComerciales1-2025/MotoresComerciales/Content/Wood_Monster/DemoContent/Mannequins/Animations/Manny/MM_Walk_Fwd.uexp" 424
"../../../Engine/Content/Animation/DefaultRecorderBoneCompression.uasset" 425
"../../../Engine/Content/Animation/DefaultRecorderBoneCompression.uexp" 426
"C:/Users/jhona/OneDrive/Documentos/GitHub/MotoresComerciales1-2025/MotoresComerciales/Content/Wood_Monster/DemoContent/Mannequins/Animations/Manny/MM_Walk_InPlace.uasset" 427
"C:/Users/jhona/OneDrive/Documentos/GitHub/MotoresComerciales1-2025/MotoresComerciales/Content/Wood_Monster/DemoContent/Mannequins/Animations/Manny/MM_Walk_InPlace.uexp" 428
"C:/Users/jhona/OneDrive/Documentos/GitHub/MotoresComerciales1-2025/MotoresComerciales/Content/Wood_Monster/DemoContent/Mannequins/Animations/Manny/MM_Run_Fwd.uasset" 429
"C:/Users/jhona/OneDrive/Documentos/GitHub/MotoresComerciales1-2025/MotoresComerciales/Content/Wood_Monster/DemoContent/Mannequins/Animations/Manny/MM_Run_Fwd.uexp" 430
"C:/Users/jhona/OneDrive/Documentos/GitHub/MotoresComerciales1-2025/MotoresComerciales/Content/Wood_Monster/DemoContent/Mannequins/Animations/Manny/BS_MM_WalkRun.uasset" 431
"C:/Users/jhona/OneDrive/Documentos/GitHub/MotoresComerciales1-2025/MotoresComerciales/Content/Wood_Monster/DemoContent/Mannequins/Animations/Manny/BS_MM_WalkRun.uexp" 432
"C:/Users/jhona/OneDrive/Documentos/GitHub/MotoresComerciales1-2025/MotoresComerciales/Content/Wood_Monster/DemoContent/Mannequins/Animations/Manny/MM_Jump.uasset" 433
"C:/Users/jhona/OneDrive/Documentos/GitHub/MotoresComerciales1-2025/MotoresComerciales/Content/Wood_Monster/DemoContent/Mannequins/Animations/Manny/MM_Jump.uexp" 434
"C:/Users/jhona/OneDrive/Documentos/GitHub/MotoresComerciales1-2025/MotoresComerciales/Content/Wood_Monster/DemoContent/Mannequins/Animations/ABP_Manny.uasset" 435
"C:/Users/jhona/OneDrive/Documentos/GitHub/MotoresComerciales1-2025/MotoresComerciales/Content/Wood_Monster/DemoContent/Mannequins/Animations/ABP_Manny.uexp" 436
"../../../Engine/Content/EditorBlueprintResources/StandardMacros.uasset" 437
"../../../Engine/Content/EditorBlueprintResources/StandardMacros.uexp" 438
"C:/Users/jhona/OneDrive/Documentos/GitHub/MotoresComerciales1-2025/MotoresComerciales/Content/Wood_Monster/CharacterParts/Character/UE5/BP_wood_monster_02.uasset" 439
"C:/Users/jhona/OneDrive/Documentos/GitHub/MotoresComerciales1-2025/MotoresComerciales/Content/Wood_Monster/CharacterParts/Character/UE5/BP_wood_monster_02.uexp" 440
"C:/Users/jhona/OneDrive/Documentos/GitHub/MotoresComerciales1-2025/MotoresComerciales/Content/ThirdPerson/Blueprints/BP_ThirdPersonGameMode.uasset" 441
"C:/Users/jhona/OneDrive/Documentos/GitHub/MotoresComerciales1-2025/MotoresComerciales/Content/ThirdPerson/Blueprints/BP_ThirdPersonGameMode.uexp" 442
"../../../Engine/Content/MobileResources/HUD/VirtualJoystick_Background.uasset" 443
"../../../Engine/Content/MobileResources/HUD/VirtualJoystick_Background.uexp" 444
"../../../Engine/Content/MobileResources/HUD/VirtualJoystick_Thumb.uasset" 445
"../../../Engine/Content/MobileResources/HUD/VirtualJoystick_Thumb.uexp" 446
"../../../Engine/Content/MobileResources/HUD/DefaultVirtualJoysticks.uasset" 447
"../../../Engine/Content/MobileResources/HUD/DefaultVirtualJoysticks.uexp" 448
"../../../Engine/Content/EngineResources/FilmGrains/Marcie_Grain_v3_128_M2_000.uasset" 449
"../../../Engine/Content/EngineResources/FilmGrains/Marcie_Grain_v3_128_M2_000.uexp" 450
"../../../Engine/Content/EngineMaterials/LTC/Sheen_LTC.uasset" 451
"../../../Engine/Content/EngineMaterials/LTC/Sheen_LTC.uexp" 452
"../../../Engine/Content/EngineMaterials/LTC/GGX_LTCMat.uasset" 453
"../../../Engine/Content/EngineMaterials/LTC/GGX_LTCMat.uexp" 454
"../../../Engine/Content/EngineMaterials/LTC/GGX_LTCAmp.uasset" 455
"../../../Engine/Content/EngineMaterials/LTC/GGX_LTCAmp.uexp" 456
"../../../Engine/Content/EngineMaterials/EnergyConservation/Sheen_Energy.uasset" 457
"../../../Engine/Content/EngineMaterials/EnergyConservation/Sheen_Energy.uexp" 458
"../../../Engine/Content/EngineMaterials/EnergyConservation/SheenLegacy_Energy.uasset" 459
"../../../Engine/Content/EngineMaterials/EnergyConservation/SheenLegacy_Energy.uexp" 460
"../../../Engine/Content/EngineMaterials/EnergyConservation/GGX_TransmissionEnergyArray.uasset" 461
"../../../Engine/Content/EngineMaterials/EnergyConservation/GGX_TransmissionEnergyArray.uexp" 462
"../../../Engine/Content/EngineMaterials/EnergyConservation/GGX_ReflectionEnergy.uasset" 463
"../../../Engine/Content/EngineMaterials/EnergyConservation/GGX_ReflectionEnergy.uexp" 464
"../../../Engine/Content/EngineMaterials/EnergyConservation/Diffuse_Energy.uasset" 465
"../../../Engine/Content/EngineMaterials/EnergyConservation/Diffuse_Energy.uexp" 466
"../../../Engine/Content/EditorResources/SequenceRecorder/RecordingIndicator.uasset" 467
"../../../Engine/Content/EditorResources/SequenceRecorder/RecordingIndicator.uexp" 468
"../../../Engine/Content/EditorResources/SequenceRecorder/Countdown.uasset" 469
"../../../Engine/Content/EditorResources/SequenceRecorder/Countdown.uexp" 470
"../../../Engine/Content/EditorMaterials/ParticleSystems/PSysThumbnail_OOD.ubulk" 471
"../../../Engine/Content/EditorMaterials/ParticleSystems/PSysThumbnail_OOD.uasset" 472
"../../../Engine/Content/EditorMaterials/ParticleSystems/PSysThumbnail_OOD.uexp" 473
"../../../Engine/Content/EditorMaterials/ParticleSystems/PSysThumbnail_NoImage.ubulk" 474
"../../../Engine/Content/EditorMaterials/ParticleSystems/PSysThumbnail_NoImage.uasset" 475
"../../../Engine/Content/EditorMaterials/ParticleSystems/PSysThumbnail_NoImage.uexp" 476
"../../../Engine/Content/EditorMaterials/Dataflow/DataflowVertexMaterial.uasset" 477
"../../../Engine/Content/EditorMaterials/Dataflow/DataflowVertexMaterial.uexp" 478
"../../../Engine/Content/EditorMaterials/Dataflow/DataflowTwoSidedVertexMaterial.uasset" 479
"../../../Engine/Content/EditorMaterials/Dataflow/DataflowTwoSidedVertexMaterial.uexp" 480
"../../../Engine/Content/Functions/Engine_MaterialFunctions01/Shading/PowerToRoughness.uasset" 481
"../../../Engine/Content/Functions/Engine_MaterialFunctions01/Shading/PowerToRoughness.uexp" 482
"../../../Engine/Content/Functions/Engine_MaterialFunctions01/Shading/ConvertFromDiffSpec.uasset" 483
"../../../Engine/Content/Functions/Engine_MaterialFunctions01/Shading/ConvertFromDiffSpec.uexp" 484
"../../../Engine/Content/EngineMaterials/Substrate/Volume/SubstrateSimpleVolumeLUT3D.uasset" 485
"../../../Engine/Content/EngineMaterials/Substrate/Volume/SubstrateSimpleVolumeLUT3D.uexp" 486
"../../../Engine/Content/EngineMaterials/Substrate/Volume/SubstrateSimpleVolumeEnvLUT3D.uasset" 487
"../../../Engine/Content/EngineMaterials/Substrate/Volume/SubstrateSimpleVolumeEnvLUT3D.uexp" 488
"../../../Engine/Content/EngineMaterials/Substrate/GLints2/AGlintTex2dArray2.uasset" 489
"../../../Engine/Content/EngineMaterials/Substrate/GLints2/AGlintTex2dArray2.uexp" 490
"../../../Engine/Content/EngineMaterials/Substrate/GLints/AGlintTex2dArray.uasset" 491
"../../../Engine/Content/EngineMaterials/Substrate/GLints/AGlintTex2dArray.uexp" 492
"../../../Engine/Content/EngineMeshes/Sphere.ubulk" 493
"../../../Engine/Content/EngineMeshes/Sphere.uasset" 494
"../../../Engine/Content/EngineMeshes/Sphere.uexp" 495
"../../../Engine/Content/EngineMaterials/T_Default_Material_Grid_M.ubulk" 496
"../../../Engine/Content/EngineMaterials/T_Default_Material_Grid_M.uasset" 497
"../../../Engine/Content/EngineMaterials/T_Default_Material_Grid_M.uexp" 498
"../../../Engine/Content/EngineMaterials/T_Default_Material_Grid_N.ubulk" 499
"../../../Engine/Content/EngineMaterials/T_Default_Material_Grid_N.uasset" 500
"../../../Engine/Content/EngineMaterials/T_Default_Material_Grid_N.uexp" 501
"../../../Engine/Content/Functions/Engine_MaterialFunctions01/Opacity/CameraDepthFade.uasset" 502
"../../../Engine/Content/Functions/Engine_MaterialFunctions01/Opacity/CameraDepthFade.uexp" 503
"../../../Engine/Content/EngineMaterials/WorldGridMaterial.uasset" 504
"../../../Engine/Content/EngineMaterials/WorldGridMaterial.uexp" 505
"../../../Engine/Plugins/Media/MediaPlate/Content/SM_MediaPlateScreen.ubulk" 506
"../../../Engine/Plugins/Media/MediaPlate/Content/SM_MediaPlateScreen.uasset" 507
"../../../Engine/Plugins/Media/MediaPlate/Content/SM_MediaPlateScreen.uexp" 508
"../../../Engine/Plugins/2D/Paper2D/Content/DefaultSpriteMaterial.uasset" 509
"../../../Engine/Plugins/2D/Paper2D/Content/DefaultSpriteMaterial.uexp" 510
"../../../Engine/Plugins/2D/Paper2D/Content/OpaqueUnlitSpriteMaterial.uasset" 511
"../../../Engine/Plugins/2D/Paper2D/Content/OpaqueUnlitSpriteMaterial.uexp" 512
"../../../Engine/Plugins/2D/Paper2D/Content/MaskedUnlitSpriteMaterial.uasset" 513
"../../../Engine/Plugins/2D/Paper2D/Content/MaskedUnlitSpriteMaterial.uexp" 514
"../../../Engine/Plugins/Animation/ControlRig/Content/Controls/ControlRig_Wedge_solid.ubulk" 515
"../../../Engine/Plugins/Animation/ControlRig/Content/Controls/ControlRig_Wedge_solid.uasset" 516
"../../../Engine/Plugins/Animation/ControlRig/Content/Controls/ControlRig_Wedge_solid.uexp" 517
"../../../Engine/Plugins/Animation/ControlRig/Content/Controls/ControlRig_Wedge_3mm.ubulk" 518
"../../../Engine/Plugins/Animation/ControlRig/Content/Controls/ControlRig_Wedge_3mm.uasset" 519
"../../../Engine/Plugins/Animation/ControlRig/Content/Controls/ControlRig_Wedge_3mm.uexp" 520
"../../../Engine/Plugins/Animation/ControlRig/Content/Controls/ControlRig_Wedge_1mm.ubulk" 521
"../../../Engine/Plugins/Animation/ControlRig/Content/Controls/ControlRig_Wedge_1mm.uasset" 522
"../../../Engine/Plugins/Animation/ControlRig/Content/Controls/ControlRig_Wedge_1mm.uexp" 523
"../../../Engine/Plugins/Animation/ControlRig/Content/Controls/ControlRig_Triangle_solid.ubulk" 524
"../../../Engine/Plugins/Animation/ControlRig/Content/Controls/ControlRig_Triangle_solid.uasset" 525
"../../../Engine/Plugins/Animation/ControlRig/Content/Controls/ControlRig_Triangle_solid.uexp" 526
"../../../Engine/Plugins/Animation/ControlRig/Content/Controls/ControlRig_Triangle_3mm.ubulk" 527
"../../../Engine/Plugins/Animation/ControlRig/Content/Controls/ControlRig_Triangle_3mm.uasset" 528
"../../../Engine/Plugins/Animation/ControlRig/Content/Controls/ControlRig_Triangle_3mm.uexp" 529
"../../../Engine/Plugins/Animation/ControlRig/Content/Controls/ControlRig_Triangle_1mm.ubulk" 530
"../../../Engine/Plugins/Animation/ControlRig/Content/Controls/ControlRig_Triangle_1mm.uasset" 531
"../../../Engine/Plugins/Animation/ControlRig/Content/Controls/ControlRig_Triangle_1mm.uexp" 532
"../../../Engine/Plugins/Animation/ControlRig/Content/Controls/ControlRig_Star4_solid.ubulk" 533
"../../../Engine/Plugins/Animation/ControlRig/Content/Controls/ControlRig_Star4_solid.uasset" 534
"../../../Engine/Plugins/Animation/ControlRig/Content/Controls/ControlRig_Star4_solid.uexp" 535
"../../../Engine/Plugins/Animation/ControlRig/Content/Controls/ControlRig_Star4_3mm.ubulk" 536
"../../../Engine/Plugins/Animation/ControlRig/Content/Controls/ControlRig_Star4_3mm.uasset" 537
"../../../Engine/Plugins/Animation/ControlRig/Content/Controls/ControlRig_Star4_3mm.uexp" 538
"../../../Engine/Plugins/Animation/ControlRig/Content/Controls/ControlRig_Star4_1mm.ubulk" 539
"../../../Engine/Plugins/Animation/ControlRig/Content/Controls/ControlRig_Star4_1mm.uasset" 540
"../../../Engine/Plugins/Animation/ControlRig/Content/Controls/ControlRig_Star4_1mm.uexp" 541
"../../../Engine/Plugins/Animation/ControlRig/Content/Controls/ControlRig_Square_solid.ubulk" 542
"../../../Engine/Plugins/Animation/ControlRig/Content/Controls/ControlRig_Square_solid.uasset" 543
"../../../Engine/Plugins/Animation/ControlRig/Content/Controls/ControlRig_Square_solid.uexp" 544
"../../../Engine/Plugins/Animation/ControlRig/Content/Controls/ControlRig_Square_3mm.ubulk" 545
"../../../Engine/Plugins/Animation/ControlRig/Content/Controls/ControlRig_Square_3mm.uasset" 546
"../../../Engine/Plugins/Animation/ControlRig/Content/Controls/ControlRig_Square_3mm.uexp" 547
"../../../Engine/Plugins/Animation/ControlRig/Content/Controls/ControlRig_Square_1mm.ubulk" 548
"../../../Engine/Plugins/Animation/ControlRig/Content/Controls/ControlRig_Square_1mm.uasset" 549
"../../../Engine/Plugins/Animation/ControlRig/Content/Controls/ControlRig_Square_1mm.uexp" 550
"../../../Engine/Plugins/Animation/ControlRig/Content/Controls/ControlRig_Sphere_solid.ubulk" 551
"../../../Engine/Plugins/Animation/ControlRig/Content/Controls/ControlRig_Sphere_solid.uasset" 552
"../../../Engine/Plugins/Animation/ControlRig/Content/Controls/ControlRig_Sphere_solid.uexp" 553
"../../../Engine/Plugins/Animation/ControlRig/Content/Controls/ControlRig_Sphere_3mm.ubulk" 554
"../../../Engine/Plugins/Animation/ControlRig/Content/Controls/ControlRig_Sphere_3mm.uasset" 555
"../../../Engine/Plugins/Animation/ControlRig/Content/Controls/ControlRig_Sphere_3mm.uexp" 556
"../../../Engine/Plugins/Animation/ControlRig/Content/Controls/ControlRig_Sphere_1mm.ubulk" 557
"../../../Engine/Plugins/Animation/ControlRig/Content/Controls/ControlRig_Sphere_1mm.uasset" 558
"../../../Engine/Plugins/Animation/ControlRig/Content/Controls/ControlRig_Sphere_1mm.uexp" 559
"../../../Engine/Plugins/Animation/ControlRig/Content/Controls/ControlRig_RoundedTriangle_solid.ubulk" 560
"../../../Engine/Plugins/Animation/ControlRig/Content/Controls/ControlRig_RoundedTriangle_solid.uasset" 561
"../../../Engine/Plugins/Animation/ControlRig/Content/Controls/ControlRig_RoundedTriangle_solid.uexp" 562
"../../../Engine/Plugins/Animation/ControlRig/Content/Controls/ControlRig_RoundedTriangle_3mm.ubulk" 563
"../../../Engine/Plugins/Animation/ControlRig/Content/Controls/ControlRig_RoundedTriangle_3mm.uasset" 564
"../../../Engine/Plugins/Animation/ControlRig/Content/Controls/ControlRig_RoundedTriangle_3mm.uexp" 565
"../../../Engine/Plugins/Animation/ControlRig/Content/Controls/ControlRig_RoundedTriangle_1mm.ubulk" 566
"../../../Engine/Plugins/Animation/ControlRig/Content/Controls/ControlRig_RoundedTriangle_1mm.uasset" 567
"../../../Engine/Plugins/Animation/ControlRig/Content/Controls/ControlRig_RoundedTriangle_1mm.uexp" 568
"../../../Engine/Plugins/Animation/ControlRig/Content/Controls/ControlRig_RoundedSquare_solid.ubulk" 569
"../../../Engine/Plugins/Animation/ControlRig/Content/Controls/ControlRig_RoundedSquare_solid.uasset" 570
"../../../Engine/Plugins/Animation/ControlRig/Content/Controls/ControlRig_RoundedSquare_solid.uexp" 571
"../../../Engine/Plugins/Animation/ControlRig/Content/Controls/ControlRig_RoundedSquare_3mm.ubulk" 572
"../../../Engine/Plugins/Animation/ControlRig/Content/Controls/ControlRig_RoundedSquare_3mm.uasset" 573
"../../../Engine/Plugins/Animation/ControlRig/Content/Controls/ControlRig_RoundedSquare_3mm.uexp" 574
"../../../Engine/Plugins/Animation/ControlRig/Content/Controls/ControlRig_RoundedSquare_1mm.ubulk" 575
"../../../Engine/Plugins/Animation/ControlRig/Content/Controls/ControlRig_RoundedSquare_1mm.uasset" 576
"../../../Engine/Plugins/Animation/ControlRig/Content/Controls/ControlRig_RoundedSquare_1mm.uexp" 577
"../../../Engine/Plugins/Animation/ControlRig/Content/Controls/ControlRig_QuarterCircle_solid.ubulk" 578
"../../../Engine/Plugins/Animation/ControlRig/Content/Controls/ControlRig_QuarterCircle_solid.uasset" 579
"../../../Engine/Plugins/Animation/ControlRig/Content/Controls/ControlRig_QuarterCircle_solid.uexp" 580
"../../../Engine/Plugins/Animation/ControlRig/Content/Controls/ControlRig_QuarterCircle_3mm.ubulk" 581
"../../../Engine/Plugins/Animation/ControlRig/Content/Controls/ControlRig_QuarterCircle_3mm.uasset" 582
"../../../Engine/Plugins/Animation/ControlRig/Content/Controls/ControlRig_QuarterCircle_3mm.uexp" 583
"../../../Engine/Plugins/Animation/ControlRig/Content/Controls/ControlRig_QuarterCircle_1mm.ubulk" 584
"../../../Engine/Plugins/Animation/ControlRig/Content/Controls/ControlRig_QuarterCircle_1mm.uasset" 585
"../../../Engine/Plugins/Animation/ControlRig/Content/Controls/ControlRig_QuarterCircle_1mm.uexp" 586
"../../../Engine/Plugins/Animation/ControlRig/Content/Controls/ControlRig_Pyramid_solid.ubulk" 587
"../../../Engine/Plugins/Animation/ControlRig/Content/Controls/ControlRig_Pyramid_solid.uasset" 588
"../../../Engine/Plugins/Animation/ControlRig/Content/Controls/ControlRig_Pyramid_solid.uexp" 589
"../../../Engine/Plugins/Animation/ControlRig/Content/Controls/ControlRig_Pyramid_3mm.ubulk" 590
"../../../Engine/Plugins/Animation/ControlRig/Content/Controls/ControlRig_Pyramid_3mm.uasset" 591
"../../../Engine/Plugins/Animation/ControlRig/Content/Controls/ControlRig_Pyramid_3mm.uexp" 592
"../../../Engine/Plugins/Animation/ControlRig/Content/Controls/ControlRig_Pyramid_1mm.ubulk" 593
"../../../Engine/Plugins/Animation/ControlRig/Content/Controls/ControlRig_Pyramid_1mm.uasset" 594
"../../../Engine/Plugins/Animation/ControlRig/Content/Controls/ControlRig_Pyramid_1mm.uexp" 595
"../../../Engine/Plugins/Animation/ControlRig/Content/Controls/ControlRig_Octagon_solid.ubulk" 596
"../../../Engine/Plugins/Animation/ControlRig/Content/Controls/ControlRig_Octagon_solid.uasset" 597
"../../../Engine/Plugins/Animation/ControlRig/Content/Controls/ControlRig_Octagon_solid.uexp" 598
"../../../Engine/Plugins/Animation/ControlRig/Content/Controls/ControlRig_Octagon_3mm.ubulk" 599
"../../../Engine/Plugins/Animation/ControlRig/Content/Controls/ControlRig_Octagon_3mm.uasset" 600
"../../../Engine/Plugins/Animation/ControlRig/Content/Controls/ControlRig_Octagon_3mm.uexp" 601
"../../../Engine/Plugins/Animation/ControlRig/Content/Controls/ControlRig_Octagon_1mm.ubulk" 602
"../../../Engine/Plugins/Animation/ControlRig/Content/Controls/ControlRig_Octagon_1mm.uasset" 603
"../../../Engine/Plugins/Animation/ControlRig/Content/Controls/ControlRig_Octagon_1mm.uexp" 604
"../../../Engine/Plugins/Animation/ControlRig/Content/Controls/ControlRig_Hexagon_solid.ubulk" 605
"../../../Engine/Plugins/Animation/ControlRig/Content/Controls/ControlRig_Hexagon_solid.uasset" 606
"../../../Engine/Plugins/Animation/ControlRig/Content/Controls/ControlRig_Hexagon_solid.uexp" 607
"../../../Engine/Plugins/Animation/ControlRig/Content/Controls/ControlRig_Hexagon_3mm.ubulk" 608
"../../../Engine/Plugins/Animation/ControlRig/Content/Controls/ControlRig_Hexagon_3mm.uasset" 609
"../../../Engine/Plugins/Animation/ControlRig/Content/Controls/ControlRig_Hexagon_3mm.uexp" 610
"../../../Engine/Plugins/Animation/ControlRig/Content/Controls/ControlRig_Hexagon_1mm.ubulk" 611
"../../../Engine/Plugins/Animation/ControlRig/Content/Controls/ControlRig_Hexagon_1mm.uasset" 612
"../../../Engine/Plugins/Animation/ControlRig/Content/Controls/ControlRig_Hexagon_1mm.uexp" 613
"../../../Engine/Plugins/Animation/ControlRig/Content/Controls/ControlRig_HalfCircle_solid.ubulk" 614
"../../../Engine/Plugins/Animation/ControlRig/Content/Controls/ControlRig_HalfCircle_solid.uasset" 615
"../../../Engine/Plugins/Animation/ControlRig/Content/Controls/ControlRig_HalfCircle_solid.uexp" 616
"../../../Engine/Plugins/Animation/ControlRig/Content/Controls/ControlRig_HalfCircle_3mm.ubulk" 617
"../../../Engine/Plugins/Animation/ControlRig/Content/Controls/ControlRig_HalfCircle_3mm.uasset" 618
"../../../Engine/Plugins/Animation/ControlRig/Content/Controls/ControlRig_HalfCircle_3mm.uexp" 619
"../../../Engine/Plugins/Animation/ControlRig/Content/Controls/ControlRig_HalfCircle_1mm.ubulk" 620
"../../../Engine/Plugins/Animation/ControlRig/Content/Controls/ControlRig_HalfCircle_1mm.uasset" 621
"../../../Engine/Plugins/Animation/ControlRig/Content/Controls/ControlRig_HalfCircle_1mm.uexp" 622
"../../../Engine/Plugins/Animation/ControlRig/Content/Controls/ControlRig_Diamond_solid.ubulk" 623
"../../../Engine/Plugins/Animation/ControlRig/Content/Controls/ControlRig_Diamond_solid.uasset" 624
"../../../Engine/Plugins/Animation/ControlRig/Content/Controls/ControlRig_Diamond_solid.uexp" 625
"../../../Engine/Plugins/Animation/ControlRig/Content/Controls/ControlRig_Diamond_3mm.ubulk" 626
"../../../Engine/Plugins/Animation/ControlRig/Content/Controls/ControlRig_Diamond_3mm.uasset" 627
"../../../Engine/Plugins/Animation/ControlRig/Content/Controls/ControlRig_Diamond_3mm.uexp" 628
"../../../Engine/Plugins/Animation/ControlRig/Content/Controls/ControlRig_Diamond_1mm.ubulk" 629
"../../../Engine/Plugins/Animation/ControlRig/Content/Controls/ControlRig_Diamond_1mm.uasset" 630
"../../../Engine/Plugins/Animation/ControlRig/Content/Controls/ControlRig_Diamond_1mm.uexp" 631
"../../../Engine/Plugins/Animation/ControlRig/Content/Controls/ControlRig_Circle_solid.ubulk" 632
"../../../Engine/Plugins/Animation/ControlRig/Content/Controls/ControlRig_Circle_solid.uasset" 633
"../../../Engine/Plugins/Animation/ControlRig/Content/Controls/ControlRig_Circle_solid.uexp" 634
"../../../Engine/Plugins/Animation/ControlRig/Content/Controls/ControlRig_Circle_3mm.ubulk" 635
"../../../Engine/Plugins/Animation/ControlRig/Content/Controls/ControlRig_Circle_3mm.uasset" 636
"../../../Engine/Plugins/Animation/ControlRig/Content/Controls/ControlRig_Circle_3mm.uexp" 637
"../../../Engine/Plugins/Animation/ControlRig/Content/Controls/ControlRig_Circle_1mm.ubulk" 638
"../../../Engine/Plugins/Animation/ControlRig/Content/Controls/ControlRig_Circle_1mm.uasset" 639
"../../../Engine/Plugins/Animation/ControlRig/Content/Controls/ControlRig_Circle_1mm.uexp" 640
"../../../Engine/Plugins/Animation/ControlRig/Content/Controls/ControlRig_Box_solid.ubulk" 641
"../../../Engine/Plugins/Animation/ControlRig/Content/Controls/ControlRig_Box_solid.uasset" 642
"../../../Engine/Plugins/Animation/ControlRig/Content/Controls/ControlRig_Box_solid.uexp" 643
"../../../Engine/Plugins/Animation/ControlRig/Content/Controls/ControlRig_Box_3mm.ubulk" 644
"../../../Engine/Plugins/Animation/ControlRig/Content/Controls/ControlRig_Box_3mm.uasset" 645
"../../../Engine/Plugins/Animation/ControlRig/Content/Controls/ControlRig_Box_3mm.uexp" 646
"../../../Engine/Plugins/Animation/ControlRig/Content/Controls/ControlRig_Box_1mm.ubulk" 647
"../../../Engine/Plugins/Animation/ControlRig/Content/Controls/ControlRig_Box_1mm.uasset" 648
"../../../Engine/Plugins/Animation/ControlRig/Content/Controls/ControlRig_Box_1mm.uexp" 649
"../../../Engine/Plugins/Animation/ControlRig/Content/Controls/ControlRig_Arrow_solid.ubulk" 650
"../../../Engine/Plugins/Animation/ControlRig/Content/Controls/ControlRig_Arrow_solid.uasset" 651
"../../../Engine/Plugins/Animation/ControlRig/Content/Controls/ControlRig_Arrow_solid.uexp" 652
"../../../Engine/Plugins/Animation/ControlRig/Content/Controls/ControlRig_Arrow_3mm.ubulk" 653
"../../../Engine/Plugins/Animation/ControlRig/Content/Controls/ControlRig_Arrow_3mm.uasset" 654
"../../../Engine/Plugins/Animation/ControlRig/Content/Controls/ControlRig_Arrow_3mm.uexp" 655
"../../../Engine/Plugins/Animation/ControlRig/Content/Controls/ControlRig_Arrow_1mm.ubulk" 656
"../../../Engine/Plugins/Animation/ControlRig/Content/Controls/ControlRig_Arrow_1mm.uasset" 657
"../../../Engine/Plugins/Animation/ControlRig/Content/Controls/ControlRig_Arrow_1mm.uexp" 658
"../../../Engine/Plugins/Animation/ControlRig/Content/Controls/ControlRig_Arrow4_solid.ubulk" 659
"../../../Engine/Plugins/Animation/ControlRig/Content/Controls/ControlRig_Arrow4_solid.uasset" 660
"../../../Engine/Plugins/Animation/ControlRig/Content/Controls/ControlRig_Arrow4_solid.uexp" 661
"../../../Engine/Plugins/Animation/ControlRig/Content/Controls/ControlRig_Arrow4_3mm.ubulk" 662
"../../../Engine/Plugins/Animation/ControlRig/Content/Controls/ControlRig_Arrow4_3mm.uasset" 663
"../../../Engine/Plugins/Animation/ControlRig/Content/Controls/ControlRig_Arrow4_3mm.uexp" 664
"../../../Engine/Plugins/Animation/ControlRig/Content/Controls/ControlRig_Arrow4_1mm.ubulk" 665
"../../../Engine/Plugins/Animation/ControlRig/Content/Controls/ControlRig_Arrow4_1mm.uasset" 666
"../../../Engine/Plugins/Animation/ControlRig/Content/Controls/ControlRig_Arrow4_1mm.uexp" 667
"../../../Engine/Plugins/Animation/ControlRig/Content/Controls/ControlRig_Arrow2_solid.ubulk" 668
"../../../Engine/Plugins/Animation/ControlRig/Content/Controls/ControlRig_Arrow2_solid.uasset" 669
"../../../Engine/Plugins/Animation/ControlRig/Content/Controls/ControlRig_Arrow2_solid.uexp" 670
"../../../Engine/Plugins/Animation/ControlRig/Content/Controls/ControlRig_Arrow2_3mm.ubulk" 671
"../../../Engine/Plugins/Animation/ControlRig/Content/Controls/ControlRig_Arrow2_3mm.uasset" 672
"../../../Engine/Plugins/Animation/ControlRig/Content/Controls/ControlRig_Arrow2_3mm.uexp" 673
"../../../Engine/Plugins/Animation/ControlRig/Content/Controls/ControlRig_Arrow2_1mm.ubulk" 674
"../../../Engine/Plugins/Animation/ControlRig/Content/Controls/ControlRig_Arrow2_1mm.uasset" 675
"../../../Engine/Plugins/Animation/ControlRig/Content/Controls/ControlRig_Arrow2_1mm.uexp" 676
"../../../Engine/Content/EngineMaterials/Widget3DPassThrough.uasset" 677
"../../../Engine/Content/EngineMaterials/Widget3DPassThrough.uexp" 678
"../../../Engine/Content/EngineMaterials/Widget3DPassThrough_Translucent.uasset" 679
"../../../Engine/Content/EngineMaterials/Widget3DPassThrough_Translucent.uexp" 680
"../../../Engine/Content/EngineMaterials/Widget3DPassThrough_Translucent_OneSided.uasset" 681
"../../../Engine/Content/EngineMaterials/Widget3DPassThrough_Translucent_OneSided.uexp" 682
"../../../Engine/Content/EngineMaterials/Widget3DPassThrough_Opaque.uasset" 683
"../../../Engine/Content/EngineMaterials/Widget3DPassThrough_Opaque.uexp" 684
"../../../Engine/Content/EngineMaterials/Widget3DPassThrough_Opaque_OneSided.uasset" 685
"../../../Engine/Content/EngineMaterials/Widget3DPassThrough_Opaque_OneSided.uexp" 686
"../../../Engine/Content/EngineMaterials/Widget3DPassThrough_Masked_OneSided.uasset" 687
"../../../Engine/Content/EngineMaterials/Widget3DPassThrough_Masked_OneSided.uexp" 688
"../../../Engine/Content/EngineMaterials/Widget3DPassThrough_Masked.uasset" 689
"../../../Engine/Content/EngineMaterials/Widget3DPassThrough_Masked.uexp" 690
"../../../Engine/Content/EditorLandscapeResources/SplineEditorMeshMat.uasset" 691
"../../../Engine/Content/EditorLandscapeResources/SplineEditorMeshMat.uexp" 692
"../../../Engine/Content/EditorLandscapeResources/SplineEditorMesh.ubulk" 693
"../../../Engine/Content/EditorLandscapeResources/SplineEditorMesh.uasset" 694
"../../../Engine/Content/EditorLandscapeResources/SplineEditorMesh.uexp" 695
"../../../Engine/Content/EngineMaterials/DefaultMaterial.uasset" 696
"../../../Engine/Content/EngineMaterials/DefaultMaterial.uexp" 697
"../../../Engine/Content/BasicShapes/Sphere.ubulk" 698
"../../../Engine/Content/BasicShapes/Sphere.uasset" 699
"../../../Engine/Content/BasicShapes/Sphere.uexp" 700
"../../../Engine/Content/BasicShapes/Plane.ubulk" 701
"../../../Engine/Content/BasicShapes/Plane.uasset" 702
"../../../Engine/Content/BasicShapes/Plane.uexp" 703
"../../../Engine/Content/BasicShapes/Cylinder.ubulk" 704
"../../../Engine/Content/BasicShapes/Cylinder.uasset" 705
"../../../Engine/Content/BasicShapes/Cylinder.uexp" 706
"../../../Engine/Content/BasicShapes/Cube.ubulk" 707
"../../../Engine/Content/BasicShapes/Cube.uasset" 708
"../../../Engine/Content/BasicShapes/Cube.uexp" 709
"../../../Engine/Content/BasicShapes/Cone.ubulk" 710
"../../../Engine/Content/BasicShapes/Cone.uasset" 711
"../../../Engine/Content/BasicShapes/Cone.uexp" 712
"../../../Engine/Plugins/Runtime/AudioWidgets/Content/AudioMaterialSlate/Functions/MF_SingleLine_Smooth.uasset" 713
"../../../Engine/Plugins/Runtime/AudioWidgets/Content/AudioMaterialSlate/Functions/MF_SingleLine_Smooth.uexp" 714
"../../../Engine/Plugins/Runtime/AudioWidgets/Content/AudioMaterialSlate/Functions/MF_AngleGradient.uasset" 715
"../../../Engine/Plugins/Runtime/AudioWidgets/Content/AudioMaterialSlate/Functions/MF_AngleGradient.uexp" 716
"../../../Engine/Plugins/Runtime/AudioWidgets/Content/AudioMaterialSlate/Functions/MF_SingleLine.uasset" 717
"../../../Engine/Plugins/Runtime/AudioWidgets/Content/AudioMaterialSlate/Functions/MF_SingleLine.uexp" 718
"../../../Engine/Content/Functions/Engine_MaterialFunctions01/Gradient/SphereGradient-2D.uasset" 719
"../../../Engine/Content/Functions/Engine_MaterialFunctions01/Gradient/SphereGradient-2D.uexp" 720
"../../../Engine/Plugins/Runtime/AudioWidgets/Content/AudioMaterialSlate/M_AudioMaterialToggleButton.uasset" 721
"../../../Engine/Plugins/Runtime/AudioWidgets/Content/AudioMaterialSlate/M_AudioMaterialToggleButton.uexp" 722
"../../../Engine/Plugins/Runtime/AudioWidgets/Content/AudioMaterialSlate/MI_AudioMaterialToggleButton.uasset" 723
"../../../Engine/Plugins/Runtime/AudioWidgets/Content/AudioMaterialSlate/MI_AudioMaterialToggleButton.uexp" 724
"../../../Engine/Content/Functions/Engine_MaterialFunctions01/Gradient/GeneratedRoundRect.uasset" 725
"../../../Engine/Content/Functions/Engine_MaterialFunctions01/Gradient/GeneratedRoundRect.uexp" 726
"../../../Engine/Plugins/Runtime/AudioWidgets/Content/AudioMaterialSlate/M_AudioMaterialRoundedSlider.uasset" 727
"../../../Engine/Plugins/Runtime/AudioWidgets/Content/AudioMaterialSlate/M_AudioMaterialRoundedSlider.uexp" 728
"../../../Engine/Plugins/Runtime/AudioWidgets/Content/AudioMaterialSlate/MI_AudioMaterialRoundedSlider.uasset" 729
"../../../Engine/Plugins/Runtime/AudioWidgets/Content/AudioMaterialSlate/MI_AudioMaterialRoundedSlider.uexp" 730
"../../../Engine/Plugins/Runtime/AudioWidgets/Content/AudioMaterialSlate/Functions/MF_Lines.uasset" 731
"../../../Engine/Plugins/Runtime/AudioWidgets/Content/AudioMaterialSlate/Functions/MF_Lines.uexp" 732
"../../../Engine/Content/Functions/Engine_MaterialFunctions02/Lerp_3Color.uasset" 733
"../../../Engine/Content/Functions/Engine_MaterialFunctions02/Lerp_3Color.uexp" 734
"../../../Engine/Plugins/Runtime/AudioWidgets/Content/AudioMaterialSlate/M_AudioMaterialMeter.uasset" 735
"../../../Engine/Plugins/Runtime/AudioWidgets/Content/AudioMaterialSlate/M_AudioMaterialMeter.uexp" 736
"../../../Engine/Plugins/Runtime/AudioWidgets/Content/AudioMaterialSlate/MI_AudioMaterialMeter.uasset" 737
"../../../Engine/Plugins/Runtime/AudioWidgets/Content/AudioMaterialSlate/MI_AudioMaterialMeter.uexp" 738
"../../../Engine/Plugins/Runtime/AudioWidgets/Content/AudioMaterialSlate/M_AudioMaterialKnob.uasset" 739
"../../../Engine/Plugins/Runtime/AudioWidgets/Content/AudioMaterialSlate/M_AudioMaterialKnob.uexp" 740
"../../../Engine/Plugins/Runtime/AudioWidgets/Content/AudioMaterialSlate/MI_AudioMaterialKnob.uasset" 741
"../../../Engine/Plugins/Runtime/AudioWidgets/Content/AudioMaterialSlate/MI_AudioMaterialKnob.uexp" 742
"../../../Engine/Plugins/Runtime/AudioWidgets/Content/AudioMaterialSlate/Functions/MF_DotOutlined.uasset" 743
"../../../Engine/Plugins/Runtime/AudioWidgets/Content/AudioMaterialSlate/Functions/MF_DotOutlined.uexp" 744
"../../../Engine/Plugins/Runtime/AudioWidgets/Content/AudioMaterialSlate/M_AudioMaterialEnvelope_ADSR.uasset" 745
"../../../Engine/Plugins/Runtime/AudioWidgets/Content/AudioMaterialSlate/M_AudioMaterialEnvelope_ADSR.uexp" 746
"../../../Engine/Plugins/Runtime/AudioWidgets/Content/AudioMaterialSlate/MI_AudioMaterialEnvelope_ADSR.uasset" 747
"../../../Engine/Plugins/Runtime/AudioWidgets/Content/AudioMaterialSlate/MI_AudioMaterialEnvelope_ADSR.uexp" 748
"../../../Engine/Plugins/Interchange/Assets/Content/gltf/Textures/T_White_srgb.uasset" 749
"../../../Engine/Plugins/Interchange/Assets/Content/gltf/Textures/T_White_srgb.uexp" 750
"../../../Engine/Plugins/Interchange/Assets/Content/gltf/MaterialFunctions/MF_BaseColor.uasset" 751
"../../../Engine/Plugins/Interchange/Assets/Content/gltf/MaterialFunctions/MF_BaseColor.uexp" 752
"../../../Engine/Plugins/Interchange/Assets/Content/gltf/MaterialFunctions/MF_RotateV2.uasset" 753
"../../../Engine/Plugins/Interchange/Assets/Content/gltf/MaterialFunctions/MF_RotateV2.uexp" 754
"../../../Engine/Plugins/Interchange/Assets/Content/gltf/MaterialFunctions/MF_TransformUVs.uasset" 755
"../../../Engine/Plugins/Interchange/Assets/Content/gltf/MaterialFunctions/MF_TransformUVs.uexp" 756
"../../../Engine/Plugins/Interchange/Assets/Content/gltf/MaterialBodies/MF_Unlit_Body.uasset" 757
"../../../Engine/Plugins/Interchange/Assets/Content/gltf/MaterialBodies/MF_Unlit_Body.uexp" 758
"../../../Engine/Plugins/Interchange/Assets/Content/gltf/M_Unlit.uasset" 759
"../../../Engine/Plugins/Interchange/Assets/Content/gltf/M_Unlit.uexp" 760
"../../../Engine/Plugins/Interchange/Assets/Content/gltf/MaterialInstances/MI_Unlit_Opaque_DS.uasset" 761
"../../../Engine/Plugins/Interchange/Assets/Content/gltf/MaterialInstances/MI_Unlit_Opaque_DS.uexp" 762
"../../../Engine/Plugins/Interchange/Assets/Content/gltf/MaterialInstances/MI_Unlit_Opaque.uasset" 763
"../../../Engine/Plugins/Interchange/Assets/Content/gltf/MaterialInstances/MI_Unlit_Opaque.uexp" 764
"../../../Engine/Plugins/Interchange/Assets/Content/gltf/MaterialInstances/MI_Unlit_Mask_DS.uasset" 765
"../../../Engine/Plugins/Interchange/Assets/Content/gltf/MaterialInstances/MI_Unlit_Mask_DS.uexp" 766
"../../../Engine/Plugins/Interchange/Assets/Content/gltf/MaterialInstances/MI_Unlit_Mask.uasset" 767
"../../../Engine/Plugins/Interchange/Assets/Content/gltf/MaterialInstances/MI_Unlit_Mask.uexp" 768
"../../../Engine/Plugins/Interchange/Assets/Content/gltf/MaterialInstances/MI_Unlit_Blend_DS.uasset" 769
"../../../Engine/Plugins/Interchange/Assets/Content/gltf/MaterialInstances/MI_Unlit_Blend_DS.uexp" 770
"../../../Engine/Plugins/Interchange/Assets/Content/gltf/MaterialInstances/MI_Unlit_Blend.uasset" 771
"../../../Engine/Plugins/Interchange/Assets/Content/gltf/MaterialInstances/MI_Unlit_Blend.uexp" 772
"../../../Engine/Content/Functions/Engine_MaterialFunctions02/Math/Transform3x3Matrix.uasset" 773
"../../../Engine/Content/Functions/Engine_MaterialFunctions02/Math/Transform3x3Matrix.uexp" 774
"../../../Engine/Content/EngineMaterials/Good64x64TilingNoiseHighFreq.uasset" 775
"../../../Engine/Content/EngineMaterials/Good64x64TilingNoiseHighFreq.uexp" 776
"../../../Engine/Content/Functions/Engine_MaterialFunctions02/Texturing/ScreenAlignedPixelToPixelUVs.uasset" 777
"../../../Engine/Content/Functions/Engine_MaterialFunctions02/Texturing/ScreenAlignedPixelToPixelUVs.uexp" 778
"../../../Engine/Plugins/Interchange/Assets/Content/gltf/MaterialFunctions/MF_Temporal_Blur.uasset" 779
"../../../Engine/Plugins/Interchange/Assets/Content/gltf/MaterialFunctions/MF_Temporal_Blur.uexp" 780
"../../../Engine/Plugins/Interchange/Assets/Content/gltf/MaterialFunctions/MF_Specular.uasset" 781
"../../../Engine/Plugins/Interchange/Assets/Content/gltf/MaterialFunctions/MF_Specular.uexp" 782
"../../../Engine/Plugins/Interchange/Assets/Content/gltf/Textures/T_Anisotropy_Direction_Linear.uasset" 783
"../../../Engine/Plugins/Interchange/Assets/Content/gltf/Textures/T_Anisotropy_Direction_Linear.uexp" 784
"../../../Engine/Plugins/Interchange/Assets/Content/gltf/MaterialFunctions/MF_SpecularAnisotropy.uasset" 785
"../../../Engine/Plugins/Interchange/Assets/Content/gltf/MaterialFunctions/MF_SpecularAnisotropy.uexp" 786
"../../../Engine/Plugins/Interchange/Assets/Content/gltf/Textures/T_White_Linear.uasset" 787
"../../../Engine/Plugins/Interchange/Assets/Content/gltf/Textures/T_White_Linear.uexp" 788
"../../../Engine/Plugins/Interchange/Assets/Content/gltf/MaterialFunctions/MF_MetallicRoughness.uasset" 789
"../../../Engine/Plugins/Interchange/Assets/Content/gltf/MaterialFunctions/MF_MetallicRoughness.uexp" 790
"../../../Engine/Plugins/Interchange/Assets/Content/gltf/Textures/T_Generic_N.uasset" 791
"../../../Engine/Plugins/Interchange/Assets/Content/gltf/Textures/T_Generic_N.uexp" 792
"../../../Engine/Plugins/Interchange/Assets/Content/gltf/MaterialFunctions/MF_ScaleNormal.uasset" 793
"../../../Engine/Plugins/Interchange/Assets/Content/gltf/MaterialFunctions/MF_ScaleNormal.uexp" 794
"../../../Engine/Plugins/Interchange/Assets/Content/gltf/MaterialFunctions/MF_Fresnel_DS.uasset" 795
"../../../Engine/Plugins/Interchange/Assets/Content/gltf/MaterialFunctions/MF_Fresnel_DS.uexp" 796
"../../../Engine/Plugins/Interchange/Assets/Content/gltf/MaterialFunctions/MF_Iridescence.uasset" 797
"../../../Engine/Plugins/Interchange/Assets/Content/gltf/MaterialFunctions/MF_Iridescence.uexp" 798
"../../../Engine/Plugins/Interchange/Assets/Content/gltf/MaterialFunctions/MF_Occlusion.uasset" 799
"../../../Engine/Plugins/Interchange/Assets/Content/gltf/MaterialFunctions/MF_Occlusion.uexp" 800
"../../../Engine/Plugins/Interchange/Assets/Content/gltf/MaterialFunctions/MF_IOR.uasset" 801
"../../../Engine/Plugins/Interchange/Assets/Content/gltf/MaterialFunctions/MF_IOR.uexp" 802
"../../../Engine/Plugins/Interchange/Assets/Content/gltf/MaterialFunctions/MF_Transmission.uasset" 803
"../../../Engine/Plugins/Interchange/Assets/Content/gltf/MaterialFunctions/MF_Transmission.uexp" 804
"../../../Engine/Plugins/Interchange/Assets/Content/gltf/MaterialFunctions/MF_RotateNormals_TS.uasset" 805
"../../../Engine/Plugins/Interchange/Assets/Content/gltf/MaterialFunctions/MF_RotateNormals_TS.uexp" 806
"../../../Engine/Plugins/Interchange/Assets/Content/gltf/MaterialFunctions/MF_Normals.uasset" 807
"../../../Engine/Plugins/Interchange/Assets/Content/gltf/MaterialFunctions/MF_Normals.uexp" 808
"../../../Engine/Plugins/Interchange/Assets/Content/gltf/MaterialBodies/MF_Transmission_Body.uasset" 809
"../../../Engine/Plugins/Interchange/Assets/Content/gltf/MaterialBodies/MF_Transmission_Body.uexp" 810
"../../../Engine/Plugins/Interchange/Assets/Content/gltf/M_Transmission.uasset" 811
"../../../Engine/Plugins/Interchange/Assets/Content/gltf/M_Transmission.uexp" 812
"../../../Engine/Plugins/Interchange/Assets/Content/gltf/MaterialInstances/MI_Transmission_DS.uasset" 813
"../../../Engine/Plugins/Interchange/Assets/Content/gltf/MaterialInstances/MI_Transmission_DS.uexp" 814
"../../../Engine/Plugins/Interchange/Assets/Content/gltf/MaterialInstances/MI_Transmission.uasset" 815
"../../../Engine/Plugins/Interchange/Assets/Content/gltf/MaterialInstances/MI_Transmission.uexp" 816
"../../../Engine/Content/Functions/Engine_MaterialFunctions02/Math/AddComponents.uasset" 817
"../../../Engine/Content/Functions/Engine_MaterialFunctions02/Math/AddComponents.uexp" 818
"../../../Engine/Plugins/Interchange/Assets/Content/gltf/MaterialFunctions/MF_DiffuseSpecGloss.uasset" 819
"../../../Engine/Plugins/Interchange/Assets/Content/gltf/MaterialFunctions/MF_DiffuseSpecGloss.uexp" 820
"../../../Engine/Plugins/Interchange/Assets/Content/gltf/MaterialFunctions/MF_Emissive.uasset" 821
"../../../Engine/Plugins/Interchange/Assets/Content/gltf/MaterialFunctions/MF_Emissive.uexp" 822
"../../../Engine/Plugins/Interchange/Assets/Content/gltf/MaterialFunctions/MF_PerceivedBrightness.uasset" 823
"../../../Engine/Plugins/Interchange/Assets/Content/gltf/MaterialFunctions/MF_PerceivedBrightness.uexp" 824
"../../../Engine/Plugins/Interchange/Assets/Content/gltf/MaterialFunctions/MF_SpecGlossToMetalRoughness.uasset" 825
"../../../Engine/Plugins/Interchange/Assets/Content/gltf/MaterialFunctions/MF_SpecGlossToMetalRoughness.uexp" 826
"../../../Engine/Plugins/Interchange/Assets/Content/gltf/MaterialFunctions/MF_MaxComponentValue.uasset" 827
"../../../Engine/Plugins/Interchange/Assets/Content/gltf/MaterialFunctions/MF_MaxComponentValue.uexp" 828
"../../../Engine/Plugins/Interchange/Assets/Content/gltf/MaterialBodies/MF_SpecularGlossiness_Body.uasset" 829
"../../../Engine/Plugins/Interchange/Assets/Content/gltf/MaterialBodies/MF_SpecularGlossiness_Body.uexp" 830
"../../../Engine/Plugins/Interchange/Assets/Content/gltf/M_SpecularGlossiness.uasset" 831
"../../../Engine/Plugins/Interchange/Assets/Content/gltf/M_SpecularGlossiness.uexp" 832
"../../../Engine/Plugins/Interchange/Assets/Content/gltf/MaterialInstances/MI_SpecularGlossiness_Opaque_DS.uasset" 833
"../../../Engine/Plugins/Interchange/Assets/Content/gltf/MaterialInstances/MI_SpecularGlossiness_Opaque_DS.uexp" 834
"../../../Engine/Plugins/Interchange/Assets/Content/gltf/MaterialInstances/MI_SpecularGlossiness_Opaque.uasset" 835
"../../../Engine/Plugins/Interchange/Assets/Content/gltf/MaterialInstances/MI_SpecularGlossiness_Opaque.uexp" 836
"../../../Engine/Plugins/Interchange/Assets/Content/gltf/MaterialInstances/MI_SpecularGlossiness_Mask_DS.uasset" 837
"../../../Engine/Plugins/Interchange/Assets/Content/gltf/MaterialInstances/MI_SpecularGlossiness_Mask_DS.uexp" 838
"../../../Engine/Plugins/Interchange/Assets/Content/gltf/MaterialInstances/MI_SpecularGlossiness_Mask.uasset" 839
"../../../Engine/Plugins/Interchange/Assets/Content/gltf/MaterialInstances/MI_SpecularGlossiness_Mask.uexp" 840
"../../../Engine/Plugins/Interchange/Assets/Content/gltf/MaterialInstances/MI_SpecularGlossiness_Blend_DS.uasset" 841
"../../../Engine/Plugins/Interchange/Assets/Content/gltf/MaterialInstances/MI_SpecularGlossiness_Blend_DS.uexp" 842
"../../../Engine/Plugins/Interchange/Assets/Content/gltf/MaterialInstances/MI_SpecularGlossiness_Blend.uasset" 843
"../../../Engine/Plugins/Interchange/Assets/Content/gltf/MaterialInstances/MI_SpecularGlossiness_Blend.uexp" 844
"../../../Engine/Plugins/Interchange/Assets/Content/gltf/MaterialFunctions/MF_Sheen.uasset" 845
"../../../Engine/Plugins/Interchange/Assets/Content/gltf/MaterialFunctions/MF_Sheen.uexp" 846
"../../../Engine/Plugins/Interchange/Assets/Content/gltf/MaterialBodies/MF_Sheen_Body.uasset" 847
"../../../Engine/Plugins/Interchange/Assets/Content/gltf/MaterialBodies/MF_Sheen_Body.uexp" 848
"../../../Engine/Plugins/Interchange/Assets/Content/gltf/M_Sheen.uasset" 849
"../../../Engine/Plugins/Interchange/Assets/Content/gltf/M_Sheen.uexp" 850
"../../../Engine/Plugins/Interchange/Assets/Content/gltf/MaterialInstances/MI_Sheen_Opaque_DS.uasset" 851
"../../../Engine/Plugins/Interchange/Assets/Content/gltf/MaterialInstances/MI_Sheen_Opaque_DS.uexp" 852
"../../../Engine/Plugins/Interchange/Assets/Content/gltf/MaterialInstances/MI_Sheen_Opaque.uasset" 853
"../../../Engine/Plugins/Interchange/Assets/Content/gltf/MaterialInstances/MI_Sheen_Opaque.uexp" 854
"../../../Engine/Plugins/Interchange/Assets/Content/gltf/MaterialInstances/MI_Sheen_Mask_DS.uasset" 855
"../../../Engine/Plugins/Interchange/Assets/Content/gltf/MaterialInstances/MI_Sheen_Mask_DS.uexp" 856
"../../../Engine/Plugins/Interchange/Assets/Content/gltf/MaterialInstances/MI_Sheen_Mask.uasset" 857
"../../../Engine/Plugins/Interchange/Assets/Content/gltf/MaterialInstances/MI_Sheen_Mask.uexp" 858
"../../../Engine/Plugins/Interchange/Assets/Content/gltf/MaterialInstances/MI_Sheen_Blend_DS.uasset" 859
"../../../Engine/Plugins/Interchange/Assets/Content/gltf/MaterialInstances/MI_Sheen_Blend_DS.uexp" 860
"../../../Engine/Plugins/Interchange/Assets/Content/gltf/MaterialInstances/MI_Sheen_Blend.uasset" 861
"../../../Engine/Plugins/Interchange/Assets/Content/gltf/MaterialInstances/MI_Sheen_Blend.uexp" 862
"../../../Engine/Plugins/Interchange/Assets/Content/gltf/MaterialBodies/MF_Default_Body.uasset" 863
"../../../Engine/Plugins/Interchange/Assets/Content/gltf/MaterialBodies/MF_Default_Body.uexp" 864
"../../../Engine/Plugins/Interchange/Assets/Content/gltf/M_Default.uasset" 865
"../../../Engine/Plugins/Interchange/Assets/Content/gltf/M_Default.uexp" 866
"../../../Engine/Plugins/Interchange/Assets/Content/gltf/MaterialInstances/MI_Default_Mask_DS.uasset" 867
"../../../Engine/Plugins/Interchange/Assets/Content/gltf/MaterialInstances/MI_Default_Mask_DS.uexp" 868
"../../../Engine/Plugins/Interchange/Assets/Content/gltf/MaterialInstances/MI_Default_Mask.uasset" 869
"../../../Engine/Plugins/Interchange/Assets/Content/gltf/MaterialInstances/MI_Default_Mask.uexp" 870
"../../../Engine/Plugins/Interchange/Assets/Content/gltf/MaterialInstances/MI_Default_Blend.uasset" 871
"../../../Engine/Plugins/Interchange/Assets/Content/gltf/MaterialInstances/MI_Default_Blend.uexp" 872
"../../../Engine/Content/Functions/Engine_MaterialFunctions01/Texturing/FlattenNormal.uasset" 873
"../../../Engine/Content/Functions/Engine_MaterialFunctions01/Texturing/FlattenNormal.uexp" 874
"../../../Engine/Plugins/Interchange/Assets/Content/gltf/MaterialFunctions/MF_Clearcoat.uasset" 875
"../../../Engine/Plugins/Interchange/Assets/Content/gltf/MaterialFunctions/MF_Clearcoat.uexp" 876
"../../../Engine/Plugins/Interchange/Assets/Content/gltf/MaterialBodies/MF_ClearCoat_Body.uasset" 877
"../../../Engine/Plugins/Interchange/Assets/Content/gltf/MaterialBodies/MF_ClearCoat_Body.uexp" 878
"../../../Engine/Plugins/Interchange/Assets/Content/gltf/M_ClearCoat.uasset" 879
"../../../Engine/Plugins/Interchange/Assets/Content/gltf/M_ClearCoat.uexp" 880
"../../../Engine/Plugins/Interchange/Assets/Content/gltf/MaterialInstances/MI_ClearCoat_Opaque_DS.uasset" 881
"../../../Engine/Plugins/Interchange/Assets/Content/gltf/MaterialInstances/MI_ClearCoat_Opaque_DS.uexp" 882
"../../../Engine/Plugins/Interchange/Assets/Content/gltf/MaterialInstances/MI_ClearCoat_Opaque.uasset" 883
"../../../Engine/Plugins/Interchange/Assets/Content/gltf/MaterialInstances/MI_ClearCoat_Opaque.uexp" 884
"../../../Engine/Plugins/Interchange/Assets/Content/gltf/MaterialInstances/MI_ClearCoat_Mask_DS.uasset" 885
"../../../Engine/Plugins/Interchange/Assets/Content/gltf/MaterialInstances/MI_ClearCoat_Mask_DS.uexp" 886
"../../../Engine/Plugins/Interchange/Assets/Content/gltf/MaterialInstances/MI_ClearCoat_Mask.uasset" 887
"../../../Engine/Plugins/Interchange/Assets/Content/gltf/MaterialInstances/MI_ClearCoat_Mask.uexp" 888
"../../../Engine/Plugins/Interchange/Assets/Content/gltf/MaterialInstances/MI_ClearCoat_Blend_DS.uasset" 889
"../../../Engine/Plugins/Interchange/Assets/Content/gltf/MaterialInstances/MI_ClearCoat_Blend_DS.uexp" 890
"../../../Engine/Plugins/Interchange/Assets/Content/gltf/MaterialInstances/MI_ClearCoat_Blend.uasset" 891
"../../../Engine/Plugins/Interchange/Assets/Content/gltf/MaterialInstances/MI_ClearCoat_Blend.uexp" 892
"../../../Engine/Content/VREditor/TransformGizmo/Main.uasset" 893
"../../../Engine/Content/VREditor/TransformGizmo/Main.uexp" 894
"../../../Engine/Content/VREditor/TransformGizmo/Xray.uasset" 895
"../../../Engine/Content/VREditor/TransformGizmo/Xray.uexp" 896
"../../../Engine/Content/VREditor/TransformGizmo/SM_Sequencer_Node.ubulk" 897
"../../../Engine/Content/VREditor/TransformGizmo/SM_Sequencer_Node.uasset" 898
"../../../Engine/Content/VREditor/TransformGizmo/SM_Sequencer_Node.uexp" 899
"../../../Engine/Content/VREditor/LaserPointer/VR_LaserPower_01.ubulk" 900
"../../../Engine/Content/VREditor/LaserPointer/VR_LaserPower_01.uasset" 901
"../../../Engine/Content/VREditor/LaserPointer/VR_LaserPower_01.uexp" 902
"../../../Engine/Content/VREditor/TransformGizmo/TransformGizmoMaterial.uasset" 903
"../../../Engine/Content/VREditor/TransformGizmo/TransformGizmoMaterial.uexp" 904
"../../../Engine/Content/VREditor/TransformGizmo/TranslucentTransformGizmoMaterial.uasset" 905
"../../../Engine/Content/VREditor/TransformGizmo/TranslucentTransformGizmoMaterial.uexp" 906
"../../../Engine/Content/VREditor/TransformGizmo/BoundingBoxEdge.ubulk" 907
"../../../Engine/Content/VREditor/TransformGizmo/BoundingBoxEdge.uasset" 908
"../../../Engine/Content/VREditor/TransformGizmo/BoundingBoxEdge.uexp" 909
"../../../Engine/Content/VREditor/TransformGizmo/BoundingBoxCorner.ubulk" 910
"../../../Engine/Content/VREditor/TransformGizmo/BoundingBoxCorner.uasset" 911
"../../../Engine/Content/VREditor/TransformGizmo/BoundingBoxCorner.uexp" 912
"../../../Engine/Content/EngineSky/VolumetricClouds/T_CloudMask.ubulk" 913
"../../../Engine/Content/EngineSky/VolumetricClouds/T_CloudMask.uasset" 914
"../../../Engine/Content/EngineSky/VolumetricClouds/T_CloudMask.uexp" 915
"../../../Engine/Content/EngineSky/VolumetricClouds/VT_Lightning.uasset" 916
"../../../Engine/Content/EngineSky/VolumetricClouds/VT_Lightning.uexp" 917
"../../../Engine/Content/EngineSky/VolumetricClouds/T_Profile_08.ubulk" 918
"../../../Engine/Content/EngineSky/VolumetricClouds/T_Profile_08.uasset" 919
"../../../Engine/Content/EngineSky/VolumetricClouds/T_Profile_08.uexp" 920
"../../../Engine/Content/Functions/Engine_MaterialFunctions02/Utility/MakeFloat4.uasset" 921
"../../../Engine/Content/Functions/Engine_MaterialFunctions02/Utility/MakeFloat4.uexp" 922
"../../../Engine/Content/Functions/Engine_MaterialFunctions01/Units/Km-to-Cm.uasset" 923
"../../../Engine/Content/Functions/Engine_MaterialFunctions01/Units/Km-to-Cm.uexp" 924
"../../../Engine/Content/Functions/Engine_MaterialFunctions02/Utility/BreakOutFloat4Components.uasset" 925
"../../../Engine/Content/Functions/Engine_MaterialFunctions02/Utility/BreakOutFloat4Components.uexp" 926
"../../../Engine/Content/EngineSky/VolumetricClouds/T_CloudPattern.ubulk" 927
"../../../Engine/Content/EngineSky/VolumetricClouds/T_CloudPattern.uasset" 928
"../../../Engine/Content/EngineSky/VolumetricClouds/T_CloudPattern.uexp" 929
"../../../Engine/Content/EngineSky/VolumetricClouds/VT_PerlinWorley_Balanced.uasset" 930
"../../../Engine/Content/EngineSky/VolumetricClouds/VT_PerlinWorley_Balanced.uexp" 931
"../../../Engine/Content/EngineSky/VolumetricClouds/m_SimpleVolumetricCloud.uasset" 932
"../../../Engine/Content/EngineSky/VolumetricClouds/m_SimpleVolumetricCloud.uexp" 933
"../../../Engine/Content/EngineSky/VolumetricClouds/m_SimpleVolumetricCloud_Inst.uasset" 934
"../../../Engine/Content/EngineSky/VolumetricClouds/m_SimpleVolumetricCloud_Inst.uexp" 935
"../../../Engine/Content/EditorMaterials/Camera/CineMat.uasset" 936
"../../../Engine/Content/EditorMaterials/Camera/CineMat.uexp" 937
"../../../Engine/Content/EditorMaterials/Camera/MI_CineMat_Rig.uasset" 938
"../../../Engine/Content/EditorMaterials/Camera/MI_CineMat_Rig.uexp" 939
"../../../Engine/Content/EditorMeshes/Camera/SM_RailRig_Track.ubulk" 940
"../../../Engine/Content/EditorMeshes/Camera/SM_RailRig_Track.uasset" 941
"../../../Engine/Content/EditorMeshes/Camera/SM_RailRig_Track.uexp" 942
"../../../Engine/Content/EditorMeshes/Camera/SM_RailRig_Mount.ubulk" 943
"../../../Engine/Content/EditorMeshes/Camera/SM_RailRig_Mount.uasset" 944
"../../../Engine/Content/EditorMeshes/Camera/SM_RailRig_Mount.uexp" 945
"../../../Engine/Content/EditorMeshes/Camera/SM_CraneRig_Mount.ubulk" 946
"../../../Engine/Content/EditorMeshes/Camera/SM_CraneRig_Mount.uasset" 947
"../../../Engine/Content/EditorMeshes/Camera/SM_CraneRig_Mount.uexp" 948
"../../../Engine/Content/EditorMeshes/Camera/SM_CraneRig_Body.ubulk" 949
"../../../Engine/Content/EditorMeshes/Camera/SM_CraneRig_Body.uasset" 950
"../../../Engine/Content/EditorMeshes/Camera/SM_CraneRig_Body.uexp" 951
"../../../Engine/Content/EditorMeshes/Camera/SM_CraneRig_Base.ubulk" 952
"../../../Engine/Content/EditorMeshes/Camera/SM_CraneRig_Base.uasset" 953
"../../../Engine/Content/EditorMeshes/Camera/SM_CraneRig_Base.uexp" 954
"../../../Engine/Content/EditorMeshes/Camera/SM_CraneRig_Arm.ubulk" 955
"../../../Engine/Content/EditorMeshes/Camera/SM_CraneRig_Arm.uasset" 956
"../../../Engine/Content/EditorMeshes/Camera/SM_CraneRig_Arm.uexp" 957
"../../../Engine/Content/ArtTools/RenderToTexture/Meshes/S_1_Unit_Plane.ubulk" 958
"../../../Engine/Content/ArtTools/RenderToTexture/Meshes/S_1_Unit_Plane.uasset" 959
"../../../Engine/Content/ArtTools/RenderToTexture/Meshes/S_1_Unit_Plane.uexp" 960
"../../../Engine/Plugins/NNE/NNEDenoiser/Content/NNE_oidn2-3-0_rt_hdr_calb_cnrm_large__dyn__fp16_opset11_ForwardAlpha.uasset" 961
"../../../Engine/Plugins/NNE/NNEDenoiser/Content/NNE_oidn2-3-0_rt_hdr_calb_cnrm_large__dyn__fp16_opset11_ForwardAlpha.uexp" 962
"../../../Engine/Plugins/NNE/NNEDenoiser/Content/NNE_oidn2-3-0_rt_hdr_calb_cnrm_large__dyn__fp16_opset11_DenoiseAlpha.uasset" 963
"../../../Engine/Plugins/NNE/NNEDenoiser/Content/NNE_oidn2-3-0_rt_hdr_calb_cnrm_large__dyn__fp16_opset11_DenoiseAlpha.uexp" 964
"../../../Engine/Plugins/NNE/NNEDenoiser/Content/NNE_oidn2-3-0_rt_hdr_alb_nrm__dyn__fp16_opset11_ForwardAlpha.uasset" 965
"../../../Engine/Plugins/NNE/NNEDenoiser/Content/NNE_oidn2-3-0_rt_hdr_alb_nrm__dyn__fp16_opset11_ForwardAlpha.uexp" 966
"../../../Engine/Plugins/NNE/NNEDenoiser/Content/NNE_oidn2-3-0_rt_hdr_alb_nrm__dyn__fp16_opset11_DenoiseAlpha.uasset" 967
"../../../Engine/Plugins/NNE/NNEDenoiser/Content/NNE_oidn2-3-0_rt_hdr_alb_nrm__dyn__fp16_opset11_DenoiseAlpha.uexp" 968
"../../../Engine/Plugins/NNE/NNEDenoiser/Content/NNE_oidn2-3-0_rt_hdr_alb_nrm_small__dyn__fp16_opset11_ForwardAlpha.uasset" 969
"../../../Engine/Plugins/NNE/NNEDenoiser/Content/NNE_oidn2-3-0_rt_hdr_alb_nrm_small__dyn__fp16_opset11_ForwardAlpha.uexp" 970
"../../../Engine/Plugins/NNE/NNEDenoiser/Content/NNE_oidn2-3-0_rt_hdr_alb_nrm_small__dyn__fp16_opset11_DenoiseAlpha.uasset" 971
"../../../Engine/Plugins/NNE/NNEDenoiser/Content/NNE_oidn2-3-0_rt_hdr_alb_nrm_small__dyn__fp16_opset11_DenoiseAlpha.uexp" 972
"../../../Engine/Plugins/NNE/NNEDenoiser/Content/NNED_Oidn2-3_HighQuality_Alpha.uasset" 973
"../../../Engine/Plugins/NNE/NNEDenoiser/Content/NNED_Oidn2-3_HighQuality_Alpha.uexp" 974
"../../../Engine/Plugins/NNE/NNEDenoiser/Content/NNED_Oidn2-3_HighQuality.uasset" 975
"../../../Engine/Plugins/NNE/NNEDenoiser/Content/NNED_Oidn2-3_HighQuality.uexp" 976
"../../../Engine/Plugins/NNE/NNEDenoiser/Content/NNED_Oidn2-3_Fast_Alpha.uasset" 977
"../../../Engine/Plugins/NNE/NNEDenoiser/Content/NNED_Oidn2-3_Fast_Alpha.uexp" 978
"../../../Engine/Plugins/NNE/NNEDenoiser/Content/NNED_Oidn2-3_Fast.uasset" 979
"../../../Engine/Plugins/NNE/NNEDenoiser/Content/NNED_Oidn2-3_Fast.uexp" 980
"../../../Engine/Plugins/NNE/NNEDenoiser/Content/NNED_Oidn2-3_Balanced_Alpha.uasset" 981
"../../../Engine/Plugins/NNE/NNEDenoiser/Content/NNED_Oidn2-3_Balanced_Alpha.uexp" 982
"../../../Engine/Plugins/NNE/NNEDenoiser/Content/NNED_Oidn2-3_Balanced.uasset" 983
"../../../Engine/Plugins/NNE/NNEDenoiser/Content/NNED_Oidn2-3_Balanced.uexp" 984
"../../../Engine/Plugins/NNE/NNEDenoiser/Content/NNEDT_Oidn2-3_Balanced_Alpha.uasset" 985
"../../../Engine/Plugins/NNE/NNEDenoiser/Content/NNEDT_Oidn2-3_Balanced_Alpha.uexp" 986
"../../../Engine/Plugins/NNE/NNEDenoiser/Content/NNEDT_Oidn2-3_Balanced.uasset" 987
"../../../Engine/Plugins/NNE/NNEDenoiser/Content/NNEDT_Oidn2-3_Balanced.uexp" 988
"../../../Engine/Plugins/Animation/DeformerGraph/Content/Deformers/DG_LinearBlendSkin_Morph_Cloth_RecomputeNormals.uasset" 989
"../../../Engine/Plugins/Animation/DeformerGraph/Content/Deformers/DG_LinearBlendSkin_Morph_Cloth_RecomputeNormals.uexp" 990
"../../../Engine/Plugins/Animation/DeformerGraph/Content/Deformers/DG_LinearBlendSkin_Morph_Cloth.uasset" 991
"../../../Engine/Plugins/Animation/DeformerGraph/Content/Deformers/DG_LinearBlendSkin_Morph_Cloth.uexp" 992
"../../../Engine/Plugins/Animation/DeformerGraph/Content/DeformerFunctions/DG_Function_LinearBlendSkin_Morph_Cloth_PositionOnly.uasset" 993
"../../../Engine/Plugins/Animation/DeformerGraph/Content/DeformerFunctions/DG_Function_LinearBlendSkin_Morph_Cloth_PositionOnly.uexp" 994
"../../../Engine/Plugins/Animation/DeformerGraph/Content/DeformerFunctions/DG_Function_LinearBlendSkin_Morph_Cloth.uasset" 995
"../../../Engine/Plugins/Animation/DeformerGraph/Content/DeformerFunctions/DG_Function_LinearBlendSkin_Morph_Cloth.uexp" 996
"../../../Engine/Plugins/Animation/DeformerGraph/Content/DeformerFunctions/DG_Function_ComputeNormalsTangents.uasset" 997
"../../../Engine/Plugins/Animation/DeformerGraph/Content/DeformerFunctions/DG_Function_ComputeNormalsTangents.uexp" 998
"../../../Engine/Content/VREditor/TransformGizmo/StartRotationHandleIndicator.ubulk" 999
"../../../Engine/Content/VREditor/TransformGizmo/StartRotationHandleIndicator.uasset" 1000
"../../../Engine/Content/VREditor/TransformGizmo/StartRotationHandleIndicator.uexp" 1001
"../../../Engine/Content/VREditor/Sounds/UI/Drop_Item_From_ContentBrowser.ubulk" 1002
"../../../Engine/Content/VREditor/Sounds/UI/Drop_Item_From_ContentBrowser.uasset" 1003
"../../../Engine/Content/VREditor/Sounds/UI/Drop_Item_From_ContentBrowser.uexp" 1004
"../../../Engine/Content/VREditor/TransformGizmo/PlaneTranslationHandle.ubulk" 1005
"../../../Engine/Content/VREditor/TransformGizmo/PlaneTranslationHandle.uasset" 1006
"../../../Engine/Content/VREditor/TransformGizmo/PlaneTranslationHandle.uexp" 1007
"../../../Engine/Content/VREditor/Sounds/UI/Object_Snaps_To_Grid.ubulk" 1008
"../../../Engine/Content/VREditor/Sounds/UI/Object_Snaps_To_Grid.uasset" 1009
"../../../Engine/Content/VREditor/Sounds/UI/Object_Snaps_To_Grid.uexp" 1010
"../../../Engine/Content/VREditor/Sounds/UI/Selection_Changes.ubulk" 1011
"../../../Engine/Content/VREditor/Sounds/UI/Selection_Changes.uasset" 1012
"../../../Engine/Content/VREditor/Sounds/UI/Selection_Changes.uexp" 1013
"../../../Engine/Content/VREditor/Sounds/UI/Object_Snaps_To_Another_Actor.ubulk" 1014
"../../../Engine/Content/VREditor/Sounds/UI/Object_Snaps_To_Another_Actor.uasset" 1015
"../../../Engine/Content/VREditor/Sounds/UI/Object_Snaps_To_Another_Actor.uexp" 1016
"../../../Engine/Content/VREditor/TransformGizmo/TranslucentTransformGizmoMaterial_Inst.uasset" 1017
"../../../Engine/Content/VREditor/TransformGizmo/TranslucentTransformGizmoMaterial_Inst.uexp" 1018
"../../../Engine/Content/VREditor/TransformGizmo/TransformGizmoFreeRotation.ubulk" 1019
"../../../Engine/Content/VREditor/TransformGizmo/TransformGizmoFreeRotation.uasset" 1020
"../../../Engine/Content/VREditor/TransformGizmo/TransformGizmoFreeRotation.uexp" 1021
"../../../Engine/Content/VREditor/Sounds/UI/Scaling_Down.ubulk" 1022
"../../../Engine/Content/VREditor/Sounds/UI/Scaling_Down.uasset" 1023
"../../../Engine/Content/VREditor/Sounds/UI/Scaling_Down.uexp" 1024
"../../../Engine/Content/Functions/Engine_MaterialFunctions02/SplitComponents.uasset" 1025
"../../../Engine/Content/Functions/Engine_MaterialFunctions02/SplitComponents.uexp" 1026
"../../../Engine/Content/VREditor/SnapGrid/SnapGridMaterial.uasset" 1027
"../../../Engine/Content/VREditor/SnapGrid/SnapGridMaterial.uexp" 1028
"../../../Engine/Content/VREditor/SnapGrid/SnapGridPlaneMesh.ubulk" 1029
"../../../Engine/Content/VREditor/SnapGrid/SnapGridPlaneMesh.uasset" 1030
"../../../Engine/Content/VREditor/SnapGrid/SnapGridPlaneMesh.uexp" 1031
"../../../Engine/Content/VREditor/Sounds/UI/Scaling_Up.ubulk" 1032
"../../../Engine/Content/VREditor/Sounds/UI/Scaling_Up.uasset" 1033
"../../../Engine/Content/VREditor/Sounds/UI/Scaling_Up.uexp" 1034
"../../../Engine/Content/VREditor/TransformGizmo/TransformGizmoMaterial_Inst.uasset" 1035
"../../../Engine/Content/VREditor/TransformGizmo/TransformGizmoMaterial_Inst.uexp" 1036
"../../../Engine/Content/VREditor/Sounds/UI/Gizmo_Handle_Clicked.ubulk" 1037
"../../../Engine/Content/VREditor/Sounds/UI/Gizmo_Handle_Clicked.uasset" 1038
"../../../Engine/Content/VREditor/Sounds/UI/Gizmo_Handle_Clicked.uexp" 1039
"../../../Engine/Content/VREditor/TransformGizmo/RotationHandleQuarter.ubulk" 1040
"../../../Engine/Content/VREditor/TransformGizmo/RotationHandleQuarter.uasset" 1041
"../../../Engine/Content/VREditor/TransformGizmo/RotationHandleQuarter.uexp" 1042
"../../../Engine/Content/VREditor/TransformGizmo/TranslateArrowHandle.ubulk" 1043
"../../../Engine/Content/VREditor/TransformGizmo/TranslateArrowHandle.uasset" 1044
"../../../Engine/Content/VREditor/TransformGizmo/TranslateArrowHandle.uexp" 1045
"../../../Engine/Content/VREditor/TransformGizmo/RotationHandleIndicator.ubulk" 1046
"../../../Engine/Content/VREditor/TransformGizmo/RotationHandleIndicator.uasset" 1047
"../../../Engine/Content/VREditor/TransformGizmo/RotationHandleIndicator.uexp" 1048
"../../../Engine/Content/VREditor/TransformGizmo/UniformScaleHandle.ubulk" 1049
"../../../Engine/Content/VREditor/TransformGizmo/UniformScaleHandle.uasset" 1050
"../../../Engine/Content/VREditor/TransformGizmo/UniformScaleHandle.uexp" 1051
"../../../Engine/Content/VREditor/TransformGizmo/RotationHandleFull.ubulk" 1052
"../../../Engine/Content/VREditor/TransformGizmo/RotationHandleFull.uasset" 1053
"../../../Engine/Content/VREditor/TransformGizmo/RotationHandleFull.uexp" 1054
"../../../Engine/Content/VREditor/Sounds/UI/Object_PickUp.ubulk" 1055
"../../../Engine/Content/VREditor/Sounds/UI/Object_PickUp.uasset" 1056
"../../../Engine/Content/VREditor/Sounds/UI/Object_PickUp.uexp" 1057
"../../../Engine/Content/Maps/Entry_BuiltData.uasset" 1058
"../../../Engine/Content/Maps/Entry_BuiltData.uexp" 1059
"../../../Engine/Content/Maps/Entry.uexp" 1060
"../../../Engine/Content/Maps/Entry.umap" 1061
"../../../Engine/Plugins/Interchange/Assets/Content/gltf/MaterialInstances/MI_Default_Blend_DS.uasset" 1062
"../../../Engine/Plugins/Interchange/Assets/Content/gltf/MaterialInstances/MI_Default_Blend_DS.uexp" 1063
"C:/Users/jhona/OneDrive/Documentos/GitHub/MotoresComerciales1-2025/MotoresComerciales/Content/Brushify/Meshes/Cliffs/Meshes/Desert_eyes/desert_eye_texture_4.ubulk" 1064
"C:/Users/jhona/OneDrive/Documentos/GitHub/MotoresComerciales1-2025/MotoresComerciales/Content/Brushify/Meshes/Cliffs/Meshes/Desert_eyes/desert_eye_texture_4.uasset" 1065
"C:/Users/jhona/OneDrive/Documentos/GitHub/MotoresComerciales1-2025/MotoresComerciales/Content/Brushify/Meshes/Cliffs/Meshes/Desert_eyes/desert_eye_texture_4.uexp" 1066
"C:/Users/jhona/OneDrive/Documentos/GitHub/MotoresComerciales1-2025/MotoresComerciales/Content/Brushify/Meshes/Cliffs/Meshes/Desert_eyes/desert_eye_texture_5.ubulk" 1067
"C:/Users/jhona/OneDrive/Documentos/GitHub/MotoresComerciales1-2025/MotoresComerciales/Content/Brushify/Meshes/Cliffs/Meshes/Desert_eyes/desert_eye_texture_5.uasset" 1068
"C:/Users/jhona/OneDrive/Documentos/GitHub/MotoresComerciales1-2025/MotoresComerciales/Content/Brushify/Meshes/Cliffs/Meshes/Desert_eyes/desert_eye_texture_5.uexp" 1069
"C:/Users/jhona/OneDrive/Documentos/GitHub/MotoresComerciales1-2025/MotoresComerciales/Content/Brushify/Meshes/Cliffs/Meshes/Desert_eyes/desert_eye_texture_6.ubulk" 1070
"C:/Users/jhona/OneDrive/Documentos/GitHub/MotoresComerciales1-2025/MotoresComerciales/Content/Brushify/Meshes/Cliffs/Meshes/Desert_eyes/desert_eye_texture_6.uasset" 1071
"C:/Users/jhona/OneDrive/Documentos/GitHub/MotoresComerciales1-2025/MotoresComerciales/Content/Brushify/Meshes/Cliffs/Meshes/Desert_eyes/desert_eye_texture_6.uexp" 1072
"C:/Users/jhona/OneDrive/Documentos/GitHub/MotoresComerciales1-2025/MotoresComerciales/Content/Brushify/Meshes/Cliffs/Meshes/Desert_eyes/desert_eye_texture_7.ubulk" 1073
"C:/Users/jhona/OneDrive/Documentos/GitHub/MotoresComerciales1-2025/MotoresComerciales/Content/Brushify/Meshes/Cliffs/Meshes/Desert_eyes/desert_eye_texture_7.uasset" 1074
"C:/Users/jhona/OneDrive/Documentos/GitHub/MotoresComerciales1-2025/MotoresComerciales/Content/Brushify/Meshes/Cliffs/Meshes/Desert_eyes/desert_eye_texture_7.uexp" 1075
"C:/Users/jhona/OneDrive/Documentos/GitHub/MotoresComerciales1-2025/MotoresComerciales/Content/Brushify/Meshes/Cliffs/Meshes/Desert_eyes/front1.uasset" 1076
"C:/Users/jhona/OneDrive/Documentos/GitHub/MotoresComerciales1-2025/MotoresComerciales/Content/Brushify/Meshes/Cliffs/Meshes/Desert_eyes/front1.uexp" 1077
"C:/Users/jhona/OneDrive/Documentos/GitHub/MotoresComerciales1-2025/MotoresComerciales/Content/Brushify/Meshes/Cliffs/Meshes/Desert_eyes/defaultMaterial_9a37ea8881dd68ac6b429b0efc8e1ccd.ubulk" 1078
"C:/Users/jhona/OneDrive/Documentos/GitHub/MotoresComerciales1-2025/MotoresComerciales/Content/Brushify/Meshes/Cliffs/Meshes/Desert_eyes/defaultMaterial_9a37ea8881dd68ac6b429b0efc8e1ccd.uasset" 1079
"C:/Users/jhona/OneDrive/Documentos/GitHub/MotoresComerciales1-2025/MotoresComerciales/Content/Brushify/Meshes/Cliffs/Meshes/Desert_eyes/defaultMaterial_9a37ea8881dd68ac6b429b0efc8e1ccd.uexp" 1080
"C:/Users/jhona/OneDrive/Documentos/GitHub/MotoresComerciales1-2025/MotoresComerciales/Content/Brushify/Materials/Landscape/Textures/Mud/T_Mud_D.ubulk" 1081
"C:/Users/jhona/OneDrive/Documentos/GitHub/MotoresComerciales1-2025/MotoresComerciales/Content/Brushify/Materials/Landscape/Textures/Mud/T_Mud_D.uasset" 1082
"C:/Users/jhona/OneDrive/Documentos/GitHub/MotoresComerciales1-2025/MotoresComerciales/Content/Brushify/Materials/Landscape/Textures/Mud/T_Mud_D.uexp" 1083
"C:/Users/jhona/OneDrive/Documentos/GitHub/MotoresComerciales1-2025/MotoresComerciales/Content/Brushify/Materials/Landscape/ProceduralMeshes/Rocks/Scree_02/T_Scree_02_N.ubulk" 1084
"C:/Users/jhona/OneDrive/Documentos/GitHub/MotoresComerciales1-2025/MotoresComerciales/Content/Brushify/Materials/Landscape/ProceduralMeshes/Rocks/Scree_02/T_Scree_02_N.uasset" 1085
"C:/Users/jhona/OneDrive/Documentos/GitHub/MotoresComerciales1-2025/MotoresComerciales/Content/Brushify/Materials/Landscape/ProceduralMeshes/Rocks/Scree_02/T_Scree_02_N.uexp" 1086
"C:/Users/jhona/OneDrive/Documentos/GitHub/MotoresComerciales1-2025/MotoresComerciales/Content/Brushify/Materials/Landscape/Textures/Grass/T_Grass_D.ubulk" 1087
"C:/Users/jhona/OneDrive/Documentos/GitHub/MotoresComerciales1-2025/MotoresComerciales/Content/Brushify/Materials/Landscape/Textures/Grass/T_Grass_D.uasset" 1088
"C:/Users/jhona/OneDrive/Documentos/GitHub/MotoresComerciales1-2025/MotoresComerciales/Content/Brushify/Materials/Landscape/Textures/Grass/T_Grass_D.uexp" 1089
"../../../Engine/Content/EngineMaterials/BlendFunc_DefBlend.uasset" 1090
"../../../Engine/Content/EngineMaterials/BlendFunc_DefBlend.uexp" 1091
"C:/Users/jhona/OneDrive/Documentos/GitHub/MotoresComerciales1-2025/MotoresComerciales/Content/Brushify/Materials/Functions/MF_Tiling.uasset" 1092
"C:/Users/jhona/OneDrive/Documentos/GitHub/MotoresComerciales1-2025/MotoresComerciales/Content/Brushify/Materials/Functions/MF_Tiling.uexp" 1093
"../../../Engine/Content/EngineMaterials/BlendFunc_DefBase.uasset" 1094
"../../../Engine/Content/EngineMaterials/BlendFunc_DefBase.uexp" 1095
"../../../Engine/Content/Functions/Engine_MaterialFunctions03/Blends/Blend_Screen.uasset" 1096
"../../../Engine/Content/Functions/Engine_MaterialFunctions03/Blends/Blend_Screen.uexp" 1097
"C:/Users/jhona/OneDrive/Documentos/GitHub/MotoresComerciales1-2025/MotoresComerciales/Content/Brushify/Materials/Landscape/Textures/Mud/T_Mud_N.ubulk" 1098
"C:/Users/jhona/OneDrive/Documentos/GitHub/MotoresComerciales1-2025/MotoresComerciales/Content/Brushify/Materials/Landscape/Textures/Mud/T_Mud_N.uasset" 1099
"C:/Users/jhona/OneDrive/Documentos/GitHub/MotoresComerciales1-2025/MotoresComerciales/Content/Brushify/Materials/Landscape/Textures/Mud/T_Mud_N.uexp" 1100
"C:/Users/jhona/OneDrive/Documentos/GitHub/MotoresComerciales1-2025/MotoresComerciales/Content/Brushify/Materials/Functions/MF_DetailMapping.uasset" 1101
"C:/Users/jhona/OneDrive/Documentos/GitHub/MotoresComerciales1-2025/MotoresComerciales/Content/Brushify/Materials/Functions/MF_DetailMapping.uexp" 1102
"../../../Engine/Content/Functions/Engine_MaterialFunctions03/Blends/Blend_Overlay.uasset" 1103
"../../../Engine/Content/Functions/Engine_MaterialFunctions03/Blends/Blend_Overlay.uexp" 1104
"../../../Engine/Content/Functions/Engine_MaterialFunctions02/Utility/DitherTemporalAA.uasset" 1105
"../../../Engine/Content/Functions/Engine_MaterialFunctions02/Utility/DitherTemporalAA.uexp" 1106
"C:/Users/jhona/OneDrive/Documentos/GitHub/MotoresComerciales1-2025/MotoresComerciales/Content/Brushify/Materials/Landscape/Functions/Features/MF_ObjectBlending.uasset" 1107
"C:/Users/jhona/OneDrive/Documentos/GitHub/MotoresComerciales1-2025/MotoresComerciales/Content/Brushify/Materials/Landscape/Functions/Features/MF_ObjectBlending.uexp" 1108
"C:/Users/jhona/OneDrive/Documentos/GitHub/MotoresComerciales1-2025/MotoresComerciales/Content/Brushify/Materials/Functions/MF_PBR.uasset" 1109
"C:/Users/jhona/OneDrive/Documentos/GitHub/MotoresComerciales1-2025/MotoresComerciales/Content/Brushify/Materials/Functions/MF_PBR.uexp" 1110
"C:/Users/jhona/OneDrive/Documentos/GitHub/MotoresComerciales1-2025/MotoresComerciales/Content/Brushify/Materials/Functions/MF_DistanceShrink.uasset" 1111
"C:/Users/jhona/OneDrive/Documentos/GitHub/MotoresComerciales1-2025/MotoresComerciales/Content/Brushify/Materials/Functions/MF_DistanceShrink.uexp" 1112
"C:/Users/jhona/OneDrive/Documentos/GitHub/MotoresComerciales1-2025/MotoresComerciales/Content/Brushify/Materials/Landscape/Textures/T_Default_N.ubulk" 1113
"C:/Users/jhona/OneDrive/Documentos/GitHub/MotoresComerciales1-2025/MotoresComerciales/Content/Brushify/Materials/Landscape/Textures/T_Default_N.uasset" 1114
"C:/Users/jhona/OneDrive/Documentos/GitHub/MotoresComerciales1-2025/MotoresComerciales/Content/Brushify/Materials/Landscape/Textures/T_Default_N.uexp" 1115
"../../../Engine/Content/Functions/Engine_MaterialFunctions03/Blends/Blend_Darken.uasset" 1116
"../../../Engine/Content/Functions/Engine_MaterialFunctions03/Blends/Blend_Darken.uexp" 1117
"C:/Users/jhona/OneDrive/Documentos/GitHub/MotoresComerciales1-2025/MotoresComerciales/Content/Brushify/Materials/Landscape/Textures/Cliffs/T_CliffSurface_Snow_D.ubulk" 1118
"C:/Users/jhona/OneDrive/Documentos/GitHub/MotoresComerciales1-2025/MotoresComerciales/Content/Brushify/Materials/Landscape/Textures/Cliffs/T_CliffSurface_Snow_D.uasset" 1119
"C:/Users/jhona/OneDrive/Documentos/GitHub/MotoresComerciales1-2025/MotoresComerciales/Content/Brushify/Materials/Landscape/Textures/Cliffs/T_CliffSurface_Snow_D.uexp" 1120
"../../../Engine/Content/Functions/Engine_MaterialFunctions01/AlphaBlend/WorldAlignedBlend.uasset" 1121
"../../../Engine/Content/Functions/Engine_MaterialFunctions01/AlphaBlend/WorldAlignedBlend.uexp" 1122
"../../../Engine/Content/Functions/Engine_MaterialFunctions03/Blends/Blend_Lighten.uasset" 1123
"../../../Engine/Content/Functions/Engine_MaterialFunctions03/Blends/Blend_Lighten.uexp" 1124
"../../../Engine/Content/Functions/Engine_MaterialFunctions01/Gradient/LinearGradient.uasset" 1125
"../../../Engine/Content/Functions/Engine_MaterialFunctions01/Gradient/LinearGradient.uexp" 1126
"../../../Engine/Content/Functions/Engine_MaterialFunctions01/ImageAdjustment/CheapContrast.uasset" 1127
"../../../Engine/Content/Functions/Engine_MaterialFunctions01/ImageAdjustment/CheapContrast.uexp" 1128
"../../../Engine/Content/Functions/Engine_MaterialFunctions01/Texturing/WorldAlignedTexture.uasset" 1129
"../../../Engine/Content/Functions/Engine_MaterialFunctions01/Texturing/WorldAlignedTexture.uexp" 1130
"C:/Users/jhona/OneDrive/Documentos/GitHub/MotoresComerciales1-2025/MotoresComerciales/Content/Brushify/Materials/Landscape/Textures/T_ErosionMask.uasset" 1131
"C:/Users/jhona/OneDrive/Documentos/GitHub/MotoresComerciales1-2025/MotoresComerciales/Content/Brushify/Materials/Landscape/Textures/T_ErosionMask.uexp" 1132
"C:/Users/jhona/OneDrive/Documentos/GitHub/MotoresComerciales1-2025/MotoresComerciales/Content/Brushify/Materials/Functions/MF_BiomeEffects.uasset" 1133
"C:/Users/jhona/OneDrive/Documentos/GitHub/MotoresComerciales1-2025/MotoresComerciales/Content/Brushify/Materials/Functions/MF_BiomeEffects.uexp" 1134
"C:/Users/jhona/OneDrive/Documentos/GitHub/MotoresComerciales1-2025/MotoresComerciales/Content/Brushify/Materials/Landscape/Functions/RVT/VirtualTextures/VT_Height_Example.uasset" 1135
"C:/Users/jhona/OneDrive/Documentos/GitHub/MotoresComerciales1-2025/MotoresComerciales/Content/Brushify/Materials/Landscape/Functions/RVT/VirtualTextures/VT_Height_Example.uexp" 1136
"C:/Users/jhona/OneDrive/Documentos/GitHub/MotoresComerciales1-2025/MotoresComerciales/Content/Brushify/Materials/Landscape/Functions/RVT/VirtualTextures/VT_Landscape_Example.uasset" 1137
"C:/Users/jhona/OneDrive/Documentos/GitHub/MotoresComerciales1-2025/MotoresComerciales/Content/Brushify/Materials/Landscape/Functions/RVT/VirtualTextures/VT_Landscape_Example.uexp" 1138
"C:/Users/jhona/OneDrive/Documentos/GitHub/MotoresComerciales1-2025/MotoresComerciales/Content/Brushify/Materials/Landscape/Functions/RVT/MF_RVT_Blending.uasset" 1139
"C:/Users/jhona/OneDrive/Documentos/GitHub/MotoresComerciales1-2025/MotoresComerciales/Content/Brushify/Materials/Landscape/Functions/RVT/MF_RVT_Blending.uexp" 1140
"C:/Users/jhona/OneDrive/Documentos/GitHub/MotoresComerciales1-2025/MotoresComerciales/Content/Brushify/Materials/Functions/MF_BaseTextures.uasset" 1141
"C:/Users/jhona/OneDrive/Documentos/GitHub/MotoresComerciales1-2025/MotoresComerciales/Content/Brushify/Materials/Functions/MF_BaseTextures.uexp" 1142
"C:/Users/jhona/OneDrive/Documentos/GitHub/MotoresComerciales1-2025/MotoresComerciales/Content/Brushify/Materials/M_NearMesh_Master.uasset" 1143
"C:/Users/jhona/OneDrive/Documentos/GitHub/MotoresComerciales1-2025/MotoresComerciales/Content/Brushify/Materials/M_NearMesh_Master.uexp" 1144
"C:/Users/jhona/OneDrive/Documentos/GitHub/MotoresComerciales1-2025/MotoresComerciales/Content/Brushify/Materials/Landscape/ProceduralMeshes/Rocks/Scree_02/T_Scree_02_D.ubulk" 1145
"C:/Users/jhona/OneDrive/Documentos/GitHub/MotoresComerciales1-2025/MotoresComerciales/Content/Brushify/Materials/Landscape/ProceduralMeshes/Rocks/Scree_02/T_Scree_02_D.uasset" 1146
"C:/Users/jhona/OneDrive/Documentos/GitHub/MotoresComerciales1-2025/MotoresComerciales/Content/Brushify/Materials/Landscape/ProceduralMeshes/Rocks/Scree_02/T_Scree_02_D.uexp" 1147
"C:/Users/jhona/OneDrive/Documentos/GitHub/MotoresComerciales1-2025/MotoresComerciales/Content/Brushify/Materials/Landscape/ProceduralMeshes/Rocks/Scree_02/MI_Scree_02.uasset" 1148
"C:/Users/jhona/OneDrive/Documentos/GitHub/MotoresComerciales1-2025/MotoresComerciales/Content/Brushify/Materials/Landscape/ProceduralMeshes/Rocks/Scree_02/MI_Scree_02.uexp" 1149
"C:/Users/jhona/OneDrive/Documentos/GitHub/MotoresComerciales1-2025/MotoresComerciales/Content/Brushify/Materials/Landscape/ProceduralMeshes/Rocks/Scree_02/s_Scree_02.ubulk" 1150
"C:/Users/jhona/OneDrive/Documentos/GitHub/MotoresComerciales1-2025/MotoresComerciales/Content/Brushify/Materials/Landscape/ProceduralMeshes/Rocks/Scree_02/s_Scree_02.uasset" 1151
"C:/Users/jhona/OneDrive/Documentos/GitHub/MotoresComerciales1-2025/MotoresComerciales/Content/Brushify/Materials/Landscape/ProceduralMeshes/Rocks/Scree_02/s_Scree_02.uexp" 1152
"C:/Users/jhona/OneDrive/Documentos/GitHub/MotoresComerciales1-2025/MotoresComerciales/Content/Brushify/Materials/Landscape/ProceduralMeshes/Rocks/Rock_02/Textures/T_Rock_02_D.ubulk" 1153
"C:/Users/jhona/OneDrive/Documentos/GitHub/MotoresComerciales1-2025/MotoresComerciales/Content/Brushify/Materials/Landscape/ProceduralMeshes/Rocks/Rock_02/Textures/T_Rock_02_D.uasset" 1154
"C:/Users/jhona/OneDrive/Documentos/GitHub/MotoresComerciales1-2025/MotoresComerciales/Content/Brushify/Materials/Landscape/ProceduralMeshes/Rocks/Rock_02/Textures/T_Rock_02_D.uexp" 1155
"C:/Users/jhona/OneDrive/Documentos/GitHub/MotoresComerciales1-2025/MotoresComerciales/Content/Brushify/Materials/Landscape/ProceduralMeshes/Rocks/Rock_02/Textures/T_Rock_02_N.ubulk" 1156
"C:/Users/jhona/OneDrive/Documentos/GitHub/MotoresComerciales1-2025/MotoresComerciales/Content/Brushify/Materials/Landscape/ProceduralMeshes/Rocks/Rock_02/Textures/T_Rock_02_N.uasset" 1157
"C:/Users/jhona/OneDrive/Documentos/GitHub/MotoresComerciales1-2025/MotoresComerciales/Content/Brushify/Materials/Landscape/ProceduralMeshes/Rocks/Rock_02/Textures/T_Rock_02_N.uexp" 1158
"C:/Users/jhona/OneDrive/Documentos/GitHub/MotoresComerciales1-2025/MotoresComerciales/Content/Brushify/Materials/Landscape/ProceduralMeshes/Rocks/Rock_02/MI_Rock_02.uasset" 1159
"C:/Users/jhona/OneDrive/Documentos/GitHub/MotoresComerciales1-2025/MotoresComerciales/Content/Brushify/Materials/Landscape/ProceduralMeshes/Rocks/Rock_02/MI_Rock_02.uexp" 1160
"C:/Users/jhona/OneDrive/Documentos/GitHub/MotoresComerciales1-2025/MotoresComerciales/Content/Brushify/Materials/Landscape/ProceduralMeshes/Rocks/Rock_02/S_Rock_02.ubulk" 1161
"C:/Users/jhona/OneDrive/Documentos/GitHub/MotoresComerciales1-2025/MotoresComerciales/Content/Brushify/Materials/Landscape/ProceduralMeshes/Rocks/Rock_02/S_Rock_02.uasset" 1162
"C:/Users/jhona/OneDrive/Documentos/GitHub/MotoresComerciales1-2025/MotoresComerciales/Content/Brushify/Materials/Landscape/ProceduralMeshes/Rocks/Rock_02/S_Rock_02.uexp" 1163
"C:/Users/jhona/OneDrive/Documentos/GitHub/MotoresComerciales1-2025/MotoresComerciales/Content/Brushify/Materials/Landscape/ProceduralMeshes/Rocks/Scree_01/Textures/T_Scree_01_N.ubulk" 1164
"C:/Users/jhona/OneDrive/Documentos/GitHub/MotoresComerciales1-2025/MotoresComerciales/Content/Brushify/Materials/Landscape/ProceduralMeshes/Rocks/Scree_01/Textures/T_Scree_01_N.uasset" 1165
"C:/Users/jhona/OneDrive/Documentos/GitHub/MotoresComerciales1-2025/MotoresComerciales/Content/Brushify/Materials/Landscape/ProceduralMeshes/Rocks/Scree_01/Textures/T_Scree_01_N.uexp" 1166
"C:/Users/jhona/OneDrive/Documentos/GitHub/MotoresComerciales1-2025/MotoresComerciales/Content/Brushify/Materials/Landscape/ProceduralMeshes/Rocks/Scree_01/Textures/T_Scree_01_D.ubulk" 1167
"C:/Users/jhona/OneDrive/Documentos/GitHub/MotoresComerciales1-2025/MotoresComerciales/Content/Brushify/Materials/Landscape/ProceduralMeshes/Rocks/Scree_01/Textures/T_Scree_01_D.uasset" 1168
"C:/Users/jhona/OneDrive/Documentos/GitHub/MotoresComerciales1-2025/MotoresComerciales/Content/Brushify/Materials/Landscape/ProceduralMeshes/Rocks/Scree_01/Textures/T_Scree_01_D.uexp" 1169
"C:/Users/jhona/OneDrive/Documentos/GitHub/MotoresComerciales1-2025/MotoresComerciales/Content/Brushify/Materials/Landscape/ProceduralMeshes/Rocks/Scree_01/MI_Scree_01.uasset" 1170
"C:/Users/jhona/OneDrive/Documentos/GitHub/MotoresComerciales1-2025/MotoresComerciales/Content/Brushify/Materials/Landscape/ProceduralMeshes/Rocks/Scree_01/MI_Scree_01.uexp" 1171
"C:/Users/jhona/OneDrive/Documentos/GitHub/MotoresComerciales1-2025/MotoresComerciales/Content/Brushify/Materials/Landscape/ProceduralMeshes/Rocks/Scree_01/S_Scree_01.ubulk" 1172
"C:/Users/jhona/OneDrive/Documentos/GitHub/MotoresComerciales1-2025/MotoresComerciales/Content/Brushify/Materials/Landscape/ProceduralMeshes/Rocks/Scree_01/S_Scree_01.uasset" 1173
"C:/Users/jhona/OneDrive/Documentos/GitHub/MotoresComerciales1-2025/MotoresComerciales/Content/Brushify/Materials/Landscape/ProceduralMeshes/Rocks/Scree_01/S_Scree_01.uexp" 1174
"C:/Users/jhona/OneDrive/Documentos/GitHub/MotoresComerciales1-2025/MotoresComerciales/Content/Brushify/Materials/Landscape/Textures/Cliffs/T_CliffSurface_D.ubulk" 1175
"C:/Users/jhona/OneDrive/Documentos/GitHub/MotoresComerciales1-2025/MotoresComerciales/Content/Brushify/Materials/Landscape/Textures/Cliffs/T_CliffSurface_D.uasset" 1176
"C:/Users/jhona/OneDrive/Documentos/GitHub/MotoresComerciales1-2025/MotoresComerciales/Content/Brushify/Materials/Landscape/Textures/Cliffs/T_CliffSurface_D.uexp" 1177
"C:/Users/jhona/OneDrive/Documentos/GitHub/MotoresComerciales1-2025/MotoresComerciales/Content/Brushify/Materials/Landscape/Textures/Cliffs/T_CliffSurface_N.ubulk" 1178
"C:/Users/jhona/OneDrive/Documentos/GitHub/MotoresComerciales1-2025/MotoresComerciales/Content/Brushify/Materials/Landscape/Textures/Cliffs/T_CliffSurface_N.uasset" 1179
"C:/Users/jhona/OneDrive/Documentos/GitHub/MotoresComerciales1-2025/MotoresComerciales/Content/Brushify/Materials/Landscape/Textures/Cliffs/T_CliffSurface_N.uexp" 1180
"C:/Users/jhona/OneDrive/Documentos/GitHub/MotoresComerciales1-2025/MotoresComerciales/Content/Brushify/Materials/Landscape/ProceduralMeshes/Rocks/Pebbles_01/MI_Pebbles_01.uasset" 1181
"C:/Users/jhona/OneDrive/Documentos/GitHub/MotoresComerciales1-2025/MotoresComerciales/Content/Brushify/Materials/Landscape/ProceduralMeshes/Rocks/Pebbles_01/MI_Pebbles_01.uexp" 1182
"C:/Users/jhona/OneDrive/Documentos/GitHub/MotoresComerciales1-2025/MotoresComerciales/Content/Brushify/Materials/Landscape/ProceduralMeshes/Rocks/Pebbles_01/S_Pebbles_01.ubulk" 1183
"C:/Users/jhona/OneDrive/Documentos/GitHub/MotoresComerciales1-2025/MotoresComerciales/Content/Brushify/Materials/Landscape/ProceduralMeshes/Rocks/Pebbles_01/S_Pebbles_01.uasset" 1184
"C:/Users/jhona/OneDrive/Documentos/GitHub/MotoresComerciales1-2025/MotoresComerciales/Content/Brushify/Materials/Landscape/ProceduralMeshes/Rocks/Pebbles_01/S_Pebbles_01.uexp" 1185
"C:/Users/jhona/OneDrive/Documentos/GitHub/MotoresComerciales1-2025/MotoresComerciales/Content/Brushify/Materials/Landscape/ProceduralMeshes/Rocks/Rock_04/Textures/T_Rock_04_D.ubulk" 1186
"C:/Users/jhona/OneDrive/Documentos/GitHub/MotoresComerciales1-2025/MotoresComerciales/Content/Brushify/Materials/Landscape/ProceduralMeshes/Rocks/Rock_04/Textures/T_Rock_04_D.uasset" 1187
"C:/Users/jhona/OneDrive/Documentos/GitHub/MotoresComerciales1-2025/MotoresComerciales/Content/Brushify/Materials/Landscape/ProceduralMeshes/Rocks/Rock_04/Textures/T_Rock_04_D.uexp" 1188
"C:/Users/jhona/OneDrive/Documentos/GitHub/MotoresComerciales1-2025/MotoresComerciales/Content/Brushify/Materials/Landscape/ProceduralMeshes/Rocks/Rock_04/Textures/T_Rock_04_N.ubulk" 1189
"C:/Users/jhona/OneDrive/Documentos/GitHub/MotoresComerciales1-2025/MotoresComerciales/Content/Brushify/Materials/Landscape/ProceduralMeshes/Rocks/Rock_04/Textures/T_Rock_04_N.uasset" 1190
"C:/Users/jhona/OneDrive/Documentos/GitHub/MotoresComerciales1-2025/MotoresComerciales/Content/Brushify/Materials/Landscape/ProceduralMeshes/Rocks/Rock_04/Textures/T_Rock_04_N.uexp" 1191
"C:/Users/jhona/OneDrive/Documentos/GitHub/MotoresComerciales1-2025/MotoresComerciales/Content/Brushify/Materials/Landscape/ProceduralMeshes/Rocks/Rock_04/MI_Rock_04.uasset" 1192
"C:/Users/jhona/OneDrive/Documentos/GitHub/MotoresComerciales1-2025/MotoresComerciales/Content/Brushify/Materials/Landscape/ProceduralMeshes/Rocks/Rock_04/MI_Rock_04.uexp" 1193
"C:/Users/jhona/OneDrive/Documentos/GitHub/MotoresComerciales1-2025/MotoresComerciales/Content/Brushify/Materials/Landscape/ProceduralMeshes/Rocks/Rock_04/S_Rock_04.ubulk" 1194
"C:/Users/jhona/OneDrive/Documentos/GitHub/MotoresComerciales1-2025/MotoresComerciales/Content/Brushify/Materials/Landscape/ProceduralMeshes/Rocks/Rock_04/S_Rock_04.uasset" 1195
"C:/Users/jhona/OneDrive/Documentos/GitHub/MotoresComerciales1-2025/MotoresComerciales/Content/Brushify/Materials/Landscape/ProceduralMeshes/Rocks/Rock_04/S_Rock_04.uexp" 1196
"C:/Users/jhona/OneDrive/Documentos/GitHub/MotoresComerciales1-2025/MotoresComerciales/Content/Brushify/Materials/Landscape/ProceduralMeshes/Rocks/Rock_03/Textures/T_Rock_03_D.ubulk" 1197
"C:/Users/jhona/OneDrive/Documentos/GitHub/MotoresComerciales1-2025/MotoresComerciales/Content/Brushify/Materials/Landscape/ProceduralMeshes/Rocks/Rock_03/Textures/T_Rock_03_D.uasset" 1198
"C:/Users/jhona/OneDrive/Documentos/GitHub/MotoresComerciales1-2025/MotoresComerciales/Content/Brushify/Materials/Landscape/ProceduralMeshes/Rocks/Rock_03/Textures/T_Rock_03_D.uexp" 1199
"C:/Users/jhona/OneDrive/Documentos/GitHub/MotoresComerciales1-2025/MotoresComerciales/Content/Brushify/Materials/Landscape/ProceduralMeshes/Rocks/Rock_03/Textures/T_Rock_03_N.ubulk" 1200
"C:/Users/jhona/OneDrive/Documentos/GitHub/MotoresComerciales1-2025/MotoresComerciales/Content/Brushify/Materials/Landscape/ProceduralMeshes/Rocks/Rock_03/Textures/T_Rock_03_N.uasset" 1201
"C:/Users/jhona/OneDrive/Documentos/GitHub/MotoresComerciales1-2025/MotoresComerciales/Content/Brushify/Materials/Landscape/ProceduralMeshes/Rocks/Rock_03/Textures/T_Rock_03_N.uexp" 1202
"C:/Users/jhona/OneDrive/Documentos/GitHub/MotoresComerciales1-2025/MotoresComerciales/Content/Brushify/Materials/Landscape/ProceduralMeshes/Rocks/Rock_03/MI_Rock_03.uasset" 1203
"C:/Users/jhona/OneDrive/Documentos/GitHub/MotoresComerciales1-2025/MotoresComerciales/Content/Brushify/Materials/Landscape/ProceduralMeshes/Rocks/Rock_03/MI_Rock_03.uexp" 1204
"C:/Users/jhona/OneDrive/Documentos/GitHub/MotoresComerciales1-2025/MotoresComerciales/Content/Brushify/Materials/Landscape/ProceduralMeshes/Rocks/Rock_03/S_Rock_03.ubulk" 1205
"C:/Users/jhona/OneDrive/Documentos/GitHub/MotoresComerciales1-2025/MotoresComerciales/Content/Brushify/Materials/Landscape/ProceduralMeshes/Rocks/Rock_03/S_Rock_03.uasset" 1206
"C:/Users/jhona/OneDrive/Documentos/GitHub/MotoresComerciales1-2025/MotoresComerciales/Content/Brushify/Materials/Landscape/ProceduralMeshes/Rocks/Rock_03/S_Rock_03.uexp" 1207
"C:/Users/jhona/OneDrive/Documentos/GitHub/MotoresComerciales1-2025/MotoresComerciales/Content/Brushify/Materials/Landscape/ProceduralMeshes/Rocks/Rock_06/Textures/T_Rock_06_D.ubulk" 1208
"C:/Users/jhona/OneDrive/Documentos/GitHub/MotoresComerciales1-2025/MotoresComerciales/Content/Brushify/Materials/Landscape/ProceduralMeshes/Rocks/Rock_06/Textures/T_Rock_06_D.uasset" 1209
"C:/Users/jhona/OneDrive/Documentos/GitHub/MotoresComerciales1-2025/MotoresComerciales/Content/Brushify/Materials/Landscape/ProceduralMeshes/Rocks/Rock_06/Textures/T_Rock_06_D.uexp" 1210
"C:/Users/jhona/OneDrive/Documentos/GitHub/MotoresComerciales1-2025/MotoresComerciales/Content/Brushify/Materials/Landscape/ProceduralMeshes/Rocks/Rock_06/Textures/T_Rock_06_N.ubulk" 1211
"C:/Users/jhona/OneDrive/Documentos/GitHub/MotoresComerciales1-2025/MotoresComerciales/Content/Brushify/Materials/Landscape/ProceduralMeshes/Rocks/Rock_06/Textures/T_Rock_06_N.uasset" 1212
"C:/Users/jhona/OneDrive/Documentos/GitHub/MotoresComerciales1-2025/MotoresComerciales/Content/Brushify/Materials/Landscape/ProceduralMeshes/Rocks/Rock_06/Textures/T_Rock_06_N.uexp" 1213
"C:/Users/jhona/OneDrive/Documentos/GitHub/MotoresComerciales1-2025/MotoresComerciales/Content/Brushify/Materials/Landscape/ProceduralMeshes/Rocks/Rock_06/MI_Rock_06.uasset" 1214
"C:/Users/jhona/OneDrive/Documentos/GitHub/MotoresComerciales1-2025/MotoresComerciales/Content/Brushify/Materials/Landscape/ProceduralMeshes/Rocks/Rock_06/MI_Rock_06.uexp" 1215
"C:/Users/jhona/OneDrive/Documentos/GitHub/MotoresComerciales1-2025/MotoresComerciales/Content/Brushify/Materials/Landscape/ProceduralMeshes/Rocks/Rock_06/S_Rock_06.ubulk" 1216
"C:/Users/jhona/OneDrive/Documentos/GitHub/MotoresComerciales1-2025/MotoresComerciales/Content/Brushify/Materials/Landscape/ProceduralMeshes/Rocks/Rock_06/S_Rock_06.uasset" 1217
"C:/Users/jhona/OneDrive/Documentos/GitHub/MotoresComerciales1-2025/MotoresComerciales/Content/Brushify/Materials/Landscape/ProceduralMeshes/Rocks/Rock_06/S_Rock_06.uexp" 1218
"C:/Users/jhona/OneDrive/Documentos/GitHub/MotoresComerciales1-2025/MotoresComerciales/Content/Brushify/Materials/Landscape/ProceduralMeshes/Rocks/Rock_05/Textures/T_Rock_05_D.ubulk" 1219
"C:/Users/jhona/OneDrive/Documentos/GitHub/MotoresComerciales1-2025/MotoresComerciales/Content/Brushify/Materials/Landscape/ProceduralMeshes/Rocks/Rock_05/Textures/T_Rock_05_D.uasset" 1220
"C:/Users/jhona/OneDrive/Documentos/GitHub/MotoresComerciales1-2025/MotoresComerciales/Content/Brushify/Materials/Landscape/ProceduralMeshes/Rocks/Rock_05/Textures/T_Rock_05_D.uexp" 1221
"C:/Users/jhona/OneDrive/Documentos/GitHub/MotoresComerciales1-2025/MotoresComerciales/Content/Brushify/Materials/Landscape/ProceduralMeshes/Rocks/Rock_05/Textures/T_Rock_05_N.ubulk" 1222
"C:/Users/jhona/OneDrive/Documentos/GitHub/MotoresComerciales1-2025/MotoresComerciales/Content/Brushify/Materials/Landscape/ProceduralMeshes/Rocks/Rock_05/Textures/T_Rock_05_N.uasset" 1223
"C:/Users/jhona/OneDrive/Documentos/GitHub/MotoresComerciales1-2025/MotoresComerciales/Content/Brushify/Materials/Landscape/ProceduralMeshes/Rocks/Rock_05/Textures/T_Rock_05_N.uexp" 1224
"C:/Users/jhona/OneDrive/Documentos/GitHub/MotoresComerciales1-2025/MotoresComerciales/Content/Brushify/Materials/Landscape/ProceduralMeshes/Rocks/Rock_05/MI_Rock_05.uasset" 1225
"C:/Users/jhona/OneDrive/Documentos/GitHub/MotoresComerciales1-2025/MotoresComerciales/Content/Brushify/Materials/Landscape/ProceduralMeshes/Rocks/Rock_05/MI_Rock_05.uexp" 1226
"C:/Users/jhona/OneDrive/Documentos/GitHub/MotoresComerciales1-2025/MotoresComerciales/Content/Brushify/Materials/Landscape/ProceduralMeshes/Rocks/Rock_05/S_Rock_05.ubulk" 1227
"C:/Users/jhona/OneDrive/Documentos/GitHub/MotoresComerciales1-2025/MotoresComerciales/Content/Brushify/Materials/Landscape/ProceduralMeshes/Rocks/Rock_05/S_Rock_05.uasset" 1228
"C:/Users/jhona/OneDrive/Documentos/GitHub/MotoresComerciales1-2025/MotoresComerciales/Content/Brushify/Materials/Landscape/ProceduralMeshes/Rocks/Rock_05/S_Rock_05.uexp" 1229
"C:/Users/jhona/OneDrive/Documentos/GitHub/MotoresComerciales1-2025/MotoresComerciales/Content/Brushify/Materials/Landscape/GrassTypes/LG_Rocks.uasset" 1230
"C:/Users/jhona/OneDrive/Documentos/GitHub/MotoresComerciales1-2025/MotoresComerciales/Content/Brushify/Materials/Landscape/GrassTypes/LG_Rocks.uexp" 1231
"C:/Users/jhona/OneDrive/Documentos/GitHub/MotoresComerciales1-2025/MotoresComerciales/Content/Brushify/Meshes/Cliffs/Meshes/Desert_eyes/desert_eye_texture_0.ubulk" 1232
"C:/Users/jhona/OneDrive/Documentos/GitHub/MotoresComerciales1-2025/MotoresComerciales/Content/Brushify/Meshes/Cliffs/Meshes/Desert_eyes/desert_eye_texture_0.uasset" 1233
"C:/Users/jhona/OneDrive/Documentos/GitHub/MotoresComerciales1-2025/MotoresComerciales/Content/Brushify/Meshes/Cliffs/Meshes/Desert_eyes/desert_eye_texture_0.uexp" 1234
"C:/Users/jhona/OneDrive/Documentos/GitHub/MotoresComerciales1-2025/MotoresComerciales/Content/Brushify/Meshes/Cliffs/Meshes/Desert_eyes/desert_eye_texture_1.ubulk" 1235
"C:/Users/jhona/OneDrive/Documentos/GitHub/MotoresComerciales1-2025/MotoresComerciales/Content/Brushify/Meshes/Cliffs/Meshes/Desert_eyes/desert_eye_texture_1.uasset" 1236
"C:/Users/jhona/OneDrive/Documentos/GitHub/MotoresComerciales1-2025/MotoresComerciales/Content/Brushify/Meshes/Cliffs/Meshes/Desert_eyes/desert_eye_texture_1.uexp" 1237
"C:/Users/jhona/OneDrive/Documentos/GitHub/MotoresComerciales1-2025/MotoresComerciales/Content/Brushify/Meshes/Cliffs/Meshes/Desert_eyes/desert_eye_texture_2.ubulk" 1238
"C:/Users/jhona/OneDrive/Documentos/GitHub/MotoresComerciales1-2025/MotoresComerciales/Content/Brushify/Meshes/Cliffs/Meshes/Desert_eyes/desert_eye_texture_2.uasset" 1239
"C:/Users/jhona/OneDrive/Documentos/GitHub/MotoresComerciales1-2025/MotoresComerciales/Content/Brushify/Meshes/Cliffs/Meshes/Desert_eyes/desert_eye_texture_2.uexp" 1240
"C:/Users/jhona/OneDrive/Documentos/GitHub/MotoresComerciales1-2025/MotoresComerciales/Content/Brushify/Meshes/Cliffs/Meshes/Desert_eyes/desert_eye_texture_3.ubulk" 1241
"C:/Users/jhona/OneDrive/Documentos/GitHub/MotoresComerciales1-2025/MotoresComerciales/Content/Brushify/Meshes/Cliffs/Meshes/Desert_eyes/desert_eye_texture_3.uasset" 1242
"C:/Users/jhona/OneDrive/Documentos/GitHub/MotoresComerciales1-2025/MotoresComerciales/Content/Brushify/Meshes/Cliffs/Meshes/Desert_eyes/desert_eye_texture_3.uexp" 1243
"C:/Users/jhona/OneDrive/Documentos/GitHub/MotoresComerciales1-2025/MotoresComerciales/Content/Brushify/Meshes/Cliffs/Meshes/Desert_eyes/glass_lp.uasset" 1244
"C:/Users/jhona/OneDrive/Documentos/GitHub/MotoresComerciales1-2025/MotoresComerciales/Content/Brushify/Meshes/Cliffs/Meshes/Desert_eyes/glass_lp.uexp" 1245
"C:/Users/jhona/OneDrive/Documentos/GitHub/MotoresComerciales1-2025/MotoresComerciales/Content/Brushify/Meshes/Cliffs/Meshes/Desert_eyes/defaultMaterial.ubulk" 1246
"C:/Users/jhona/OneDrive/Documentos/GitHub/MotoresComerciales1-2025/MotoresComerciales/Content/Brushify/Meshes/Cliffs/Meshes/Desert_eyes/defaultMaterial.uasset" 1247
"C:/Users/jhona/OneDrive/Documentos/GitHub/MotoresComerciales1-2025/MotoresComerciales/Content/Brushify/Meshes/Cliffs/Meshes/Desert_eyes/defaultMaterial.uexp" 1248
"C:/Users/jhona/OneDrive/Documentos/GitHub/MotoresComerciales1-2025/MotoresComerciales/Content/Brushify/Meshes/Cliffs/Meshes/desert_droid/rustbucket_desert_gonk_droid_texture_0.ubulk" 1249
"C:/Users/jhona/OneDrive/Documentos/GitHub/MotoresComerciales1-2025/MotoresComerciales/Content/Brushify/Meshes/Cliffs/Meshes/desert_droid/rustbucket_desert_gonk_droid_texture_0.uasset" 1250
"C:/Users/jhona/OneDrive/Documentos/GitHub/MotoresComerciales1-2025/MotoresComerciales/Content/Brushify/Meshes/Cliffs/Meshes/desert_droid/rustbucket_desert_gonk_droid_texture_0.uexp" 1251
"C:/Users/jhona/OneDrive/Documentos/GitHub/MotoresComerciales1-2025/MotoresComerciales/Content/Brushify/Meshes/Cliffs/Meshes/desert_droid/rustbucket_desert_gonk_droid_texture_1.ubulk" 1252
"C:/Users/jhona/OneDrive/Documentos/GitHub/MotoresComerciales1-2025/MotoresComerciales/Content/Brushify/Meshes/Cliffs/Meshes/desert_droid/rustbucket_desert_gonk_droid_texture_1.uasset" 1253
"C:/Users/jhona/OneDrive/Documentos/GitHub/MotoresComerciales1-2025/MotoresComerciales/Content/Brushify/Meshes/Cliffs/Meshes/desert_droid/rustbucket_desert_gonk_droid_texture_1.uexp" 1254
"C:/Users/jhona/OneDrive/Documentos/GitHub/MotoresComerciales1-2025/MotoresComerciales/Content/Brushify/Meshes/Cliffs/Meshes/desert_droid/rustbucket_desert_gonk_droid_texture_2.ubulk" 1255
"C:/Users/jhona/OneDrive/Documentos/GitHub/MotoresComerciales1-2025/MotoresComerciales/Content/Brushify/Meshes/Cliffs/Meshes/desert_droid/rustbucket_desert_gonk_droid_texture_2.uasset" 1256
"C:/Users/jhona/OneDrive/Documentos/GitHub/MotoresComerciales1-2025/MotoresComerciales/Content/Brushify/Meshes/Cliffs/Meshes/desert_droid/rustbucket_desert_gonk_droid_texture_2.uexp" 1257
"C:/Users/jhona/OneDrive/Documentos/GitHub/MotoresComerciales1-2025/MotoresComerciales/Content/Brushify/Meshes/Cliffs/Meshes/desert_droid/rustbucket_desert_gonk_droid_texture_3.ubulk" 1258
"C:/Users/jhona/OneDrive/Documentos/GitHub/MotoresComerciales1-2025/MotoresComerciales/Content/Brushify/Meshes/Cliffs/Meshes/desert_droid/rustbucket_desert_gonk_droid_texture_3.uasset" 1259
"C:/Users/jhona/OneDrive/Documentos/GitHub/MotoresComerciales1-2025/MotoresComerciales/Content/Brushify/Meshes/Cliffs/Meshes/desert_droid/rustbucket_desert_gonk_droid_texture_3.uexp" 1260
"../../../Engine/Plugins/Interchange/Assets/Content/gltf/MaterialInstances/MI_Default_Opaque_DS.uasset" 1261
"../../../Engine/Plugins/Interchange/Assets/Content/gltf/MaterialInstances/MI_Default_Opaque_DS.uexp" 1262
"C:/Users/jhona/OneDrive/Documentos/GitHub/MotoresComerciales1-2025/MotoresComerciales/Content/Brushify/Meshes/Cliffs/Meshes/desert_droid/01___Default.uasset" 1263
"C:/Users/jhona/OneDrive/Documentos/GitHub/MotoresComerciales1-2025/MotoresComerciales/Content/Brushify/Meshes/Cliffs/Meshes/desert_droid/01___Default.uexp" 1264
"C:/Users/jhona/OneDrive/Documentos/GitHub/MotoresComerciales1-2025/MotoresComerciales/Content/Brushify/Meshes/Cliffs/Meshes/desert_droid/defaultMaterial_0f25475108d352abf667f2ab69902ca0.ubulk" 1265
"C:/Users/jhona/OneDrive/Documentos/GitHub/MotoresComerciales1-2025/MotoresComerciales/Content/Brushify/Meshes/Cliffs/Meshes/desert_droid/defaultMaterial_0f25475108d352abf667f2ab69902ca0.uasset" 1266
"C:/Users/jhona/OneDrive/Documentos/GitHub/MotoresComerciales1-2025/MotoresComerciales/Content/Brushify/Meshes/Cliffs/Meshes/desert_droid/defaultMaterial_0f25475108d352abf667f2ab69902ca0.uexp" 1267
"C:/Users/jhona/OneDrive/Documentos/GitHub/MotoresComerciales1-2025/MotoresComerciales/Content/Brushify/Meshes/Cliffs/Meshes/Desert_eyes/defaultMaterial_9d021547f0483db439877ce1852f7073.ubulk" 1268
"C:/Users/jhona/OneDrive/Documentos/GitHub/MotoresComerciales1-2025/MotoresComerciales/Content/Brushify/Meshes/Cliffs/Meshes/Desert_eyes/defaultMaterial_9d021547f0483db439877ce1852f7073.uasset" 1269
"C:/Users/jhona/OneDrive/Documentos/GitHub/MotoresComerciales1-2025/MotoresComerciales/Content/Brushify/Meshes/Cliffs/Meshes/Desert_eyes/defaultMaterial_9d021547f0483db439877ce1852f7073.uexp" 1270
"C:/Users/jhona/OneDrive/Documentos/GitHub/MotoresComerciales1-2025/MotoresComerciales/Content/Brushify/Meshes/Cliffs/Meshes/desert_planet/desert_planet_bunker_garage_thing_texture_3.ubulk" 1271
"C:/Users/jhona/OneDrive/Documentos/GitHub/MotoresComerciales1-2025/MotoresComerciales/Content/Brushify/Meshes/Cliffs/Meshes/desert_planet/desert_planet_bunker_garage_thing_texture_3.uasset" 1272
"C:/Users/jhona/OneDrive/Documentos/GitHub/MotoresComerciales1-2025/MotoresComerciales/Content/Brushify/Meshes/Cliffs/Meshes/desert_planet/desert_planet_bunker_garage_thing_texture_3.uexp" 1273
"C:/Users/jhona/OneDrive/Documentos/GitHub/MotoresComerciales1-2025/MotoresComerciales/Content/Brushify/Meshes/Cliffs/Meshes/desert_planet/desert_planet_bunker_garage_thing_texture_4.ubulk" 1274
"C:/Users/jhona/OneDrive/Documentos/GitHub/MotoresComerciales1-2025/MotoresComerciales/Content/Brushify/Meshes/Cliffs/Meshes/desert_planet/desert_planet_bunker_garage_thing_texture_4.uasset" 1275
"C:/Users/jhona/OneDrive/Documentos/GitHub/MotoresComerciales1-2025/MotoresComerciales/Content/Brushify/Meshes/Cliffs/Meshes/desert_planet/desert_planet_bunker_garage_thing_texture_4.uexp" 1276
"C:/Users/jhona/OneDrive/Documentos/GitHub/MotoresComerciales1-2025/MotoresComerciales/Content/Brushify/Meshes/Cliffs/Meshes/desert_planet/desert_planet_bunker_garage_thing_texture_5.ubulk" 1277
"C:/Users/jhona/OneDrive/Documentos/GitHub/MotoresComerciales1-2025/MotoresComerciales/Content/Brushify/Meshes/Cliffs/Meshes/desert_planet/desert_planet_bunker_garage_thing_texture_5.uasset" 1278
"C:/Users/jhona/OneDrive/Documentos/GitHub/MotoresComerciales1-2025/MotoresComerciales/Content/Brushify/Meshes/Cliffs/Meshes/desert_planet/desert_planet_bunker_garage_thing_texture_5.uexp" 1279
"C:/Users/jhona/OneDrive/Documentos/GitHub/MotoresComerciales1-2025/MotoresComerciales/Content/Brushify/Meshes/Cliffs/Meshes/desert_planet/windows_and_metal.uasset" 1280
"C:/Users/jhona/OneDrive/Documentos/GitHub/MotoresComerciales1-2025/MotoresComerciales/Content/Brushify/Meshes/Cliffs/Meshes/desert_planet/windows_and_metal.uexp" 1281
"C:/Users/jhona/OneDrive/Documentos/GitHub/MotoresComerciales1-2025/MotoresComerciales/Content/Brushify/Meshes/Cliffs/Meshes/desert_planet/ReinforcementAttachment_001_windows_and_metal_0.ubulk" 1282
"C:/Users/jhona/OneDrive/Documentos/GitHub/MotoresComerciales1-2025/MotoresComerciales/Content/Brushify/Meshes/Cliffs/Meshes/desert_planet/ReinforcementAttachment_001_windows_and_metal_0.uasset" 1283
"C:/Users/jhona/OneDrive/Documentos/GitHub/MotoresComerciales1-2025/MotoresComerciales/Content/Brushify/Meshes/Cliffs/Meshes/desert_planet/ReinforcementAttachment_001_windows_and_metal_0.uexp" 1284
"C:/Users/jhona/OneDrive/Documentos/GitHub/MotoresComerciales1-2025/MotoresComerciales/Content/Brushify/Meshes/Cliffs/Meshes/desert_ruined_building/a_deserted_ruined_building_texture_0.ubulk" 1285
"C:/Users/jhona/OneDrive/Documentos/GitHub/MotoresComerciales1-2025/MotoresComerciales/Content/Brushify/Meshes/Cliffs/Meshes/desert_ruined_building/a_deserted_ruined_building_texture_0.uasset" 1286
"C:/Users/jhona/OneDrive/Documentos/GitHub/MotoresComerciales1-2025/MotoresComerciales/Content/Brushify/Meshes/Cliffs/Meshes/desert_ruined_building/a_deserted_ruined_building_texture_0.uexp" 1287
"C:/Users/jhona/OneDrive/Documentos/GitHub/MotoresComerciales1-2025/MotoresComerciales/Content/Brushify/Meshes/Cliffs/Meshes/desert_ruined_building/a_deserted_ruined_building_texture_1.ubulk" 1288
"C:/Users/jhona/OneDrive/Documentos/GitHub/MotoresComerciales1-2025/MotoresComerciales/Content/Brushify/Meshes/Cliffs/Meshes/desert_ruined_building/a_deserted_ruined_building_texture_1.uasset" 1289
"C:/Users/jhona/OneDrive/Documentos/GitHub/MotoresComerciales1-2025/MotoresComerciales/Content/Brushify/Meshes/Cliffs/Meshes/desert_ruined_building/a_deserted_ruined_building_texture_1.uexp" 1290
"C:/Users/jhona/OneDrive/Documentos/GitHub/MotoresComerciales1-2025/MotoresComerciales/Content/Brushify/Meshes/Cliffs/Meshes/desert_ruined_building/a_deserted_ruined_building_texture_2.ubulk" 1291
"C:/Users/jhona/OneDrive/Documentos/GitHub/MotoresComerciales1-2025/MotoresComerciales/Content/Brushify/Meshes/Cliffs/Meshes/desert_ruined_building/a_deserted_ruined_building_texture_2.uasset" 1292
"C:/Users/jhona/OneDrive/Documentos/GitHub/MotoresComerciales1-2025/MotoresComerciales/Content/Brushify/Meshes/Cliffs/Meshes/desert_ruined_building/a_deserted_ruined_building_texture_2.uexp" 1293
"C:/Users/jhona/OneDrive/Documentos/GitHub/MotoresComerciales1-2025/MotoresComerciales/Content/Brushify/Meshes/Cliffs/Meshes/desert_ruined_building/material.uasset" 1294
"C:/Users/jhona/OneDrive/Documentos/GitHub/MotoresComerciales1-2025/MotoresComerciales/Content/Brushify/Meshes/Cliffs/Meshes/desert_ruined_building/material.uexp" 1295
"C:/Users/jhona/OneDrive/Documentos/GitHub/MotoresComerciales1-2025/MotoresComerciales/Content/Brushify/Meshes/Cliffs/Meshes/desert_ruined_building/6_low_LP_0.ubulk" 1296
"C:/Users/jhona/OneDrive/Documentos/GitHub/MotoresComerciales1-2025/MotoresComerciales/Content/Brushify/Meshes/Cliffs/Meshes/desert_ruined_building/6_low_LP_0.uasset" 1297
"C:/Users/jhona/OneDrive/Documentos/GitHub/MotoresComerciales1-2025/MotoresComerciales/Content/Brushify/Meshes/Cliffs/Meshes/desert_ruined_building/6_low_LP_0.uexp" 1298
"C:/Users/jhona/OneDrive/Documentos/GitHub/MotoresComerciales1-2025/MotoresComerciales/Content/Brushify/Materials/M_DistanceMesh.uasset" 1299
"C:/Users/jhona/OneDrive/Documentos/GitHub/MotoresComerciales1-2025/MotoresComerciales/Content/Brushify/Materials/M_DistanceMesh.uexp" 1300
"C:/Users/jhona/OneDrive/Documentos/GitHub/MotoresComerciales1-2025/MotoresComerciales/Content/Brushify/DistanceMeshes/Desert_Mountain_01/Textures/T_Normal_N.ubulk" 1301
"C:/Users/jhona/OneDrive/Documentos/GitHub/MotoresComerciales1-2025/MotoresComerciales/Content/Brushify/DistanceMeshes/Desert_Mountain_01/Textures/T_Normal_N.uasset" 1302
"C:/Users/jhona/OneDrive/Documentos/GitHub/MotoresComerciales1-2025/MotoresComerciales/Content/Brushify/DistanceMeshes/Desert_Mountain_01/Textures/T_Normal_N.uexp" 1303
"C:/Users/jhona/OneDrive/Documentos/GitHub/MotoresComerciales1-2025/MotoresComerciales/Content/Brushify/DistanceMeshes/Desert_Mountain_01/Textures/T_Desert_D.ubulk" 1304
"C:/Users/jhona/OneDrive/Documentos/GitHub/MotoresComerciales1-2025/MotoresComerciales/Content/Brushify/DistanceMeshes/Desert_Mountain_01/Textures/T_Desert_D.uasset" 1305
"C:/Users/jhona/OneDrive/Documentos/GitHub/MotoresComerciales1-2025/MotoresComerciales/Content/Brushify/DistanceMeshes/Desert_Mountain_01/Textures/T_Desert_D.uexp" 1306
"C:/Users/jhona/OneDrive/Documentos/GitHub/MotoresComerciales1-2025/MotoresComerciales/Content/Brushify/DistanceMeshes/Desert_Mountain_02/MI_Desert_Mountain_02_Desert.uasset" 1307
"C:/Users/jhona/OneDrive/Documentos/GitHub/MotoresComerciales1-2025/MotoresComerciales/Content/Brushify/DistanceMeshes/Desert_Mountain_02/MI_Desert_Mountain_02_Desert.uexp" 1308
"C:/Users/jhona/OneDrive/Documentos/GitHub/MotoresComerciales1-2025/MotoresComerciales/Content/Brushify/Meshes/Cliffs/Meshes/Desert_eyes/desert_eye_texture_8.ubulk" 1309
"C:/Users/jhona/OneDrive/Documentos/GitHub/MotoresComerciales1-2025/MotoresComerciales/Content/Brushify/Meshes/Cliffs/Meshes/Desert_eyes/desert_eye_texture_8.uasset" 1310
"C:/Users/jhona/OneDrive/Documentos/GitHub/MotoresComerciales1-2025/MotoresComerciales/Content/Brushify/Meshes/Cliffs/Meshes/Desert_eyes/desert_eye_texture_8.uexp" 1311
"C:/Users/jhona/OneDrive/Documentos/GitHub/MotoresComerciales1-2025/MotoresComerciales/Content/Brushify/Meshes/Cliffs/Meshes/Desert_eyes/desert_eye_texture_9.ubulk" 1312
"C:/Users/jhona/OneDrive/Documentos/GitHub/MotoresComerciales1-2025/MotoresComerciales/Content/Brushify/Meshes/Cliffs/Meshes/Desert_eyes/desert_eye_texture_9.uasset" 1313
"C:/Users/jhona/OneDrive/Documentos/GitHub/MotoresComerciales1-2025/MotoresComerciales/Content/Brushify/Meshes/Cliffs/Meshes/Desert_eyes/desert_eye_texture_9.uexp" 1314
"C:/Users/jhona/OneDrive/Documentos/GitHub/MotoresComerciales1-2025/MotoresComerciales/Content/Brushify/Meshes/Cliffs/Meshes/Desert_eyes/desert_eye_texture_10.ubulk" 1315
"C:/Users/jhona/OneDrive/Documentos/GitHub/MotoresComerciales1-2025/MotoresComerciales/Content/Brushify/Meshes/Cliffs/Meshes/Desert_eyes/desert_eye_texture_10.uasset" 1316
"C:/Users/jhona/OneDrive/Documentos/GitHub/MotoresComerciales1-2025/MotoresComerciales/Content/Brushify/Meshes/Cliffs/Meshes/Desert_eyes/desert_eye_texture_10.uexp" 1317
"C:/Users/jhona/OneDrive/Documentos/GitHub/MotoresComerciales1-2025/MotoresComerciales/Content/Brushify/Meshes/Cliffs/Meshes/Desert_eyes/desert_eye_texture_11.ubulk" 1318
"C:/Users/jhona/OneDrive/Documentos/GitHub/MotoresComerciales1-2025/MotoresComerciales/Content/Brushify/Meshes/Cliffs/Meshes/Desert_eyes/desert_eye_texture_11.uasset" 1319
"C:/Users/jhona/OneDrive/Documentos/GitHub/MotoresComerciales1-2025/MotoresComerciales/Content/Brushify/Meshes/Cliffs/Meshes/Desert_eyes/desert_eye_texture_11.uexp" 1320
"C:/Users/jhona/OneDrive/Documentos/GitHub/MotoresComerciales1-2025/MotoresComerciales/Content/Brushify/Meshes/Cliffs/Meshes/Desert_eyes/back1.uasset" 1321
"C:/Users/jhona/OneDrive/Documentos/GitHub/MotoresComerciales1-2025/MotoresComerciales/Content/Brushify/Meshes/Cliffs/Meshes/Desert_eyes/back1.uexp" 1322
"C:/Users/jhona/OneDrive/Documentos/GitHub/MotoresComerciales1-2025/MotoresComerciales/Content/Brushify/Meshes/Cliffs/Meshes/Desert_eyes/defaultMaterial_b6f18b2e5ebe24ba8abc7d1d51f91171.ubulk" 1323
"C:/Users/jhona/OneDrive/Documentos/GitHub/MotoresComerciales1-2025/MotoresComerciales/Content/Brushify/Meshes/Cliffs/Meshes/Desert_eyes/defaultMaterial_b6f18b2e5ebe24ba8abc7d1d51f91171.uasset" 1324
"C:/Users/jhona/OneDrive/Documentos/GitHub/MotoresComerciales1-2025/MotoresComerciales/Content/Brushify/Meshes/Cliffs/Meshes/Desert_eyes/defaultMaterial_b6f18b2e5ebe24ba8abc7d1d51f91171.uexp" 1325
"C:/Users/jhona/OneDrive/Documentos/GitHub/MotoresComerciales1-2025/MotoresComerciales/Content/Brushify/Meshes/Cliffs/Meshes/desert_droid/defaultMaterial_400b08f287d5813c2d91003a0da952ed.ubulk" 1326
"C:/Users/jhona/OneDrive/Documentos/GitHub/MotoresComerciales1-2025/MotoresComerciales/Content/Brushify/Meshes/Cliffs/Meshes/desert_droid/defaultMaterial_400b08f287d5813c2d91003a0da952ed.uasset" 1327
"C:/Users/jhona/OneDrive/Documentos/GitHub/MotoresComerciales1-2025/MotoresComerciales/Content/Brushify/Meshes/Cliffs/Meshes/desert_droid/defaultMaterial_400b08f287d5813c2d91003a0da952ed.uexp" 1328
"C:/Users/jhona/OneDrive/Documentos/GitHub/MotoresComerciales1-2025/MotoresComerciales/Content/Brushify/Meshes/Cliffs/Meshes/desert_planet/desert_planet_bunker_garage_thing_texture_10.ubulk" 1329
"C:/Users/jhona/OneDrive/Documentos/GitHub/MotoresComerciales1-2025/MotoresComerciales/Content/Brushify/Meshes/Cliffs/Meshes/desert_planet/desert_planet_bunker_garage_thing_texture_10.uasset" 1330
"C:/Users/jhona/OneDrive/Documentos/GitHub/MotoresComerciales1-2025/MotoresComerciales/Content/Brushify/Meshes/Cliffs/Meshes/desert_planet/desert_planet_bunker_garage_thing_texture_10.uexp" 1331
"C:/Users/jhona/OneDrive/Documentos/GitHub/MotoresComerciales1-2025/MotoresComerciales/Content/Brushify/Meshes/Cliffs/Meshes/desert_planet/desert_planet_bunker_garage_thing_texture_11.ubulk" 1332
"C:/Users/jhona/OneDrive/Documentos/GitHub/MotoresComerciales1-2025/MotoresComerciales/Content/Brushify/Meshes/Cliffs/Meshes/desert_planet/desert_planet_bunker_garage_thing_texture_11.uasset" 1333
"C:/Users/jhona/OneDrive/Documentos/GitHub/MotoresComerciales1-2025/MotoresComerciales/Content/Brushify/Meshes/Cliffs/Meshes/desert_planet/desert_planet_bunker_garage_thing_texture_11.uexp" 1334
"C:/Users/jhona/OneDrive/Documentos/GitHub/MotoresComerciales1-2025/MotoresComerciales/Content/Brushify/Meshes/Cliffs/Meshes/desert_planet/desert_planet_bunker_garage_thing_texture_12.ubulk" 1335
"C:/Users/jhona/OneDrive/Documentos/GitHub/MotoresComerciales1-2025/MotoresComerciales/Content/Brushify/Meshes/Cliffs/Meshes/desert_planet/desert_planet_bunker_garage_thing_texture_12.uasset" 1336
"C:/Users/jhona/OneDrive/Documentos/GitHub/MotoresComerciales1-2025/MotoresComerciales/Content/Brushify/Meshes/Cliffs/Meshes/desert_planet/desert_planet_bunker_garage_thing_texture_12.uexp" 1337
"C:/Users/jhona/OneDrive/Documentos/GitHub/MotoresComerciales1-2025/MotoresComerciales/Content/Brushify/Meshes/Cliffs/Meshes/desert_planet/desert_planet_bunker_garage_thing_texture_13.ubulk" 1338
"C:/Users/jhona/OneDrive/Documentos/GitHub/MotoresComerciales1-2025/MotoresComerciales/Content/Brushify/Meshes/Cliffs/Meshes/desert_planet/desert_planet_bunker_garage_thing_texture_13.uasset" 1339
"C:/Users/jhona/OneDrive/Documentos/GitHub/MotoresComerciales1-2025/MotoresComerciales/Content/Brushify/Meshes/Cliffs/Meshes/desert_planet/desert_planet_bunker_garage_thing_texture_13.uexp" 1340
"../../../Engine/Plugins/Interchange/Assets/Content/gltf/MaterialInstances/MI_Default_Opaque.uasset" 1341
"../../../Engine/Plugins/Interchange/Assets/Content/gltf/MaterialInstances/MI_Default_Opaque.uexp" 1342
"C:/Users/jhona/OneDrive/Documentos/GitHub/MotoresComerciales1-2025/MotoresComerciales/Content/Brushify/Meshes/Cliffs/Meshes/desert_planet/Entrance.uasset" 1343
"C:/Users/jhona/OneDrive/Documentos/GitHub/MotoresComerciales1-2025/MotoresComerciales/Content/Brushify/Meshes/Cliffs/Meshes/desert_planet/Entrance.uexp" 1344
"C:/Users/jhona/OneDrive/Documentos/GitHub/MotoresComerciales1-2025/MotoresComerciales/Content/Brushify/Meshes/Cliffs/Meshes/desert_planet/Tech_Entrance_0.ubulk" 1345
"C:/Users/jhona/OneDrive/Documentos/GitHub/MotoresComerciales1-2025/MotoresComerciales/Content/Brushify/Meshes/Cliffs/Meshes/desert_planet/Tech_Entrance_0.uasset" 1346
"C:/Users/jhona/OneDrive/Documentos/GitHub/MotoresComerciales1-2025/MotoresComerciales/Content/Brushify/Meshes/Cliffs/Meshes/desert_planet/Tech_Entrance_0.uexp" 1347
"C:/Users/jhona/OneDrive/Documentos/GitHub/MotoresComerciales1-2025/MotoresComerciales/Content/Brushify/Meshes/Cliffs/Meshes/desert_planet/ReinforcementAttachment_002_windows_and_metal_0.ubulk" 1348
"C:/Users/jhona/OneDrive/Documentos/GitHub/MotoresComerciales1-2025/MotoresComerciales/Content/Brushify/Meshes/Cliffs/Meshes/desert_planet/ReinforcementAttachment_002_windows_and_metal_0.uasset" 1349
"C:/Users/jhona/OneDrive/Documentos/GitHub/MotoresComerciales1-2025/MotoresComerciales/Content/Brushify/Meshes/Cliffs/Meshes/desert_planet/ReinforcementAttachment_002_windows_and_metal_0.uexp" 1350
"C:/Users/jhona/OneDrive/Documentos/GitHub/MotoresComerciales1-2025/MotoresComerciales/Content/Brushify/Meshes/Cliffs/Meshes/Desert_eyes/defaultMaterial_94b893a3fe69fadf6e4b9fe88e16a012.ubulk" 1351
"C:/Users/jhona/OneDrive/Documentos/GitHub/MotoresComerciales1-2025/MotoresComerciales/Content/Brushify/Meshes/Cliffs/Meshes/Desert_eyes/defaultMaterial_94b893a3fe69fadf6e4b9fe88e16a012.uasset" 1352
"C:/Users/jhona/OneDrive/Documentos/GitHub/MotoresComerciales1-2025/MotoresComerciales/Content/Brushify/Meshes/Cliffs/Meshes/Desert_eyes/defaultMaterial_94b893a3fe69fadf6e4b9fe88e16a012.uexp" 1353
"C:/Users/jhona/OneDrive/Documentos/GitHub/MotoresComerciales1-2025/MotoresComerciales/Content/Brushify/Meshes/Cliffs/Meshes/Desert_eyes/defaultMaterial_ed83d53664d574f0367d80f027f9a5b9.ubulk" 1354
"C:/Users/jhona/OneDrive/Documentos/GitHub/MotoresComerciales1-2025/MotoresComerciales/Content/Brushify/Meshes/Cliffs/Meshes/Desert_eyes/defaultMaterial_ed83d53664d574f0367d80f027f9a5b9.uasset" 1355
"C:/Users/jhona/OneDrive/Documentos/GitHub/MotoresComerciales1-2025/MotoresComerciales/Content/Brushify/Meshes/Cliffs/Meshes/Desert_eyes/defaultMaterial_ed83d53664d574f0367d80f027f9a5b9.uexp" 1356
"C:/Users/jhona/OneDrive/Documentos/GitHub/MotoresComerciales1-2025/MotoresComerciales/Content/Brushify/Meshes/Cliffs/Meshes/desert_ruined_building/0_low_LP_0.ubulk" 1357
"C:/Users/jhona/OneDrive/Documentos/GitHub/MotoresComerciales1-2025/MotoresComerciales/Content/Brushify/Meshes/Cliffs/Meshes/desert_ruined_building/0_low_LP_0.uasset" 1358
"C:/Users/jhona/OneDrive/Documentos/GitHub/MotoresComerciales1-2025/MotoresComerciales/Content/Brushify/Meshes/Cliffs/Meshes/desert_ruined_building/0_low_LP_0.uexp" 1359
"C:/Users/jhona/OneDrive/Documentos/GitHub/MotoresComerciales1-2025/MotoresComerciales/Content/Brushify/Meshes/Cliffs/Meshes/desert_planet/WindowBorder_windows_and_metal_0.ubulk" 1360
"C:/Users/jhona/OneDrive/Documentos/GitHub/MotoresComerciales1-2025/MotoresComerciales/Content/Brushify/Meshes/Cliffs/Meshes/desert_planet/WindowBorder_windows_and_metal_0.uasset" 1361
"C:/Users/jhona/OneDrive/Documentos/GitHub/MotoresComerciales1-2025/MotoresComerciales/Content/Brushify/Meshes/Cliffs/Meshes/desert_planet/WindowBorder_windows_and_metal_0.uexp" 1362
"C:/Users/jhona/OneDrive/Documentos/GitHub/MotoresComerciales1-2025/MotoresComerciales/Content/Brushify/Meshes/Cliffs/Meshes/Desert_eyes/defaultMaterial_50a44a87356dcc7e889168dfb69c4fc0.ubulk" 1363
"C:/Users/jhona/OneDrive/Documentos/GitHub/MotoresComerciales1-2025/MotoresComerciales/Content/Brushify/Meshes/Cliffs/Meshes/Desert_eyes/defaultMaterial_50a44a87356dcc7e889168dfb69c4fc0.uasset" 1364
"C:/Users/jhona/OneDrive/Documentos/GitHub/MotoresComerciales1-2025/MotoresComerciales/Content/Brushify/Meshes/Cliffs/Meshes/Desert_eyes/defaultMaterial_50a44a87356dcc7e889168dfb69c4fc0.uexp" 1365
"C:/Users/jhona/OneDrive/Documentos/GitHub/MotoresComerciales1-2025/MotoresComerciales/Content/Brushify/Meshes/Cliffs/Meshes/desert_droid/defaultMaterial_be64e47ba31cbfe1a0de521c7bb73f03.ubulk" 1366
"C:/Users/jhona/OneDrive/Documentos/GitHub/MotoresComerciales1-2025/MotoresComerciales/Content/Brushify/Meshes/Cliffs/Meshes/desert_droid/defaultMaterial_be64e47ba31cbfe1a0de521c7bb73f03.uasset" 1367
"C:/Users/jhona/OneDrive/Documentos/GitHub/MotoresComerciales1-2025/MotoresComerciales/Content/Brushify/Meshes/Cliffs/Meshes/desert_droid/defaultMaterial_be64e47ba31cbfe1a0de521c7bb73f03.uexp" 1368
"C:/Users/jhona/OneDrive/Documentos/GitHub/MotoresComerciales1-2025/MotoresComerciales/Content/Brushify/Materials/Landscape/ProceduralMeshes/Foliage/Grass/Textures/T_Grass_D.uasset" 1369
"C:/Users/jhona/OneDrive/Documentos/GitHub/MotoresComerciales1-2025/MotoresComerciales/Content/Brushify/Materials/Landscape/ProceduralMeshes/Foliage/Grass/Textures/T_Grass_D.uexp" 1370
"C:/Users/jhona/OneDrive/Documentos/GitHub/MotoresComerciales1-2025/MotoresComerciales/Content/Brushify/Materials/Landscape/ProceduralMeshes/Foliage/Grass/Textures/T_Grass_N.uasset" 1371
"C:/Users/jhona/OneDrive/Documentos/GitHub/MotoresComerciales1-2025/MotoresComerciales/Content/Brushify/Materials/Landscape/ProceduralMeshes/Foliage/Grass/Textures/T_Grass_N.uexp" 1372
"C:/Users/jhona/OneDrive/Documentos/GitHub/MotoresComerciales1-2025/MotoresComerciales/Content/Brushify/Materials/Functions/MF_DistanceFade.uasset" 1373
"C:/Users/jhona/OneDrive/Documentos/GitHub/MotoresComerciales1-2025/MotoresComerciales/Content/Brushify/Materials/Functions/MF_DistanceFade.uexp" 1374
"C:/Users/jhona/OneDrive/Documentos/GitHub/MotoresComerciales1-2025/MotoresComerciales/Content/Brushify/Materials/Wind/MPC_Wind.uasset" 1375
"C:/Users/jhona/OneDrive/Documentos/GitHub/MotoresComerciales1-2025/MotoresComerciales/Content/Brushify/Materials/Wind/MPC_Wind.uexp" 1376
"C:/Users/jhona/OneDrive/Documentos/GitHub/MotoresComerciales1-2025/MotoresComerciales/Content/Brushify/Materials/Wind/MF_GlobalWind.uasset" 1377
"C:/Users/jhona/OneDrive/Documentos/GitHub/MotoresComerciales1-2025/MotoresComerciales/Content/Brushify/Materials/Wind/MF_GlobalWind.uexp" 1378
"C:/Users/jhona/OneDrive/Documentos/GitHub/MotoresComerciales1-2025/MotoresComerciales/Content/Brushify/Materials/Landscape/Collections/PlayerPosition.uasset" 1379
"C:/Users/jhona/OneDrive/Documentos/GitHub/MotoresComerciales1-2025/MotoresComerciales/Content/Brushify/Materials/Landscape/Collections/PlayerPosition.uexp" 1380
"C:/Users/jhona/OneDrive/Documentos/GitHub/MotoresComerciales1-2025/MotoresComerciales/Content/Brushify/Materials/Wind/MF_DirectionalWind.uasset" 1381
"C:/Users/jhona/OneDrive/Documentos/GitHub/MotoresComerciales1-2025/MotoresComerciales/Content/Brushify/Materials/Wind/MF_DirectionalWind.uexp" 1382
"../../../Engine/Content/EngineResources/DefaultTexture.ubulk" 1383
"../../../Engine/Content/EngineResources/DefaultTexture.uasset" 1384
"../../../Engine/Content/EngineResources/DefaultTexture.uexp" 1385
"../../../Engine/Content/Functions/Engine_MaterialFunctions01/WorldPositionOffset/SimpleGrassWind.uasset" 1386
"../../../Engine/Content/Functions/Engine_MaterialFunctions01/WorldPositionOffset/SimpleGrassWind.uexp" 1387
"C:/Users/jhona/OneDrive/Documentos/GitHub/MotoresComerciales1-2025/MotoresComerciales/Content/Brushify/Materials/Functions/MF_PlayerInteraction.uasset" 1388
"C:/Users/jhona/OneDrive/Documentos/GitHub/MotoresComerciales1-2025/MotoresComerciales/Content/Brushify/Materials/Functions/MF_PlayerInteraction.uexp" 1389
"../../../Engine/Content/Functions/Engine_MaterialFunctions01/Shading/FuzzyShadingGrass.uasset" 1390
"../../../Engine/Content/Functions/Engine_MaterialFunctions01/Shading/FuzzyShadingGrass.uexp" 1391
"C:/Users/jhona/OneDrive/Documentos/GitHub/MotoresComerciales1-2025/MotoresComerciales/Content/Brushify/Materials/M_Grass_Master.uasset" 1392
"C:/Users/jhona/OneDrive/Documentos/GitHub/MotoresComerciales1-2025/MotoresComerciales/Content/Brushify/Materials/M_Grass_Master.uexp" 1393
"C:/Users/jhona/OneDrive/Documentos/GitHub/MotoresComerciales1-2025/MotoresComerciales/Content/Brushify/Materials/Landscape/ProceduralMeshes/Foliage/Grass/MI_GrassDry.uasset" 1394
"C:/Users/jhona/OneDrive/Documentos/GitHub/MotoresComerciales1-2025/MotoresComerciales/Content/Brushify/Materials/Landscape/ProceduralMeshes/Foliage/Grass/MI_GrassDry.uexp" 1395
"C:/Users/jhona/OneDrive/Documentos/GitHub/MotoresComerciales1-2025/MotoresComerciales/Content/Brushify/Materials/Landscape/ProceduralMeshes/Foliage/Grass/S_Grass_Dry.ubulk" 1396
"C:/Users/jhona/OneDrive/Documentos/GitHub/MotoresComerciales1-2025/MotoresComerciales/Content/Brushify/Materials/Landscape/ProceduralMeshes/Foliage/Grass/S_Grass_Dry.uasset" 1397
"C:/Users/jhona/OneDrive/Documentos/GitHub/MotoresComerciales1-2025/MotoresComerciales/Content/Brushify/Materials/Landscape/ProceduralMeshes/Foliage/Grass/S_Grass_Dry.uexp" 1398
"C:/Users/jhona/OneDrive/Documentos/GitHub/MotoresComerciales1-2025/MotoresComerciales/Content/Brushify/Meshes/Cliffs/Meshes/desert_ruined_building/8_low_LP_0.ubulk" 1399
"C:/Users/jhona/OneDrive/Documentos/GitHub/MotoresComerciales1-2025/MotoresComerciales/Content/Brushify/Meshes/Cliffs/Meshes/desert_ruined_building/8_low_LP_0.uasset" 1400
"C:/Users/jhona/OneDrive/Documentos/GitHub/MotoresComerciales1-2025/MotoresComerciales/Content/Brushify/Meshes/Cliffs/Meshes/desert_ruined_building/8_low_LP_0.uexp" 1401
"C:/Users/jhona/OneDrive/Documentos/GitHub/MotoresComerciales1-2025/MotoresComerciales/Content/Brushify/Meshes/Cliffs/Meshes/desert_droid/defaultMaterial_10b739c0e960f4904e7da1c8b9d543db.ubulk" 1402
"C:/Users/jhona/OneDrive/Documentos/GitHub/MotoresComerciales1-2025/MotoresComerciales/Content/Brushify/Meshes/Cliffs/Meshes/desert_droid/defaultMaterial_10b739c0e960f4904e7da1c8b9d543db.uasset" 1403
"C:/Users/jhona/OneDrive/Documentos/GitHub/MotoresComerciales1-2025/MotoresComerciales/Content/Brushify/Meshes/Cliffs/Meshes/desert_droid/defaultMaterial_10b739c0e960f4904e7da1c8b9d543db.uexp" 1404
"C:/Users/jhona/OneDrive/Documentos/GitHub/MotoresComerciales1-2025/MotoresComerciales/Content/Brushify/Meshes/Cliffs/Meshes/Desert_eyes/desert_eye_texture_12.ubulk" 1405
"C:/Users/jhona/OneDrive/Documentos/GitHub/MotoresComerciales1-2025/MotoresComerciales/Content/Brushify/Meshes/Cliffs/Meshes/Desert_eyes/desert_eye_texture_12.uasset" 1406
"C:/Users/jhona/OneDrive/Documentos/GitHub/MotoresComerciales1-2025/MotoresComerciales/Content/Brushify/Meshes/Cliffs/Meshes/Desert_eyes/desert_eye_texture_12.uexp" 1407
"C:/Users/jhona/OneDrive/Documentos/GitHub/MotoresComerciales1-2025/MotoresComerciales/Content/Brushify/Meshes/Cliffs/Meshes/Desert_eyes/desert_eye_texture_13.ubulk" 1408
"C:/Users/jhona/OneDrive/Documentos/GitHub/MotoresComerciales1-2025/MotoresComerciales/Content/Brushify/Meshes/Cliffs/Meshes/Desert_eyes/desert_eye_texture_13.uasset" 1409
"C:/Users/jhona/OneDrive/Documentos/GitHub/MotoresComerciales1-2025/MotoresComerciales/Content/Brushify/Meshes/Cliffs/Meshes/Desert_eyes/desert_eye_texture_13.uexp" 1410
"C:/Users/jhona/OneDrive/Documentos/GitHub/MotoresComerciales1-2025/MotoresComerciales/Content/Brushify/Meshes/Cliffs/Meshes/Desert_eyes/desert_eye_texture_14.ubulk" 1411
"C:/Users/jhona/OneDrive/Documentos/GitHub/MotoresComerciales1-2025/MotoresComerciales/Content/Brushify/Meshes/Cliffs/Meshes/Desert_eyes/desert_eye_texture_14.uasset" 1412
"C:/Users/jhona/OneDrive/Documentos/GitHub/MotoresComerciales1-2025/MotoresComerciales/Content/Brushify/Meshes/Cliffs/Meshes/Desert_eyes/desert_eye_texture_14.uexp" 1413
"C:/Users/jhona/OneDrive/Documentos/GitHub/MotoresComerciales1-2025/MotoresComerciales/Content/Brushify/Meshes/Cliffs/Meshes/Desert_eyes/desert_eye_texture_15.ubulk" 1414
"C:/Users/jhona/OneDrive/Documentos/GitHub/MotoresComerciales1-2025/MotoresComerciales/Content/Brushify/Meshes/Cliffs/Meshes/Desert_eyes/desert_eye_texture_15.uasset" 1415
"C:/Users/jhona/OneDrive/Documentos/GitHub/MotoresComerciales1-2025/MotoresComerciales/Content/Brushify/Meshes/Cliffs/Meshes/Desert_eyes/desert_eye_texture_15.uexp" 1416
"C:/Users/jhona/OneDrive/Documentos/GitHub/MotoresComerciales1-2025/MotoresComerciales/Content/Brushify/Meshes/Cliffs/Meshes/Desert_eyes/body.uasset" 1417
"C:/Users/jhona/OneDrive/Documentos/GitHub/MotoresComerciales1-2025/MotoresComerciales/Content/Brushify/Meshes/Cliffs/Meshes/Desert_eyes/body.uexp" 1418
"C:/Users/jhona/OneDrive/Documentos/GitHub/MotoresComerciales1-2025/MotoresComerciales/Content/Brushify/Meshes/Cliffs/Meshes/Desert_eyes/defaultMaterial_825fdca541b5468e762c45c6382b42bd.ubulk" 1419
"C:/Users/jhona/OneDrive/Documentos/GitHub/MotoresComerciales1-2025/MotoresComerciales/Content/Brushify/Meshes/Cliffs/Meshes/Desert_eyes/defaultMaterial_825fdca541b5468e762c45c6382b42bd.uasset" 1420
"C:/Users/jhona/OneDrive/Documentos/GitHub/MotoresComerciales1-2025/MotoresComerciales/Content/Brushify/Meshes/Cliffs/Meshes/Desert_eyes/defaultMaterial_825fdca541b5468e762c45c6382b42bd.uexp" 1421
"C:/Users/jhona/OneDrive/Documentos/GitHub/MotoresComerciales1-2025/MotoresComerciales/Content/Brushify/Meshes/Cliffs/Meshes/Desert_eyes/desert_eye_texture_16.ubulk" 1422
"C:/Users/jhona/OneDrive/Documentos/GitHub/MotoresComerciales1-2025/MotoresComerciales/Content/Brushify/Meshes/Cliffs/Meshes/Desert_eyes/desert_eye_texture_16.uasset" 1423
"C:/Users/jhona/OneDrive/Documentos/GitHub/MotoresComerciales1-2025/MotoresComerciales/Content/Brushify/Meshes/Cliffs/Meshes/Desert_eyes/desert_eye_texture_16.uexp" 1424
"C:/Users/jhona/OneDrive/Documentos/GitHub/MotoresComerciales1-2025/MotoresComerciales/Content/Brushify/Meshes/Cliffs/Meshes/Desert_eyes/desert_eye_texture_17.ubulk" 1425
"C:/Users/jhona/OneDrive/Documentos/GitHub/MotoresComerciales1-2025/MotoresComerciales/Content/Brushify/Meshes/Cliffs/Meshes/Desert_eyes/desert_eye_texture_17.uasset" 1426
"C:/Users/jhona/OneDrive/Documentos/GitHub/MotoresComerciales1-2025/MotoresComerciales/Content/Brushify/Meshes/Cliffs/Meshes/Desert_eyes/desert_eye_texture_17.uexp" 1427
"C:/Users/jhona/OneDrive/Documentos/GitHub/MotoresComerciales1-2025/MotoresComerciales/Content/Brushify/Meshes/Cliffs/Meshes/Desert_eyes/desert_eye_texture_18.ubulk" 1428
"C:/Users/jhona/OneDrive/Documentos/GitHub/MotoresComerciales1-2025/MotoresComerciales/Content/Brushify/Meshes/Cliffs/Meshes/Desert_eyes/desert_eye_texture_18.uasset" 1429
"C:/Users/jhona/OneDrive/Documentos/GitHub/MotoresComerciales1-2025/MotoresComerciales/Content/Brushify/Meshes/Cliffs/Meshes/Desert_eyes/desert_eye_texture_18.uexp" 1430
"C:/Users/jhona/OneDrive/Documentos/GitHub/MotoresComerciales1-2025/MotoresComerciales/Content/Brushify/Meshes/Cliffs/Meshes/Desert_eyes/desert_eye_texture_19.ubulk" 1431
"C:/Users/jhona/OneDrive/Documentos/GitHub/MotoresComerciales1-2025/MotoresComerciales/Content/Brushify/Meshes/Cliffs/Meshes/Desert_eyes/desert_eye_texture_19.uasset" 1432
"C:/Users/jhona/OneDrive/Documentos/GitHub/MotoresComerciales1-2025/MotoresComerciales/Content/Brushify/Meshes/Cliffs/Meshes/Desert_eyes/desert_eye_texture_19.uexp" 1433
"C:/Users/jhona/OneDrive/Documentos/GitHub/MotoresComerciales1-2025/MotoresComerciales/Content/Brushify/Meshes/Cliffs/Meshes/Desert_eyes/antenna.uasset" 1434
"C:/Users/jhona/OneDrive/Documentos/GitHub/MotoresComerciales1-2025/MotoresComerciales/Content/Brushify/Meshes/Cliffs/Meshes/Desert_eyes/antenna.uexp" 1435
"C:/Users/jhona/OneDrive/Documentos/GitHub/MotoresComerciales1-2025/MotoresComerciales/Content/Brushify/Meshes/Cliffs/Meshes/Desert_eyes/defaultMaterial_dc2883cfcd16769b1bdd8c862ab61cad.ubulk" 1436
"C:/Users/jhona/OneDrive/Documentos/GitHub/MotoresComerciales1-2025/MotoresComerciales/Content/Brushify/Meshes/Cliffs/Meshes/Desert_eyes/defaultMaterial_dc2883cfcd16769b1bdd8c862ab61cad.uasset" 1437
"C:/Users/jhona/OneDrive/Documentos/GitHub/MotoresComerciales1-2025/MotoresComerciales/Content/Brushify/Meshes/Cliffs/Meshes/Desert_eyes/defaultMaterial_dc2883cfcd16769b1bdd8c862ab61cad.uexp" 1438
"C:/Users/jhona/OneDrive/Documentos/GitHub/MotoresComerciales1-2025/MotoresComerciales/Content/Brushify/Meshes/Cliffs/Meshes/desert_planet/DoorRim_Entrance_0.ubulk" 1439
"C:/Users/jhona/OneDrive/Documentos/GitHub/MotoresComerciales1-2025/MotoresComerciales/Content/Brushify/Meshes/Cliffs/Meshes/desert_planet/DoorRim_Entrance_0.uasset" 1440
"C:/Users/jhona/OneDrive/Documentos/GitHub/MotoresComerciales1-2025/MotoresComerciales/Content/Brushify/Meshes/Cliffs/Meshes/desert_planet/DoorRim_Entrance_0.uexp" 1441
"C:/Users/jhona/OneDrive/Documentos/GitHub/MotoresComerciales1-2025/MotoresComerciales/Content/Brushify/Materials/Wind/MF_TrunkSway.uasset" 1442
"C:/Users/jhona/OneDrive/Documentos/GitHub/MotoresComerciales1-2025/MotoresComerciales/Content/Brushify/Materials/Wind/MF_TrunkSway.uexp" 1443
"C:/Users/jhona/OneDrive/Documentos/GitHub/MotoresComerciales1-2025/MotoresComerciales/Content/Brushify/Materials/M_Foliage_Master.uasset" 1444
"C:/Users/jhona/OneDrive/Documentos/GitHub/MotoresComerciales1-2025/MotoresComerciales/Content/Brushify/Materials/M_Foliage_Master.uexp" 1445
"C:/Users/jhona/OneDrive/Documentos/GitHub/MotoresComerciales1-2025/MotoresComerciales/Content/Brushify/Materials/Landscape/ProceduralMeshes/Foliage/Branches/T_Bark_D.ubulk" 1446
"C:/Users/jhona/OneDrive/Documentos/GitHub/MotoresComerciales1-2025/MotoresComerciales/Content/Brushify/Materials/Landscape/ProceduralMeshes/Foliage/Branches/T_Bark_D.uasset" 1447
"C:/Users/jhona/OneDrive/Documentos/GitHub/MotoresComerciales1-2025/MotoresComerciales/Content/Brushify/Materials/Landscape/ProceduralMeshes/Foliage/Branches/T_Bark_D.uexp" 1448
"C:/Users/jhona/OneDrive/Documentos/GitHub/MotoresComerciales1-2025/MotoresComerciales/Content/Brushify/Materials/Landscape/ProceduralMeshes/Foliage/Branches/T_Bark_N.ubulk" 1449
"C:/Users/jhona/OneDrive/Documentos/GitHub/MotoresComerciales1-2025/MotoresComerciales/Content/Brushify/Materials/Landscape/ProceduralMeshes/Foliage/Branches/T_Bark_N.uasset" 1450
"C:/Users/jhona/OneDrive/Documentos/GitHub/MotoresComerciales1-2025/MotoresComerciales/Content/Brushify/Materials/Landscape/ProceduralMeshes/Foliage/Branches/T_Bark_N.uexp" 1451
"C:/Users/jhona/OneDrive/Documentos/GitHub/MotoresComerciales1-2025/MotoresComerciales/Content/Brushify/Materials/Landscape/ProceduralMeshes/Foliage/Branches/MI_Branches.uasset" 1452
"C:/Users/jhona/OneDrive/Documentos/GitHub/MotoresComerciales1-2025/MotoresComerciales/Content/Brushify/Materials/Landscape/ProceduralMeshes/Foliage/Branches/MI_Branches.uexp" 1453
"C:/Users/jhona/OneDrive/Documentos/GitHub/MotoresComerciales1-2025/MotoresComerciales/Content/Brushify/Materials/Landscape/ProceduralMeshes/Foliage/Branches/S_Branches.ubulk" 1454
"C:/Users/jhona/OneDrive/Documentos/GitHub/MotoresComerciales1-2025/MotoresComerciales/Content/Brushify/Materials/Landscape/ProceduralMeshes/Foliage/Branches/S_Branches.uasset" 1455
"C:/Users/jhona/OneDrive/Documentos/GitHub/MotoresComerciales1-2025/MotoresComerciales/Content/Brushify/Materials/Landscape/ProceduralMeshes/Foliage/Branches/S_Branches.uexp" 1456
"C:/Users/jhona/OneDrive/Documentos/GitHub/MotoresComerciales1-2025/MotoresComerciales/Content/Brushify/Procedural/Grasslands/Cliffs_Small/FoliageTypes/FT_Rock_04.uasset" 1457
"C:/Users/jhona/OneDrive/Documentos/GitHub/MotoresComerciales1-2025/MotoresComerciales/Content/Brushify/Procedural/Grasslands/Cliffs_Small/FoliageTypes/FT_Rock_04.uexp" 1458
"C:/Users/jhona/OneDrive/Documentos/GitHub/MotoresComerciales1-2025/MotoresComerciales/Content/Brushify/Meshes/Cliffs/Meshes/Desert_eyes/defaultMaterial_336630eba41f180db4cb73ca3f0395ea.ubulk" 1459
"C:/Users/jhona/OneDrive/Documentos/GitHub/MotoresComerciales1-2025/MotoresComerciales/Content/Brushify/Meshes/Cliffs/Meshes/Desert_eyes/defaultMaterial_336630eba41f180db4cb73ca3f0395ea.uasset" 1460
"C:/Users/jhona/OneDrive/Documentos/GitHub/MotoresComerciales1-2025/MotoresComerciales/Content/Brushify/Meshes/Cliffs/Meshes/Desert_eyes/defaultMaterial_336630eba41f180db4cb73ca3f0395ea.uexp" 1461
"C:/Users/jhona/OneDrive/Documentos/GitHub/MotoresComerciales1-2025/MotoresComerciales/Content/Brushify/Meshes/Cliffs/Meshes/Desert_eyes/defaultMaterial_cdd54e7e429fb7a562e005ae3e02147f.ubulk" 1462
"C:/Users/jhona/OneDrive/Documentos/GitHub/MotoresComerciales1-2025/MotoresComerciales/Content/Brushify/Meshes/Cliffs/Meshes/Desert_eyes/defaultMaterial_cdd54e7e429fb7a562e005ae3e02147f.uasset" 1463
"C:/Users/jhona/OneDrive/Documentos/GitHub/MotoresComerciales1-2025/MotoresComerciales/Content/Brushify/Meshes/Cliffs/Meshes/Desert_eyes/defaultMaterial_cdd54e7e429fb7a562e005ae3e02147f.uexp" 1464
"C:/Users/jhona/OneDrive/Documentos/GitHub/MotoresComerciales1-2025/MotoresComerciales/Content/Brushify/Materials/Landscape/ProceduralMeshes/Rocks/Rock_03/MI_Rock_03_Desert.uasset" 1465
"C:/Users/jhona/OneDrive/Documentos/GitHub/MotoresComerciales1-2025/MotoresComerciales/Content/Brushify/Materials/Landscape/ProceduralMeshes/Rocks/Rock_03/MI_Rock_03_Desert.uexp" 1466
"C:/Users/jhona/OneDrive/Documentos/GitHub/MotoresComerciales1-2025/MotoresComerciales/Content/Brushify/Procedural/Desert/Cliffs/FoliageTypes/FT_Cliff_Slab_02.uasset" 1467
"C:/Users/jhona/OneDrive/Documentos/GitHub/MotoresComerciales1-2025/MotoresComerciales/Content/Brushify/Procedural/Desert/Cliffs/FoliageTypes/FT_Cliff_Slab_02.uexp" 1468
"C:/Users/jhona/OneDrive/Documentos/GitHub/MotoresComerciales1-2025/MotoresComerciales/Content/Brushify/Procedural/Grasslands/Cliffs/FoliageTypes/FT_Rock_05.uasset" 1469
"C:/Users/jhona/OneDrive/Documentos/GitHub/MotoresComerciales1-2025/MotoresComerciales/Content/Brushify/Procedural/Grasslands/Cliffs/FoliageTypes/FT_Rock_05.uexp" 1470
"C:/Users/jhona/OneDrive/Documentos/GitHub/MotoresComerciales1-2025/MotoresComerciales/Content/Brushify/Meshes/Cliffs/Meshes/desert_planet/ReinforcementAttachment_windows_and_metal_0.ubulk" 1471
"C:/Users/jhona/OneDrive/Documentos/GitHub/MotoresComerciales1-2025/MotoresComerciales/Content/Brushify/Meshes/Cliffs/Meshes/desert_planet/ReinforcementAttachment_windows_and_metal_0.uasset" 1472
"C:/Users/jhona/OneDrive/Documentos/GitHub/MotoresComerciales1-2025/MotoresComerciales/Content/Brushify/Meshes/Cliffs/Meshes/desert_planet/ReinforcementAttachment_windows_and_metal_0.uexp" 1473
"C:/Users/jhona/OneDrive/Documentos/GitHub/MotoresComerciales1-2025/MotoresComerciales/Content/Brushify/Meshes/Cliffs/Meshes/desert_planet/GarageDoor_windows_and_metal_0.ubulk" 1474
"C:/Users/jhona/OneDrive/Documentos/GitHub/MotoresComerciales1-2025/MotoresComerciales/Content/Brushify/Meshes/Cliffs/Meshes/desert_planet/GarageDoor_windows_and_metal_0.uasset" 1475
"C:/Users/jhona/OneDrive/Documentos/GitHub/MotoresComerciales1-2025/MotoresComerciales/Content/Brushify/Meshes/Cliffs/Meshes/desert_planet/GarageDoor_windows_and_metal_0.uexp" 1476
"C:/Users/jhona/OneDrive/Documentos/GitHub/MotoresComerciales1-2025/MotoresComerciales/Content/Brushify/Maps/DesertMountains/Layerinfo/ForestDry_LayerInfo.uasset" 1477
"C:/Users/jhona/OneDrive/Documentos/GitHub/MotoresComerciales1-2025/MotoresComerciales/Content/Brushify/Maps/DesertMountains/Layerinfo/ForestDry_LayerInfo.uexp" 1478
"C:/Users/jhona/OneDrive/Documentos/GitHub/MotoresComerciales1-2025/MotoresComerciales/Content/Brushify/Meshes/Cliffs/Meshes/Desert_eyes/defaultMaterial_20a07a8fe65ce952b434d1bb29fedad1.ubulk" 1479
"C:/Users/jhona/OneDrive/Documentos/GitHub/MotoresComerciales1-2025/MotoresComerciales/Content/Brushify/Meshes/Cliffs/Meshes/Desert_eyes/defaultMaterial_20a07a8fe65ce952b434d1bb29fedad1.uasset" 1480
"C:/Users/jhona/OneDrive/Documentos/GitHub/MotoresComerciales1-2025/MotoresComerciales/Content/Brushify/Meshes/Cliffs/Meshes/Desert_eyes/defaultMaterial_20a07a8fe65ce952b434d1bb29fedad1.uexp" 1481
"C:/Users/jhona/OneDrive/Documentos/GitHub/MotoresComerciales1-2025/MotoresComerciales/Content/Brushify/Meshes/Cliffs/Meshes/desert_planet/DoorCenter_Entrance_0.ubulk" 1482
"C:/Users/jhona/OneDrive/Documentos/GitHub/MotoresComerciales1-2025/MotoresComerciales/Content/Brushify/Meshes/Cliffs/Meshes/desert_planet/DoorCenter_Entrance_0.uasset" 1483
"C:/Users/jhona/OneDrive/Documentos/GitHub/MotoresComerciales1-2025/MotoresComerciales/Content/Brushify/Meshes/Cliffs/Meshes/desert_planet/DoorCenter_Entrance_0.uexp" 1484
"C:/Users/jhona/OneDrive/Documentos/GitHub/MotoresComerciales1-2025/MotoresComerciales/Content/Brushify/Meshes/Cliffs/Meshes/desert_droid/defaultMaterial_fbdead053c2985b452b678d7bfd5a700.ubulk" 1485
"C:/Users/jhona/OneDrive/Documentos/GitHub/MotoresComerciales1-2025/MotoresComerciales/Content/Brushify/Meshes/Cliffs/Meshes/desert_droid/defaultMaterial_fbdead053c2985b452b678d7bfd5a700.uasset" 1486
"C:/Users/jhona/OneDrive/Documentos/GitHub/MotoresComerciales1-2025/MotoresComerciales/Content/Brushify/Meshes/Cliffs/Meshes/desert_droid/defaultMaterial_fbdead053c2985b452b678d7bfd5a700.uexp" 1487
"../../../Engine/Content/EngineResources/LandscapeVisibilityLayerInfo.uasset" 1488
"../../../Engine/Content/EngineResources/LandscapeVisibilityLayerInfo.uexp" 1489
"C:/Users/jhona/OneDrive/Documentos/GitHub/MotoresComerciales1-2025/MotoresComerciales/Content/Brushify/Materials/Landscape/ProceduralMeshes/Rocks/Rock_04/MI_Rock_04_Desert.uasset" 1490
"C:/Users/jhona/OneDrive/Documentos/GitHub/MotoresComerciales1-2025/MotoresComerciales/Content/Brushify/Materials/Landscape/ProceduralMeshes/Rocks/Rock_04/MI_Rock_04_Desert.uexp" 1491
"C:/Users/jhona/OneDrive/Documentos/GitHub/MotoresComerciales1-2025/MotoresComerciales/Content/Brushify/Procedural/Desert/Cliffs/FoliageTypes/FT_Cliff_Slab_01.uasset" 1492
"C:/Users/jhona/OneDrive/Documentos/GitHub/MotoresComerciales1-2025/MotoresComerciales/Content/Brushify/Procedural/Desert/Cliffs/FoliageTypes/FT_Cliff_Slab_01.uexp" 1493
"C:/Users/jhona/OneDrive/Documentos/GitHub/MotoresComerciales1-2025/MotoresComerciales/Content/Brushify/Meshes/Cliffs/Meshes/Desert_eyes/defaultMaterial_162f3c8368f0c775b82aa038658b6370.ubulk" 1494
"C:/Users/jhona/OneDrive/Documentos/GitHub/MotoresComerciales1-2025/MotoresComerciales/Content/Brushify/Meshes/Cliffs/Meshes/Desert_eyes/defaultMaterial_162f3c8368f0c775b82aa038658b6370.uasset" 1495
"C:/Users/jhona/OneDrive/Documentos/GitHub/MotoresComerciales1-2025/MotoresComerciales/Content/Brushify/Meshes/Cliffs/Meshes/Desert_eyes/defaultMaterial_162f3c8368f0c775b82aa038658b6370.uexp" 1496
"C:/Users/jhona/OneDrive/Documentos/GitHub/MotoresComerciales1-2025/MotoresComerciales/Content/Brushify/Meshes/Cliffs/Meshes/Desert_eyes/defaultMaterial_601bc6fd9cc9ab5ae4b7d45c39197c43.ubulk" 1497
"C:/Users/jhona/OneDrive/Documentos/GitHub/MotoresComerciales1-2025/MotoresComerciales/Content/Brushify/Meshes/Cliffs/Meshes/Desert_eyes/defaultMaterial_601bc6fd9cc9ab5ae4b7d45c39197c43.uasset" 1498
"C:/Users/jhona/OneDrive/Documentos/GitHub/MotoresComerciales1-2025/MotoresComerciales/Content/Brushify/Meshes/Cliffs/Meshes/Desert_eyes/defaultMaterial_601bc6fd9cc9ab5ae4b7d45c39197c43.uexp" 1499
"C:/Users/jhona/OneDrive/Documentos/GitHub/MotoresComerciales1-2025/MotoresComerciales/Content/Brushify/Maps/DesertMountains/Layerinfo/Snow_LayerInfo.uasset" 1500
"C:/Users/jhona/OneDrive/Documentos/GitHub/MotoresComerciales1-2025/MotoresComerciales/Content/Brushify/Maps/DesertMountains/Layerinfo/Snow_LayerInfo.uexp" 1501
"C:/Users/jhona/OneDrive/Documentos/GitHub/MotoresComerciales1-2025/MotoresComerciales/Content/Brushify/Meshes/Cliffs/Meshes/Desert_eyes/defaultMaterial_c12a15e15d96cdeaf46435d79e64c113.ubulk" 1502
"C:/Users/jhona/OneDrive/Documentos/GitHub/MotoresComerciales1-2025/MotoresComerciales/Content/Brushify/Meshes/Cliffs/Meshes/Desert_eyes/defaultMaterial_c12a15e15d96cdeaf46435d79e64c113.uasset" 1503
"C:/Users/jhona/OneDrive/Documentos/GitHub/MotoresComerciales1-2025/MotoresComerciales/Content/Brushify/Meshes/Cliffs/Meshes/Desert_eyes/defaultMaterial_c12a15e15d96cdeaf46435d79e64c113.uexp" 1504
"C:/Users/jhona/OneDrive/Documentos/GitHub/MotoresComerciales1-2025/MotoresComerciales/Content/Brushify/Meshes/Cliffs/Meshes/desert_droid/defaultMaterial_5ca11daae98c7412d74e088bbd90529f.ubulk" 1505
"C:/Users/jhona/OneDrive/Documentos/GitHub/MotoresComerciales1-2025/MotoresComerciales/Content/Brushify/Meshes/Cliffs/Meshes/desert_droid/defaultMaterial_5ca11daae98c7412d74e088bbd90529f.uasset" 1506
"C:/Users/jhona/OneDrive/Documentos/GitHub/MotoresComerciales1-2025/MotoresComerciales/Content/Brushify/Meshes/Cliffs/Meshes/desert_droid/defaultMaterial_5ca11daae98c7412d74e088bbd90529f.uexp" 1507
"C:/Users/jhona/OneDrive/Documentos/GitHub/MotoresComerciales1-2025/MotoresComerciales/Content/Brushify/Meshes/Cliffs/Meshes/Desert_eyes/defaultMaterial_21e4a6a835cb31f24dd134fa61f529c5.ubulk" 1508
"C:/Users/jhona/OneDrive/Documentos/GitHub/MotoresComerciales1-2025/MotoresComerciales/Content/Brushify/Meshes/Cliffs/Meshes/Desert_eyes/defaultMaterial_21e4a6a835cb31f24dd134fa61f529c5.uasset" 1509
"C:/Users/jhona/OneDrive/Documentos/GitHub/MotoresComerciales1-2025/MotoresComerciales/Content/Brushify/Meshes/Cliffs/Meshes/Desert_eyes/defaultMaterial_21e4a6a835cb31f24dd134fa61f529c5.uexp" 1510
"C:/Users/jhona/OneDrive/Documentos/GitHub/MotoresComerciales1-2025/MotoresComerciales/Content/Brushify/Meshes/Cliffs/Meshes/desert_planet/desert_planet_bunker_garage_thing_texture_17.ubulk" 1511
"C:/Users/jhona/OneDrive/Documentos/GitHub/MotoresComerciales1-2025/MotoresComerciales/Content/Brushify/Meshes/Cliffs/Meshes/desert_planet/desert_planet_bunker_garage_thing_texture_17.uasset" 1512
"C:/Users/jhona/OneDrive/Documentos/GitHub/MotoresComerciales1-2025/MotoresComerciales/Content/Brushify/Meshes/Cliffs/Meshes/desert_planet/desert_planet_bunker_garage_thing_texture_17.uexp" 1513
"C:/Users/jhona/OneDrive/Documentos/GitHub/MotoresComerciales1-2025/MotoresComerciales/Content/Brushify/Meshes/Cliffs/Meshes/desert_planet/desert_planet_bunker_garage_thing_texture_18.ubulk" 1514
"C:/Users/jhona/OneDrive/Documentos/GitHub/MotoresComerciales1-2025/MotoresComerciales/Content/Brushify/Meshes/Cliffs/Meshes/desert_planet/desert_planet_bunker_garage_thing_texture_18.uasset" 1515
"C:/Users/jhona/OneDrive/Documentos/GitHub/MotoresComerciales1-2025/MotoresComerciales/Content/Brushify/Meshes/Cliffs/Meshes/desert_planet/desert_planet_bunker_garage_thing_texture_18.uexp" 1516
"C:/Users/jhona/OneDrive/Documentos/GitHub/MotoresComerciales1-2025/MotoresComerciales/Content/Brushify/Meshes/Cliffs/Meshes/desert_planet/desert_planet_bunker_garage_thing_texture_19.ubulk" 1517
"C:/Users/jhona/OneDrive/Documentos/GitHub/MotoresComerciales1-2025/MotoresComerciales/Content/Brushify/Meshes/Cliffs/Meshes/desert_planet/desert_planet_bunker_garage_thing_texture_19.uasset" 1518
"C:/Users/jhona/OneDrive/Documentos/GitHub/MotoresComerciales1-2025/MotoresComerciales/Content/Brushify/Meshes/Cliffs/Meshes/desert_planet/desert_planet_bunker_garage_thing_texture_19.uexp" 1519
"C:/Users/jhona/OneDrive/Documentos/GitHub/MotoresComerciales1-2025/MotoresComerciales/Content/Brushify/Meshes/Cliffs/Meshes/desert_planet/Cloth.uasset" 1520
"C:/Users/jhona/OneDrive/Documentos/GitHub/MotoresComerciales1-2025/MotoresComerciales/Content/Brushify/Meshes/Cliffs/Meshes/desert_planet/Cloth.uexp" 1521
"C:/Users/jhona/OneDrive/Documentos/GitHub/MotoresComerciales1-2025/MotoresComerciales/Content/Brushify/Meshes/Cliffs/Meshes/desert_planet/ClothBundle_001_Cloth_0.ubulk" 1522
"C:/Users/jhona/OneDrive/Documentos/GitHub/MotoresComerciales1-2025/MotoresComerciales/Content/Brushify/Meshes/Cliffs/Meshes/desert_planet/ClothBundle_001_Cloth_0.uasset" 1523
"C:/Users/jhona/OneDrive/Documentos/GitHub/MotoresComerciales1-2025/MotoresComerciales/Content/Brushify/Meshes/Cliffs/Meshes/desert_planet/ClothBundle_001_Cloth_0.uexp" 1524
"C:/Users/jhona/OneDrive/Documentos/GitHub/MotoresComerciales1-2025/MotoresComerciales/Content/Brushify/Meshes/Cliffs/Meshes/Desert_eyes/defaultMaterial_1de8f0145ada2887eca5c3e2b551be50.ubulk" 1525
"C:/Users/jhona/OneDrive/Documentos/GitHub/MotoresComerciales1-2025/MotoresComerciales/Content/Brushify/Meshes/Cliffs/Meshes/Desert_eyes/defaultMaterial_1de8f0145ada2887eca5c3e2b551be50.uasset" 1526
"C:/Users/jhona/OneDrive/Documentos/GitHub/MotoresComerciales1-2025/MotoresComerciales/Content/Brushify/Meshes/Cliffs/Meshes/Desert_eyes/defaultMaterial_1de8f0145ada2887eca5c3e2b551be50.uexp" 1527
"C:/Users/jhona/OneDrive/Documentos/GitHub/MotoresComerciales1-2025/MotoresComerciales/Content/Brushify/Meshes/Cliffs/Meshes/desert_planet/ReinforcementAttachment_003_windows_and_metal_0.ubulk" 1528
"C:/Users/jhona/OneDrive/Documentos/GitHub/MotoresComerciales1-2025/MotoresComerciales/Content/Brushify/Meshes/Cliffs/Meshes/desert_planet/ReinforcementAttachment_003_windows_and_metal_0.uasset" 1529
"C:/Users/jhona/OneDrive/Documentos/GitHub/MotoresComerciales1-2025/MotoresComerciales/Content/Brushify/Meshes/Cliffs/Meshes/desert_planet/ReinforcementAttachment_003_windows_and_metal_0.uexp" 1530
"C:/Users/jhona/OneDrive/Documentos/GitHub/MotoresComerciales1-2025/MotoresComerciales/Content/Brushify/Meshes/Cliffs/Meshes/Desert_eyes/defaultMaterial_417eee58883b56c42c1642606059131e.ubulk" 1531
"C:/Users/jhona/OneDrive/Documentos/GitHub/MotoresComerciales1-2025/MotoresComerciales/Content/Brushify/Meshes/Cliffs/Meshes/Desert_eyes/defaultMaterial_417eee58883b56c42c1642606059131e.uasset" 1532
"C:/Users/jhona/OneDrive/Documentos/GitHub/MotoresComerciales1-2025/MotoresComerciales/Content/Brushify/Meshes/Cliffs/Meshes/Desert_eyes/defaultMaterial_417eee58883b56c42c1642606059131e.uexp" 1533
"C:/Users/jhona/OneDrive/Documentos/GitHub/MotoresComerciales1-2025/MotoresComerciales/Content/Brushify/Meshes/Cliffs/Meshes/Desert_eyes/defaultMaterial_875b4f352c8f7468ccd1510d73ba4a71.ubulk" 1534
"C:/Users/jhona/OneDrive/Documentos/GitHub/MotoresComerciales1-2025/MotoresComerciales/Content/Brushify/Meshes/Cliffs/Meshes/Desert_eyes/defaultMaterial_875b4f352c8f7468ccd1510d73ba4a71.uasset" 1535
"C:/Users/jhona/OneDrive/Documentos/GitHub/MotoresComerciales1-2025/MotoresComerciales/Content/Brushify/Meshes/Cliffs/Meshes/Desert_eyes/defaultMaterial_875b4f352c8f7468ccd1510d73ba4a71.uexp" 1536
"C:/Users/jhona/OneDrive/Documentos/GitHub/MotoresComerciales1-2025/MotoresComerciales/Content/Brushify/Meshes/Cliffs/Meshes/desert_droid/defaultMaterial_93d5154fd0aeaf59d7208bdf350619bf.ubulk" 1537
"C:/Users/jhona/OneDrive/Documentos/GitHub/MotoresComerciales1-2025/MotoresComerciales/Content/Brushify/Meshes/Cliffs/Meshes/desert_droid/defaultMaterial_93d5154fd0aeaf59d7208bdf350619bf.uasset" 1538
"C:/Users/jhona/OneDrive/Documentos/GitHub/MotoresComerciales1-2025/MotoresComerciales/Content/Brushify/Meshes/Cliffs/Meshes/desert_droid/defaultMaterial_93d5154fd0aeaf59d7208bdf350619bf.uexp" 1539
"C:/Users/jhona/OneDrive/Documentos/GitHub/MotoresComerciales1-2025/MotoresComerciales/Content/Brushify/Meshes/Cliffs/Meshes/Desert_eyes/defaultMaterial_0f58423574ae917f02bf6cb269820325.ubulk" 1540
"C:/Users/jhona/OneDrive/Documentos/GitHub/MotoresComerciales1-2025/MotoresComerciales/Content/Brushify/Meshes/Cliffs/Meshes/Desert_eyes/defaultMaterial_0f58423574ae917f02bf6cb269820325.uasset" 1541
"C:/Users/jhona/OneDrive/Documentos/GitHub/MotoresComerciales1-2025/MotoresComerciales/Content/Brushify/Meshes/Cliffs/Meshes/Desert_eyes/defaultMaterial_0f58423574ae917f02bf6cb269820325.uexp" 1542
"C:/Users/jhona/OneDrive/Documentos/GitHub/MotoresComerciales1-2025/MotoresComerciales/Content/Brushify/Meshes/Cliffs/Meshes/desert_planet/ClothHolder_002_Cloth_0.ubulk" 1543
"C:/Users/jhona/OneDrive/Documentos/GitHub/MotoresComerciales1-2025/MotoresComerciales/Content/Brushify/Meshes/Cliffs/Meshes/desert_planet/ClothHolder_002_Cloth_0.uasset" 1544
"C:/Users/jhona/OneDrive/Documentos/GitHub/MotoresComerciales1-2025/MotoresComerciales/Content/Brushify/Meshes/Cliffs/Meshes/desert_planet/ClothHolder_002_Cloth_0.uexp" 1545
"C:/Users/jhona/OneDrive/Documentos/GitHub/MotoresComerciales1-2025/MotoresComerciales/Content/Brushify/Meshes/Cliffs/Meshes/desert_droid/defaultMaterial_06f54003935043b2b492bca41d1c612d.ubulk" 1546
"C:/Users/jhona/OneDrive/Documentos/GitHub/MotoresComerciales1-2025/MotoresComerciales/Content/Brushify/Meshes/Cliffs/Meshes/desert_droid/defaultMaterial_06f54003935043b2b492bca41d1c612d.uasset" 1547
"C:/Users/jhona/OneDrive/Documentos/GitHub/MotoresComerciales1-2025/MotoresComerciales/Content/Brushify/Meshes/Cliffs/Meshes/desert_droid/defaultMaterial_06f54003935043b2b492bca41d1c612d.uexp" 1548
"C:/Users/jhona/OneDrive/Documentos/GitHub/MotoresComerciales1-2025/MotoresComerciales/Content/Brushify/Meshes/Cliffs/Meshes/desert_planet/Building_017_Entrance_0.ubulk" 1549
"C:/Users/jhona/OneDrive/Documentos/GitHub/MotoresComerciales1-2025/MotoresComerciales/Content/Brushify/Meshes/Cliffs/Meshes/desert_planet/Building_017_Entrance_0.uasset" 1550
"C:/Users/jhona/OneDrive/Documentos/GitHub/MotoresComerciales1-2025/MotoresComerciales/Content/Brushify/Meshes/Cliffs/Meshes/desert_planet/Building_017_Entrance_0.uexp" 1551
"C:/Users/jhona/OneDrive/Documentos/GitHub/MotoresComerciales1-2025/MotoresComerciales/Content/Brushify/Meshes/Cliffs/Meshes/desert_droid/defaultMaterial_84c8ef03775c6222c5059015f64d2e6b.ubulk" 1552
"C:/Users/jhona/OneDrive/Documentos/GitHub/MotoresComerciales1-2025/MotoresComerciales/Content/Brushify/Meshes/Cliffs/Meshes/desert_droid/defaultMaterial_84c8ef03775c6222c5059015f64d2e6b.uasset" 1553
"C:/Users/jhona/OneDrive/Documentos/GitHub/MotoresComerciales1-2025/MotoresComerciales/Content/Brushify/Meshes/Cliffs/Meshes/desert_droid/defaultMaterial_84c8ef03775c6222c5059015f64d2e6b.uexp" 1554
"C:/Users/jhona/OneDrive/Documentos/GitHub/MotoresComerciales1-2025/MotoresComerciales/Content/Brushify/Meshes/Cliffs/Meshes/Desert_eyes/defaultMaterial_77c0600f859f3140c17e7e9619d1728a.ubulk" 1555
"C:/Users/jhona/OneDrive/Documentos/GitHub/MotoresComerciales1-2025/MotoresComerciales/Content/Brushify/Meshes/Cliffs/Meshes/Desert_eyes/defaultMaterial_77c0600f859f3140c17e7e9619d1728a.uasset" 1556
"C:/Users/jhona/OneDrive/Documentos/GitHub/MotoresComerciales1-2025/MotoresComerciales/Content/Brushify/Meshes/Cliffs/Meshes/Desert_eyes/defaultMaterial_77c0600f859f3140c17e7e9619d1728a.uexp" 1557
"C:/Users/jhona/OneDrive/Documentos/GitHub/MotoresComerciales1-2025/MotoresComerciales/Content/Brushify/Meshes/Cliffs/Meshes/Desert_eyes/defaultMaterial_5088715e348eb0d966cead1e480379b7.ubulk" 1558
"C:/Users/jhona/OneDrive/Documentos/GitHub/MotoresComerciales1-2025/MotoresComerciales/Content/Brushify/Meshes/Cliffs/Meshes/Desert_eyes/defaultMaterial_5088715e348eb0d966cead1e480379b7.uasset" 1559
"C:/Users/jhona/OneDrive/Documentos/GitHub/MotoresComerciales1-2025/MotoresComerciales/Content/Brushify/Meshes/Cliffs/Meshes/Desert_eyes/defaultMaterial_5088715e348eb0d966cead1e480379b7.uexp" 1560
"C:/Users/jhona/OneDrive/Documentos/GitHub/MotoresComerciales1-2025/MotoresComerciales/Content/Brushify/Meshes/Cliffs/Meshes/Desert_eyes/defaultMaterial_7998e0f908af6417b0e678862d818de5.ubulk" 1561
"C:/Users/jhona/OneDrive/Documentos/GitHub/MotoresComerciales1-2025/MotoresComerciales/Content/Brushify/Meshes/Cliffs/Meshes/Desert_eyes/defaultMaterial_7998e0f908af6417b0e678862d818de5.uasset" 1562
"C:/Users/jhona/OneDrive/Documentos/GitHub/MotoresComerciales1-2025/MotoresComerciales/Content/Brushify/Meshes/Cliffs/Meshes/Desert_eyes/defaultMaterial_7998e0f908af6417b0e678862d818de5.uexp" 1563
"C:/Users/jhona/OneDrive/Documentos/GitHub/MotoresComerciales1-2025/MotoresComerciales/Content/Brushify/Meshes/Cliffs/Meshes/desert_planet/Building_008_Slice_Slice_001_Entrance_0.ubulk" 1564
"C:/Users/jhona/OneDrive/Documentos/GitHub/MotoresComerciales1-2025/MotoresComerciales/Content/Brushify/Meshes/Cliffs/Meshes/desert_planet/Building_008_Slice_Slice_001_Entrance_0.uasset" 1565
"C:/Users/jhona/OneDrive/Documentos/GitHub/MotoresComerciales1-2025/MotoresComerciales/Content/Brushify/Meshes/Cliffs/Meshes/desert_planet/Building_008_Slice_Slice_001_Entrance_0.uexp" 1566
"C:/Users/jhona/OneDrive/Documentos/GitHub/MotoresComerciales1-2025/MotoresComerciales/Content/Brushify/Meshes/Cliffs/Meshes/desert_droid/defaultMaterial_b3e6f13d706e827ada855f782774bf18.ubulk" 1567
"C:/Users/jhona/OneDrive/Documentos/GitHub/MotoresComerciales1-2025/MotoresComerciales/Content/Brushify/Meshes/Cliffs/Meshes/desert_droid/defaultMaterial_b3e6f13d706e827ada855f782774bf18.uasset" 1568
"C:/Users/jhona/OneDrive/Documentos/GitHub/MotoresComerciales1-2025/MotoresComerciales/Content/Brushify/Meshes/Cliffs/Meshes/desert_droid/defaultMaterial_b3e6f13d706e827ada855f782774bf18.uexp" 1569
"C:/Users/jhona/OneDrive/Documentos/GitHub/MotoresComerciales1-2025/MotoresComerciales/Content/Brushify/Meshes/Cliffs/Meshes/Desert_eyes/defaultMaterial_432ccc5a19673da87fb6da5223a27cf2.ubulk" 1570
"C:/Users/jhona/OneDrive/Documentos/GitHub/MotoresComerciales1-2025/MotoresComerciales/Content/Brushify/Meshes/Cliffs/Meshes/Desert_eyes/defaultMaterial_432ccc5a19673da87fb6da5223a27cf2.uasset" 1571
"C:/Users/jhona/OneDrive/Documentos/GitHub/MotoresComerciales1-2025/MotoresComerciales/Content/Brushify/Meshes/Cliffs/Meshes/Desert_eyes/defaultMaterial_432ccc5a19673da87fb6da5223a27cf2.uexp" 1572
"C:/Users/jhona/OneDrive/Documentos/GitHub/MotoresComerciales1-2025/MotoresComerciales/Content/Brushify/Meshes/Cliffs/Meshes/desert_frotress/desert_fortress_walkways_texture_0.ubulk" 1573
"C:/Users/jhona/OneDrive/Documentos/GitHub/MotoresComerciales1-2025/MotoresComerciales/Content/Brushify/Meshes/Cliffs/Meshes/desert_frotress/desert_fortress_walkways_texture_0.uasset" 1574
"C:/Users/jhona/OneDrive/Documentos/GitHub/MotoresComerciales1-2025/MotoresComerciales/Content/Brushify/Meshes/Cliffs/Meshes/desert_frotress/desert_fortress_walkways_texture_0.uexp" 1575
"C:/Users/jhona/OneDrive/Documentos/GitHub/MotoresComerciales1-2025/MotoresComerciales/Content/Brushify/Meshes/Cliffs/Meshes/desert_frotress/desert_fortress_walkways_texture_1.ubulk" 1576
"C:/Users/jhona/OneDrive/Documentos/GitHub/MotoresComerciales1-2025/MotoresComerciales/Content/Brushify/Meshes/Cliffs/Meshes/desert_frotress/desert_fortress_walkways_texture_1.uasset" 1577
"C:/Users/jhona/OneDrive/Documentos/GitHub/MotoresComerciales1-2025/MotoresComerciales/Content/Brushify/Meshes/Cliffs/Meshes/desert_frotress/desert_fortress_walkways_texture_1.uexp" 1578
"C:/Users/jhona/OneDrive/Documentos/GitHub/MotoresComerciales1-2025/MotoresComerciales/Content/Brushify/Meshes/Cliffs/Meshes/desert_frotress/desert_fortress_walkways_texture_2.ubulk" 1579
"C:/Users/jhona/OneDrive/Documentos/GitHub/MotoresComerciales1-2025/MotoresComerciales/Content/Brushify/Meshes/Cliffs/Meshes/desert_frotress/desert_fortress_walkways_texture_2.uasset" 1580
"C:/Users/jhona/OneDrive/Documentos/GitHub/MotoresComerciales1-2025/MotoresComerciales/Content/Brushify/Meshes/Cliffs/Meshes/desert_frotress/desert_fortress_walkways_texture_2.uexp" 1581
"C:/Users/jhona/OneDrive/Documentos/GitHub/MotoresComerciales1-2025/MotoresComerciales/Content/Brushify/Meshes/Cliffs/Meshes/desert_frotress/Structure_Source_Stair_Support_01.uasset" 1582
"C:/Users/jhona/OneDrive/Documentos/GitHub/MotoresComerciales1-2025/MotoresComerciales/Content/Brushify/Meshes/Cliffs/Meshes/desert_frotress/Structure_Source_Stair_Support_01.uexp" 1583
"C:/Users/jhona/OneDrive/Documentos/GitHub/MotoresComerciales1-2025/MotoresComerciales/Content/Brushify/Meshes/Cliffs/Meshes/desert_frotress/Stair_Support_01_Structure_Source_Stair_Support_01_0.ubulk" 1584
"C:/Users/jhona/OneDrive/Documentos/GitHub/MotoresComerciales1-2025/MotoresComerciales/Content/Brushify/Meshes/Cliffs/Meshes/desert_frotress/Stair_Support_01_Structure_Source_Stair_Support_01_0.uasset" 1585
"C:/Users/jhona/OneDrive/Documentos/GitHub/MotoresComerciales1-2025/MotoresComerciales/Content/Brushify/Meshes/Cliffs/Meshes/desert_frotress/Stair_Support_01_Structure_Source_Stair_Support_01_0.uexp" 1586
"C:/Users/jhona/OneDrive/Documentos/GitHub/MotoresComerciales1-2025/MotoresComerciales/Content/Brushify/Meshes/Cliffs/Meshes/Desert_eyes/defaultMaterial_c0fb1dc398247a8390b466ad171d105f.ubulk" 1587
"C:/Users/jhona/OneDrive/Documentos/GitHub/MotoresComerciales1-2025/MotoresComerciales/Content/Brushify/Meshes/Cliffs/Meshes/Desert_eyes/defaultMaterial_c0fb1dc398247a8390b466ad171d105f.uasset" 1588
"C:/Users/jhona/OneDrive/Documentos/GitHub/MotoresComerciales1-2025/MotoresComerciales/Content/Brushify/Meshes/Cliffs/Meshes/Desert_eyes/defaultMaterial_c0fb1dc398247a8390b466ad171d105f.uexp" 1589
"C:/Users/jhona/OneDrive/Documentos/GitHub/MotoresComerciales1-2025/MotoresComerciales/Content/Brushify/Meshes/Cliffs/Meshes/desert_droid/defaultMaterial_49c7f6fc474bbb4087c92520738a1047.ubulk" 1590
"C:/Users/jhona/OneDrive/Documentos/GitHub/MotoresComerciales1-2025/MotoresComerciales/Content/Brushify/Meshes/Cliffs/Meshes/desert_droid/defaultMaterial_49c7f6fc474bbb4087c92520738a1047.uasset" 1591
"C:/Users/jhona/OneDrive/Documentos/GitHub/MotoresComerciales1-2025/MotoresComerciales/Content/Brushify/Meshes/Cliffs/Meshes/desert_droid/defaultMaterial_49c7f6fc474bbb4087c92520738a1047.uexp" 1592
"C:/Users/jhona/OneDrive/Documentos/GitHub/MotoresComerciales1-2025/MotoresComerciales/Content/Brushify/Materials/Landscape/Textures/Cliffs/T_CliffSurface_Desert_D.ubulk" 1593
"C:/Users/jhona/OneDrive/Documentos/GitHub/MotoresComerciales1-2025/MotoresComerciales/Content/Brushify/Materials/Landscape/Textures/Cliffs/T_CliffSurface_Desert_D.uasset" 1594
"C:/Users/jhona/OneDrive/Documentos/GitHub/MotoresComerciales1-2025/MotoresComerciales/Content/Brushify/Materials/Landscape/Textures/Cliffs/T_CliffSurface_Desert_D.uexp" 1595
"C:/Users/jhona/OneDrive/Documentos/GitHub/MotoresComerciales1-2025/MotoresComerciales/Content/Brushify/Materials/Landscape/ProceduralMeshes/Rocks/Pebbles_01/MI_Pebbles_01_dry.uasset" 1596
"C:/Users/jhona/OneDrive/Documentos/GitHub/MotoresComerciales1-2025/MotoresComerciales/Content/Brushify/Materials/Landscape/ProceduralMeshes/Rocks/Pebbles_01/MI_Pebbles_01_dry.uexp" 1597
"C:/Users/jhona/OneDrive/Documentos/GitHub/MotoresComerciales1-2025/MotoresComerciales/Content/Brushify/Materials/Landscape/ProceduralMeshes/Rocks/Pebbles_01/S_Pebbles_01_dry.ubulk" 1598
"C:/Users/jhona/OneDrive/Documentos/GitHub/MotoresComerciales1-2025/MotoresComerciales/Content/Brushify/Materials/Landscape/ProceduralMeshes/Rocks/Pebbles_01/S_Pebbles_01_dry.uasset" 1599
"C:/Users/jhona/OneDrive/Documentos/GitHub/MotoresComerciales1-2025/MotoresComerciales/Content/Brushify/Materials/Landscape/ProceduralMeshes/Rocks/Pebbles_01/S_Pebbles_01_dry.uexp" 1600
"C:/Users/jhona/OneDrive/Documentos/GitHub/MotoresComerciales1-2025/MotoresComerciales/Content/Brushify/Materials/Landscape/GrassTypes/LG_Dunes.uasset" 1601
"C:/Users/jhona/OneDrive/Documentos/GitHub/MotoresComerciales1-2025/MotoresComerciales/Content/Brushify/Materials/Landscape/GrassTypes/LG_Dunes.uexp" 1602
"C:/Users/jhona/OneDrive/Documentos/GitHub/MotoresComerciales1-2025/MotoresComerciales/Content/Brushify/Meshes/Cliffs/Meshes/desert_droid/defaultMaterial_5070be855e0cb94b155e751c907a5173.ubulk" 1603
"C:/Users/jhona/OneDrive/Documentos/GitHub/MotoresComerciales1-2025/MotoresComerciales/Content/Brushify/Meshes/Cliffs/Meshes/desert_droid/defaultMaterial_5070be855e0cb94b155e751c907a5173.uasset" 1604
"C:/Users/jhona/OneDrive/Documentos/GitHub/MotoresComerciales1-2025/MotoresComerciales/Content/Brushify/Meshes/Cliffs/Meshes/desert_droid/defaultMaterial_5070be855e0cb94b155e751c907a5173.uexp" 1605
"C:/Users/jhona/OneDrive/Documentos/GitHub/MotoresComerciales1-2025/MotoresComerciales/Content/Brushify/Maps/DesertMountains/Layerinfo/RemoveProcedural_LayerInfo.uasset" 1606
"C:/Users/jhona/OneDrive/Documentos/GitHub/MotoresComerciales1-2025/MotoresComerciales/Content/Brushify/Maps/DesertMountains/Layerinfo/RemoveProcedural_LayerInfo.uexp" 1607
"C:/Users/jhona/OneDrive/Documentos/GitHub/MotoresComerciales1-2025/MotoresComerciales/Content/Brushify/Meshes/Cliffs/Meshes/Desert_eyes/defaultMaterial_4059f4d9667f61fd9b98fbc91aa688e4.ubulk" 1608
"C:/Users/jhona/OneDrive/Documentos/GitHub/MotoresComerciales1-2025/MotoresComerciales/Content/Brushify/Meshes/Cliffs/Meshes/Desert_eyes/defaultMaterial_4059f4d9667f61fd9b98fbc91aa688e4.uasset" 1609
"C:/Users/jhona/OneDrive/Documentos/GitHub/MotoresComerciales1-2025/MotoresComerciales/Content/Brushify/Meshes/Cliffs/Meshes/Desert_eyes/defaultMaterial_4059f4d9667f61fd9b98fbc91aa688e4.uexp" 1610
"C:/Users/jhona/OneDrive/Documentos/GitHub/MotoresComerciales1-2025/MotoresComerciales/Content/Brushify/Meshes/Cliffs/Meshes/desert_planet/DoorLower_Entrance_0.ubulk" 1611
"C:/Users/jhona/OneDrive/Documentos/GitHub/MotoresComerciales1-2025/MotoresComerciales/Content/Brushify/Meshes/Cliffs/Meshes/desert_planet/DoorLower_Entrance_0.uasset" 1612
"C:/Users/jhona/OneDrive/Documentos/GitHub/MotoresComerciales1-2025/MotoresComerciales/Content/Brushify/Meshes/Cliffs/Meshes/desert_planet/DoorLower_Entrance_0.uexp" 1613
"C:/Users/jhona/OneDrive/Documentos/GitHub/MotoresComerciales1-2025/MotoresComerciales/Content/Brushify/Meshes/Cliffs/Meshes/Desert_eyes/defaultMaterial_57e866ec5fb26003bf221aefb3f15597.ubulk" 1614
"C:/Users/jhona/OneDrive/Documentos/GitHub/MotoresComerciales1-2025/MotoresComerciales/Content/Brushify/Meshes/Cliffs/Meshes/Desert_eyes/defaultMaterial_57e866ec5fb26003bf221aefb3f15597.uasset" 1615
"C:/Users/jhona/OneDrive/Documentos/GitHub/MotoresComerciales1-2025/MotoresComerciales/Content/Brushify/Meshes/Cliffs/Meshes/Desert_eyes/defaultMaterial_57e866ec5fb26003bf221aefb3f15597.uexp" 1616
"C:/Users/jhona/OneDrive/Documentos/GitHub/MotoresComerciales1-2025/MotoresComerciales/Content/Brushify/Meshes/Cliffs/Meshes/desert_frotress/desert_fortress_walkways_texture_6.ubulk" 1617
"C:/Users/jhona/OneDrive/Documentos/GitHub/MotoresComerciales1-2025/MotoresComerciales/Content/Brushify/Meshes/Cliffs/Meshes/desert_frotress/desert_fortress_walkways_texture_6.uasset" 1618
"C:/Users/jhona/OneDrive/Documentos/GitHub/MotoresComerciales1-2025/MotoresComerciales/Content/Brushify/Meshes/Cliffs/Meshes/desert_frotress/desert_fortress_walkways_texture_6.uexp" 1619
"C:/Users/jhona/OneDrive/Documentos/GitHub/MotoresComerciales1-2025/MotoresComerciales/Content/Brushify/Meshes/Cliffs/Meshes/desert_frotress/desert_fortress_walkways_texture_7.ubulk" 1620
"C:/Users/jhona/OneDrive/Documentos/GitHub/MotoresComerciales1-2025/MotoresComerciales/Content/Brushify/Meshes/Cliffs/Meshes/desert_frotress/desert_fortress_walkways_texture_7.uasset" 1621
"C:/Users/jhona/OneDrive/Documentos/GitHub/MotoresComerciales1-2025/MotoresComerciales/Content/Brushify/Meshes/Cliffs/Meshes/desert_frotress/desert_fortress_walkways_texture_7.uexp" 1622
"C:/Users/jhona/OneDrive/Documentos/GitHub/MotoresComerciales1-2025/MotoresComerciales/Content/Brushify/Meshes/Cliffs/Meshes/desert_frotress/desert_fortress_walkways_texture_8.ubulk" 1623
"C:/Users/jhona/OneDrive/Documentos/GitHub/MotoresComerciales1-2025/MotoresComerciales/Content/Brushify/Meshes/Cliffs/Meshes/desert_frotress/desert_fortress_walkways_texture_8.uasset" 1624
"C:/Users/jhona/OneDrive/Documentos/GitHub/MotoresComerciales1-2025/MotoresComerciales/Content/Brushify/Meshes/Cliffs/Meshes/desert_frotress/desert_fortress_walkways_texture_8.uexp" 1625
"C:/Users/jhona/OneDrive/Documentos/GitHub/MotoresComerciales1-2025/MotoresComerciales/Content/Brushify/Meshes/Cliffs/Meshes/desert_frotress/Stair_01.uasset" 1626
"C:/Users/jhona/OneDrive/Documentos/GitHub/MotoresComerciales1-2025/MotoresComerciales/Content/Brushify/Meshes/Cliffs/Meshes/desert_frotress/Stair_01.uexp" 1627
"C:/Users/jhona/OneDrive/Documentos/GitHub/MotoresComerciales1-2025/MotoresComerciales/Content/Brushify/Meshes/Cliffs/Meshes/desert_frotress/Stair_01_Stair_01_0.ubulk" 1628
"C:/Users/jhona/OneDrive/Documentos/GitHub/MotoresComerciales1-2025/MotoresComerciales/Content/Brushify/Meshes/Cliffs/Meshes/desert_frotress/Stair_01_Stair_01_0.uasset" 1629
"C:/Users/jhona/OneDrive/Documentos/GitHub/MotoresComerciales1-2025/MotoresComerciales/Content/Brushify/Meshes/Cliffs/Meshes/desert_frotress/Stair_01_Stair_01_0.uexp" 1630
"C:/Users/jhona/OneDrive/Documentos/GitHub/MotoresComerciales1-2025/MotoresComerciales/Content/Brushify/Meshes/Cliffs/Meshes/desert_droid/defaultMaterial_0a78d355ad1d13a999762a0c26ebe277.ubulk" 1631
"C:/Users/jhona/OneDrive/Documentos/GitHub/MotoresComerciales1-2025/MotoresComerciales/Content/Brushify/Meshes/Cliffs/Meshes/desert_droid/defaultMaterial_0a78d355ad1d13a999762a0c26ebe277.uasset" 1632
"C:/Users/jhona/OneDrive/Documentos/GitHub/MotoresComerciales1-2025/MotoresComerciales/Content/Brushify/Meshes/Cliffs/Meshes/desert_droid/defaultMaterial_0a78d355ad1d13a999762a0c26ebe277.uexp" 1633
"C:/Users/jhona/OneDrive/Documentos/GitHub/MotoresComerciales1-2025/MotoresComerciales/Content/Brushify/Meshes/Cliffs/Meshes/Desert_eyes/defaultMaterial_f33e6df62d3744a5d223b9986f7f19fd.ubulk" 1634
"C:/Users/jhona/OneDrive/Documentos/GitHub/MotoresComerciales1-2025/MotoresComerciales/Content/Brushify/Meshes/Cliffs/Meshes/Desert_eyes/defaultMaterial_f33e6df62d3744a5d223b9986f7f19fd.uasset" 1635
"C:/Users/jhona/OneDrive/Documentos/GitHub/MotoresComerciales1-2025/MotoresComerciales/Content/Brushify/Meshes/Cliffs/Meshes/Desert_eyes/defaultMaterial_f33e6df62d3744a5d223b9986f7f19fd.uexp" 1636
"C:/Users/jhona/OneDrive/Documentos/GitHub/MotoresComerciales1-2025/MotoresComerciales/Content/Brushify/Meshes/Cliffs/Meshes/desert_planet/desert_planet_bunker_garage_thing_texture_0.ubulk" 1637
"C:/Users/jhona/OneDrive/Documentos/GitHub/MotoresComerciales1-2025/MotoresComerciales/Content/Brushify/Meshes/Cliffs/Meshes/desert_planet/desert_planet_bunker_garage_thing_texture_0.uasset" 1638
"C:/Users/jhona/OneDrive/Documentos/GitHub/MotoresComerciales1-2025/MotoresComerciales/Content/Brushify/Meshes/Cliffs/Meshes/desert_planet/desert_planet_bunker_garage_thing_texture_0.uexp" 1639
"C:/Users/jhona/OneDrive/Documentos/GitHub/MotoresComerciales1-2025/MotoresComerciales/Content/Brushify/Meshes/Cliffs/Meshes/desert_planet/desert_planet_bunker_garage_thing_texture_1.ubulk" 1640
"C:/Users/jhona/OneDrive/Documentos/GitHub/MotoresComerciales1-2025/MotoresComerciales/Content/Brushify/Meshes/Cliffs/Meshes/desert_planet/desert_planet_bunker_garage_thing_texture_1.uasset" 1641
"C:/Users/jhona/OneDrive/Documentos/GitHub/MotoresComerciales1-2025/MotoresComerciales/Content/Brushify/Meshes/Cliffs/Meshes/desert_planet/desert_planet_bunker_garage_thing_texture_1.uexp" 1642
"C:/Users/jhona/OneDrive/Documentos/GitHub/MotoresComerciales1-2025/MotoresComerciales/Content/Brushify/Meshes/Cliffs/Meshes/desert_planet/desert_planet_bunker_garage_thing_texture_2.ubulk" 1643
"C:/Users/jhona/OneDrive/Documentos/GitHub/MotoresComerciales1-2025/MotoresComerciales/Content/Brushify/Meshes/Cliffs/Meshes/desert_planet/desert_planet_bunker_garage_thing_texture_2.uasset" 1644
"C:/Users/jhona/OneDrive/Documentos/GitHub/MotoresComerciales1-2025/MotoresComerciales/Content/Brushify/Meshes/Cliffs/Meshes/desert_planet/desert_planet_bunker_garage_thing_texture_2.uexp" 1645
"C:/Users/jhona/OneDrive/Documentos/GitHub/MotoresComerciales1-2025/MotoresComerciales/Content/Brushify/Meshes/Cliffs/Meshes/desert_planet/Connectors.uasset" 1646
"C:/Users/jhona/OneDrive/Documentos/GitHub/MotoresComerciales1-2025/MotoresComerciales/Content/Brushify/Meshes/Cliffs/Meshes/desert_planet/Connectors.uexp" 1647
"C:/Users/jhona/OneDrive/Documentos/GitHub/MotoresComerciales1-2025/MotoresComerciales/Content/Brushify/Meshes/Cliffs/Meshes/desert_planet/Airducts_Connectors_0.ubulk" 1648
"C:/Users/jhona/OneDrive/Documentos/GitHub/MotoresComerciales1-2025/MotoresComerciales/Content/Brushify/Meshes/Cliffs/Meshes/desert_planet/Airducts_Connectors_0.uasset" 1649
"C:/Users/jhona/OneDrive/Documentos/GitHub/MotoresComerciales1-2025/MotoresComerciales/Content/Brushify/Meshes/Cliffs/Meshes/desert_planet/Airducts_Connectors_0.uexp" 1650
"C:/Users/jhona/OneDrive/Documentos/GitHub/MotoresComerciales1-2025/MotoresComerciales/Content/Brushify/Meshes/Cliffs/Meshes/desert_planet/DoorUpper_Entrance_0.ubulk" 1651
"C:/Users/jhona/OneDrive/Documentos/GitHub/MotoresComerciales1-2025/MotoresComerciales/Content/Brushify/Meshes/Cliffs/Meshes/desert_planet/DoorUpper_Entrance_0.uasset" 1652
"C:/Users/jhona/OneDrive/Documentos/GitHub/MotoresComerciales1-2025/MotoresComerciales/Content/Brushify/Meshes/Cliffs/Meshes/desert_planet/DoorUpper_Entrance_0.uexp" 1653
"C:/Users/jhona/OneDrive/Documentos/GitHub/MotoresComerciales1-2025/MotoresComerciales/Content/Brushify/Meshes/Cliffs/Meshes/Desert_eyes/defaultMaterial_770c0b2c67ae5283c1d17ea55fb6b1a2.ubulk" 1654
"C:/Users/jhona/OneDrive/Documentos/GitHub/MotoresComerciales1-2025/MotoresComerciales/Content/Brushify/Meshes/Cliffs/Meshes/Desert_eyes/defaultMaterial_770c0b2c67ae5283c1d17ea55fb6b1a2.uasset" 1655
"C:/Users/jhona/OneDrive/Documentos/GitHub/MotoresComerciales1-2025/MotoresComerciales/Content/Brushify/Meshes/Cliffs/Meshes/Desert_eyes/defaultMaterial_770c0b2c67ae5283c1d17ea55fb6b1a2.uexp" 1656
"C:/Users/jhona/OneDrive/Documentos/GitHub/MotoresComerciales1-2025/MotoresComerciales/Content/Brushify/Meshes/Cliffs/Meshes/desert_droid/defaultMaterial_690c903f75fc533cead92e9c52b0be8b.ubulk" 1657
"C:/Users/jhona/OneDrive/Documentos/GitHub/MotoresComerciales1-2025/MotoresComerciales/Content/Brushify/Meshes/Cliffs/Meshes/desert_droid/defaultMaterial_690c903f75fc533cead92e9c52b0be8b.uasset" 1658
"C:/Users/jhona/OneDrive/Documentos/GitHub/MotoresComerciales1-2025/MotoresComerciales/Content/Brushify/Meshes/Cliffs/Meshes/desert_droid/defaultMaterial_690c903f75fc533cead92e9c52b0be8b.uexp" 1659
"C:/Users/jhona/OneDrive/Documentos/GitHub/MotoresComerciales1-2025/MotoresComerciales/Content/Brushify/Meshes/Cliffs/Meshes/Desert_eyes/defaultMaterial_d7cbf6f1c64c5dab14cbc7fad2ea5926.ubulk" 1660
"C:/Users/jhona/OneDrive/Documentos/GitHub/MotoresComerciales1-2025/MotoresComerciales/Content/Brushify/Meshes/Cliffs/Meshes/Desert_eyes/defaultMaterial_d7cbf6f1c64c5dab14cbc7fad2ea5926.uasset" 1661
"C:/Users/jhona/OneDrive/Documentos/GitHub/MotoresComerciales1-2025/MotoresComerciales/Content/Brushify/Meshes/Cliffs/Meshes/Desert_eyes/defaultMaterial_d7cbf6f1c64c5dab14cbc7fad2ea5926.uexp" 1662
"C:/Users/jhona/OneDrive/Documentos/GitHub/MotoresComerciales1-2025/MotoresComerciales/Content/Brushify/Meshes/Cliffs/Meshes/Cliff_Large_02/Textures/T_Cliff_Large_02_D.ubulk" 1663
"C:/Users/jhona/OneDrive/Documentos/GitHub/MotoresComerciales1-2025/MotoresComerciales/Content/Brushify/Meshes/Cliffs/Meshes/Cliff_Large_02/Textures/T_Cliff_Large_02_D.uasset" 1664
"C:/Users/jhona/OneDrive/Documentos/GitHub/MotoresComerciales1-2025/MotoresComerciales/Content/Brushify/Meshes/Cliffs/Meshes/Cliff_Large_02/Textures/T_Cliff_Large_02_D.uexp" 1665
"C:/Users/jhona/OneDrive/Documentos/GitHub/MotoresComerciales1-2025/MotoresComerciales/Content/Brushify/Meshes/Cliffs/Meshes/Cliff_Large_02/Textures/T_Cliff_Large_02_N.ubulk" 1666
"C:/Users/jhona/OneDrive/Documentos/GitHub/MotoresComerciales1-2025/MotoresComerciales/Content/Brushify/Meshes/Cliffs/Meshes/Cliff_Large_02/Textures/T_Cliff_Large_02_N.uasset" 1667
"C:/Users/jhona/OneDrive/Documentos/GitHub/MotoresComerciales1-2025/MotoresComerciales/Content/Brushify/Meshes/Cliffs/Meshes/Cliff_Large_02/Textures/T_Cliff_Large_02_N.uexp" 1668
"C:/Users/jhona/OneDrive/Documentos/GitHub/MotoresComerciales1-2025/MotoresComerciales/Content/Brushify/Meshes/Cliffs/Meshes/Cliff_Large_02/MI_Cliff_Large_02.uasset" 1669
"C:/Users/jhona/OneDrive/Documentos/GitHub/MotoresComerciales1-2025/MotoresComerciales/Content/Brushify/Meshes/Cliffs/Meshes/Cliff_Large_02/MI_Cliff_Large_02.uexp" 1670
"C:/Users/jhona/OneDrive/Documentos/GitHub/MotoresComerciales1-2025/MotoresComerciales/Content/Brushify/Meshes/Cliffs/Meshes/Cliff_Large_02/S_Cliff_Large_02.ubulk" 1671
"C:/Users/jhona/OneDrive/Documentos/GitHub/MotoresComerciales1-2025/MotoresComerciales/Content/Brushify/Meshes/Cliffs/Meshes/Cliff_Large_02/S_Cliff_Large_02.uasset" 1672
"C:/Users/jhona/OneDrive/Documentos/GitHub/MotoresComerciales1-2025/MotoresComerciales/Content/Brushify/Meshes/Cliffs/Meshes/Cliff_Large_02/S_Cliff_Large_02.uexp" 1673
"C:/Users/jhona/OneDrive/Documentos/GitHub/MotoresComerciales1-2025/MotoresComerciales/Content/Brushify/Meshes/Cliffs/Meshes/Desert_eyes/defaultMaterial_4e5c87f5b18ca8eeb736472790b7f2d3.ubulk" 1674
"C:/Users/jhona/OneDrive/Documentos/GitHub/MotoresComerciales1-2025/MotoresComerciales/Content/Brushify/Meshes/Cliffs/Meshes/Desert_eyes/defaultMaterial_4e5c87f5b18ca8eeb736472790b7f2d3.uasset" 1675
"C:/Users/jhona/OneDrive/Documentos/GitHub/MotoresComerciales1-2025/MotoresComerciales/Content/Brushify/Meshes/Cliffs/Meshes/Desert_eyes/defaultMaterial_4e5c87f5b18ca8eeb736472790b7f2d3.uexp" 1676
"C:/Users/jhona/OneDrive/Documentos/GitHub/MotoresComerciales1-2025/MotoresComerciales/Content/Brushify/Materials/Landscape/ProceduralMeshes/Foliage/Clovers/MI_Clovers_Dry.uasset" 1677
"C:/Users/jhona/OneDrive/Documentos/GitHub/MotoresComerciales1-2025/MotoresComerciales/Content/Brushify/Materials/Landscape/ProceduralMeshes/Foliage/Clovers/MI_Clovers_Dry.uexp" 1678
"C:/Users/jhona/OneDrive/Documentos/GitHub/MotoresComerciales1-2025/MotoresComerciales/Content/Brushify/Materials/Landscape/ProceduralMeshes/Foliage/Clovers/S_Clovers_02_Dry.ubulk" 1679
"C:/Users/jhona/OneDrive/Documentos/GitHub/MotoresComerciales1-2025/MotoresComerciales/Content/Brushify/Materials/Landscape/ProceduralMeshes/Foliage/Clovers/S_Clovers_02_Dry.uasset" 1680
"C:/Users/jhona/OneDrive/Documentos/GitHub/MotoresComerciales1-2025/MotoresComerciales/Content/Brushify/Materials/Landscape/ProceduralMeshes/Foliage/Clovers/S_Clovers_02_Dry.uexp" 1681
"C:/Users/jhona/OneDrive/Documentos/GitHub/MotoresComerciales1-2025/MotoresComerciales/Content/Brushify/Maps/DesertMountains/Layerinfo/Mud_LayerInfo.uasset" 1682
"C:/Users/jhona/OneDrive/Documentos/GitHub/MotoresComerciales1-2025/MotoresComerciales/Content/Brushify/Maps/DesertMountains/Layerinfo/Mud_LayerInfo.uexp" 1683
"C:/Users/jhona/OneDrive/Documentos/GitHub/MotoresComerciales1-2025/MotoresComerciales/Content/Brushify/Meshes/Cliffs/Meshes/Desert_eyes/defaultMaterial_557778b4e5d73c1e4025b8697a228288.ubulk" 1684
"C:/Users/jhona/OneDrive/Documentos/GitHub/MotoresComerciales1-2025/MotoresComerciales/Content/Brushify/Meshes/Cliffs/Meshes/Desert_eyes/defaultMaterial_557778b4e5d73c1e4025b8697a228288.uasset" 1685
"C:/Users/jhona/OneDrive/Documentos/GitHub/MotoresComerciales1-2025/MotoresComerciales/Content/Brushify/Meshes/Cliffs/Meshes/Desert_eyes/defaultMaterial_557778b4e5d73c1e4025b8697a228288.uexp" 1686
"C:/Users/jhona/OneDrive/Documentos/GitHub/MotoresComerciales1-2025/MotoresComerciales/Content/Brushify/Meshes/Cliffs/Meshes/Desert_eyes/defaultMaterial_a1caa8a2a6994ae53f5bc92f8108e60b.ubulk" 1687
"C:/Users/jhona/OneDrive/Documentos/GitHub/MotoresComerciales1-2025/MotoresComerciales/Content/Brushify/Meshes/Cliffs/Meshes/Desert_eyes/defaultMaterial_a1caa8a2a6994ae53f5bc92f8108e60b.uasset" 1688
"C:/Users/jhona/OneDrive/Documentos/GitHub/MotoresComerciales1-2025/MotoresComerciales/Content/Brushify/Meshes/Cliffs/Meshes/Desert_eyes/defaultMaterial_a1caa8a2a6994ae53f5bc92f8108e60b.uexp" 1689
"C:/Users/jhona/OneDrive/Documentos/GitHub/MotoresComerciales1-2025/MotoresComerciales/Content/Brushify/Meshes/Cliffs/Meshes/Desert_eyes/defaultMaterial_e32a20781a77f64e98034afc89fcba7e.ubulk" 1690
"C:/Users/jhona/OneDrive/Documentos/GitHub/MotoresComerciales1-2025/MotoresComerciales/Content/Brushify/Meshes/Cliffs/Meshes/Desert_eyes/defaultMaterial_e32a20781a77f64e98034afc89fcba7e.uasset" 1691
"C:/Users/jhona/OneDrive/Documentos/GitHub/MotoresComerciales1-2025/MotoresComerciales/Content/Brushify/Meshes/Cliffs/Meshes/Desert_eyes/defaultMaterial_e32a20781a77f64e98034afc89fcba7e.uexp" 1692
"C:/Users/jhona/OneDrive/Documentos/GitHub/MotoresComerciales1-2025/MotoresComerciales/Content/Brushify/Materials/Landscape/ProceduralMeshes/Rocks/Scree_02/MI_Scree_02_Desert.uasset" 1693
"C:/Users/jhona/OneDrive/Documentos/GitHub/MotoresComerciales1-2025/MotoresComerciales/Content/Brushify/Materials/Landscape/ProceduralMeshes/Rocks/Scree_02/MI_Scree_02_Desert.uexp" 1694
"C:/Users/jhona/OneDrive/Documentos/GitHub/MotoresComerciales1-2025/MotoresComerciales/Content/Brushify/Materials/Landscape/ProceduralMeshes/Rocks/Rock_06/MI_Rock_06_Desert.uasset" 1695
"C:/Users/jhona/OneDrive/Documentos/GitHub/MotoresComerciales1-2025/MotoresComerciales/Content/Brushify/Materials/Landscape/ProceduralMeshes/Rocks/Rock_06/MI_Rock_06_Desert.uexp" 1696
"C:/Users/jhona/OneDrive/Documentos/GitHub/MotoresComerciales1-2025/MotoresComerciales/Content/Brushify/Materials/Landscape/ProceduralMeshes/Rocks/Rock_02/MI_Rock_02_Desert.uasset" 1697
"C:/Users/jhona/OneDrive/Documentos/GitHub/MotoresComerciales1-2025/MotoresComerciales/Content/Brushify/Materials/Landscape/ProceduralMeshes/Rocks/Rock_02/MI_Rock_02_Desert.uexp" 1698
"C:/Users/jhona/OneDrive/Documentos/GitHub/MotoresComerciales1-2025/MotoresComerciales/Content/Brushify/Materials/Landscape/ProceduralMeshes/Rocks/Scree_01/MI_Scree_01_Desert.uasset" 1699
"C:/Users/jhona/OneDrive/Documentos/GitHub/MotoresComerciales1-2025/MotoresComerciales/Content/Brushify/Materials/Landscape/ProceduralMeshes/Rocks/Scree_01/MI_Scree_01_Desert.uexp" 1700
"C:/Users/jhona/OneDrive/Documentos/GitHub/MotoresComerciales1-2025/MotoresComerciales/Content/Brushify/Materials/Landscape/GrassTypes/LG_DesertRocks.uasset" 1701
"C:/Users/jhona/OneDrive/Documentos/GitHub/MotoresComerciales1-2025/MotoresComerciales/Content/Brushify/Materials/Landscape/GrassTypes/LG_DesertRocks.uexp" 1702
"../../../Engine/Content/EngineSky/T_Sky_Stars.ubulk" 1703
"../../../Engine/Content/EngineSky/T_Sky_Stars.uasset" 1704
"../../../Engine/Content/EngineSky/T_Sky_Stars.uexp" 1705
"../../../Engine/Content/EngineSky/T_Sky_Clouds_M.ubulk" 1706
"../../../Engine/Content/EngineSky/T_Sky_Clouds_M.uasset" 1707
"../../../Engine/Content/EngineSky/T_Sky_Clouds_M.uexp" 1708
"../../../Engine/Content/EngineSky/T_Sky_Blue.ubulk" 1709
"../../../Engine/Content/EngineSky/T_Sky_Blue.uasset" 1710
"../../../Engine/Content/EngineSky/T_Sky_Blue.uexp" 1711
"../../../Engine/Content/EngineSky/M_Sky_Panning_Clouds2.uasset" 1712
"../../../Engine/Content/EngineSky/M_Sky_Panning_Clouds2.uexp" 1713
"../../../Engine/Content/EngineSky/SM_SkySphere.ubulk" 1714
"../../../Engine/Content/EngineSky/SM_SkySphere.uasset" 1715
"../../../Engine/Content/EngineSky/SM_SkySphere.uexp" 1716
"C:/Users/jhona/OneDrive/Documentos/GitHub/MotoresComerciales1-2025/MotoresComerciales/Content/Brushify/Meshes/Cliffs/Meshes/desert_droid/defaultMaterial_3ec9fc26e7913fb0d38370cd54049e7c.ubulk" 1717
"C:/Users/jhona/OneDrive/Documentos/GitHub/MotoresComerciales1-2025/MotoresComerciales/Content/Brushify/Meshes/Cliffs/Meshes/desert_droid/defaultMaterial_3ec9fc26e7913fb0d38370cd54049e7c.uasset" 1718
"C:/Users/jhona/OneDrive/Documentos/GitHub/MotoresComerciales1-2025/MotoresComerciales/Content/Brushify/Meshes/Cliffs/Meshes/desert_droid/defaultMaterial_3ec9fc26e7913fb0d38370cd54049e7c.uexp" 1719
"C:/Users/jhona/OneDrive/Documentos/GitHub/MotoresComerciales1-2025/MotoresComerciales/Content/Brushify/DistanceMeshes/Desert_Mountain_04/Textures/T_Normal_N.ubulk" 1720
"C:/Users/jhona/OneDrive/Documentos/GitHub/MotoresComerciales1-2025/MotoresComerciales/Content/Brushify/DistanceMeshes/Desert_Mountain_04/Textures/T_Normal_N.uasset" 1721
"C:/Users/jhona/OneDrive/Documentos/GitHub/MotoresComerciales1-2025/MotoresComerciales/Content/Brushify/DistanceMeshes/Desert_Mountain_04/Textures/T_Normal_N.uexp" 1722
"C:/Users/jhona/OneDrive/Documentos/GitHub/MotoresComerciales1-2025/MotoresComerciales/Content/Brushify/DistanceMeshes/Desert_Mountain_04/Textures/T_DesertMountains_D.ubulk" 1723
"C:/Users/jhona/OneDrive/Documentos/GitHub/MotoresComerciales1-2025/MotoresComerciales/Content/Brushify/DistanceMeshes/Desert_Mountain_04/Textures/T_DesertMountains_D.uasset" 1724
"C:/Users/jhona/OneDrive/Documentos/GitHub/MotoresComerciales1-2025/MotoresComerciales/Content/Brushify/DistanceMeshes/Desert_Mountain_04/Textures/T_DesertMountains_D.uexp" 1725
"C:/Users/jhona/OneDrive/Documentos/GitHub/MotoresComerciales1-2025/MotoresComerciales/Content/Brushify/DistanceMeshes/Desert_Mountain_04/MI_Desert_Mountain_04_DesertMountains.uasset" 1726
"C:/Users/jhona/OneDrive/Documentos/GitHub/MotoresComerciales1-2025/MotoresComerciales/Content/Brushify/DistanceMeshes/Desert_Mountain_04/MI_Desert_Mountain_04_DesertMountains.uexp" 1727
"C:/Users/jhona/OneDrive/Documentos/GitHub/MotoresComerciales1-2025/MotoresComerciales/Content/Brushify/DistanceMeshes/Desert_Mountain_04/S_Desert_Mountain_04.ubulk" 1728
"C:/Users/jhona/OneDrive/Documentos/GitHub/MotoresComerciales1-2025/MotoresComerciales/Content/Brushify/DistanceMeshes/Desert_Mountain_04/S_Desert_Mountain_04.uasset" 1729
"C:/Users/jhona/OneDrive/Documentos/GitHub/MotoresComerciales1-2025/MotoresComerciales/Content/Brushify/DistanceMeshes/Desert_Mountain_04/S_Desert_Mountain_04.uexp" 1730
"C:/Users/jhona/OneDrive/Documentos/GitHub/MotoresComerciales1-2025/MotoresComerciales/Content/Brushify/Meshes/Cliffs/Meshes/MatID_1.uasset" 1731
"C:/Users/jhona/OneDrive/Documentos/GitHub/MotoresComerciales1-2025/MotoresComerciales/Content/Brushify/Meshes/Cliffs/Meshes/MatID_1.uexp" 1732
"C:/Users/jhona/OneDrive/Documentos/GitHub/MotoresComerciales1-2025/MotoresComerciales/Content/Brushify/Meshes/Cliffs/Meshes/Desert_Western_Cliff_Layered_XL_14_vjrmfb1ab_Raw.ubulk" 1733
"C:/Users/jhona/OneDrive/Documentos/GitHub/MotoresComerciales1-2025/MotoresComerciales/Content/Brushify/Meshes/Cliffs/Meshes/Desert_Western_Cliff_Layered_XL_14_vjrmfb1ab_Raw.uasset" 1734
"C:/Users/jhona/OneDrive/Documentos/GitHub/MotoresComerciales1-2025/MotoresComerciales/Content/Brushify/Meshes/Cliffs/Meshes/Desert_Western_Cliff_Layered_XL_14_vjrmfb1ab_Raw.uexp" 1735
"C:/Users/jhona/OneDrive/Documentos/GitHub/MotoresComerciales1-2025/MotoresComerciales/Content/Brushify/Meshes/Cliffs/Meshes/desert_droid/defaultMaterial_53341f8d63c6ca4b0c925b9631ff3454.ubulk" 1736
"C:/Users/jhona/OneDrive/Documentos/GitHub/MotoresComerciales1-2025/MotoresComerciales/Content/Brushify/Meshes/Cliffs/Meshes/desert_droid/defaultMaterial_53341f8d63c6ca4b0c925b9631ff3454.uasset" 1737
"C:/Users/jhona/OneDrive/Documentos/GitHub/MotoresComerciales1-2025/MotoresComerciales/Content/Brushify/Meshes/Cliffs/Meshes/desert_droid/defaultMaterial_53341f8d63c6ca4b0c925b9631ff3454.uexp" 1738
"C:/Users/jhona/OneDrive/Documentos/GitHub/MotoresComerciales1-2025/MotoresComerciales/Content/Brushify/Meshes/Cliffs/Meshes/Desert_eyes/defaultMaterial_783c64b38e8c12c5822dfd0e58bcdaf4.ubulk" 1739
"C:/Users/jhona/OneDrive/Documentos/GitHub/MotoresComerciales1-2025/MotoresComerciales/Content/Brushify/Meshes/Cliffs/Meshes/Desert_eyes/defaultMaterial_783c64b38e8c12c5822dfd0e58bcdaf4.uasset" 1740
"C:/Users/jhona/OneDrive/Documentos/GitHub/MotoresComerciales1-2025/MotoresComerciales/Content/Brushify/Meshes/Cliffs/Meshes/Desert_eyes/defaultMaterial_783c64b38e8c12c5822dfd0e58bcdaf4.uexp" 1741
"C:/Users/jhona/OneDrive/Documentos/GitHub/MotoresComerciales1-2025/MotoresComerciales/Content/Brushify/Meshes/Cliffs/Meshes/Desert_eyes/defaultMaterial_8ccb9ba7486cde4e395d76dd909b82a3.ubulk" 1742
"C:/Users/jhona/OneDrive/Documentos/GitHub/MotoresComerciales1-2025/MotoresComerciales/Content/Brushify/Meshes/Cliffs/Meshes/Desert_eyes/defaultMaterial_8ccb9ba7486cde4e395d76dd909b82a3.uasset" 1743
"C:/Users/jhona/OneDrive/Documentos/GitHub/MotoresComerciales1-2025/MotoresComerciales/Content/Brushify/Meshes/Cliffs/Meshes/Desert_eyes/defaultMaterial_8ccb9ba7486cde4e395d76dd909b82a3.uexp" 1744
"C:/Users/jhona/OneDrive/Documentos/GitHub/MotoresComerciales1-2025/MotoresComerciales/Content/Brushify/Meshes/Cliffs/Meshes/desert_droid/defaultMaterial_eeb7a89c6e511cda432155225c603520.ubulk" 1745
"C:/Users/jhona/OneDrive/Documentos/GitHub/MotoresComerciales1-2025/MotoresComerciales/Content/Brushify/Meshes/Cliffs/Meshes/desert_droid/defaultMaterial_eeb7a89c6e511cda432155225c603520.uasset" 1746
"C:/Users/jhona/OneDrive/Documentos/GitHub/MotoresComerciales1-2025/MotoresComerciales/Content/Brushify/Meshes/Cliffs/Meshes/desert_droid/defaultMaterial_eeb7a89c6e511cda432155225c603520.uexp" 1747
"C:/Users/jhona/OneDrive/Documentos/GitHub/MotoresComerciales1-2025/MotoresComerciales/Content/Brushify/Meshes/Cliffs/Meshes/desert_planet/ClothBundle_002_Cloth_0.ubulk" 1748
"C:/Users/jhona/OneDrive/Documentos/GitHub/MotoresComerciales1-2025/MotoresComerciales/Content/Brushify/Meshes/Cliffs/Meshes/desert_planet/ClothBundle_002_Cloth_0.uasset" 1749
"C:/Users/jhona/OneDrive/Documentos/GitHub/MotoresComerciales1-2025/MotoresComerciales/Content/Brushify/Meshes/Cliffs/Meshes/desert_planet/ClothBundle_002_Cloth_0.uexp" 1750
"C:/Users/jhona/OneDrive/Documentos/GitHub/MotoresComerciales1-2025/MotoresComerciales/Content/Brushify/Meshes/Cliffs/Meshes/desert_planet/Wires_Connectors_0.ubulk" 1751
"C:/Users/jhona/OneDrive/Documentos/GitHub/MotoresComerciales1-2025/MotoresComerciales/Content/Brushify/Meshes/Cliffs/Meshes/desert_planet/Wires_Connectors_0.uasset" 1752
"C:/Users/jhona/OneDrive/Documentos/GitHub/MotoresComerciales1-2025/MotoresComerciales/Content/Brushify/Meshes/Cliffs/Meshes/desert_planet/Wires_Connectors_0.uexp" 1753
"C:/Users/jhona/OneDrive/Documentos/GitHub/MotoresComerciales1-2025/MotoresComerciales/Content/Brushify/Maps/DesertMountains/Layerinfo/Puddles_LayerInfo.uasset" 1754
"C:/Users/jhona/OneDrive/Documentos/GitHub/MotoresComerciales1-2025/MotoresComerciales/Content/Brushify/Maps/DesertMountains/Layerinfo/Puddles_LayerInfo.uexp" 1755
"C:/Users/jhona/OneDrive/Documentos/GitHub/MotoresComerciales1-2025/MotoresComerciales/Content/Brushify/Materials/Landscape/GrassTypes/LG_GrassDry.uasset" 1756
"C:/Users/jhona/OneDrive/Documentos/GitHub/MotoresComerciales1-2025/MotoresComerciales/Content/Brushify/Materials/Landscape/GrassTypes/LG_GrassDry.uexp" 1757
"C:/Users/jhona/OneDrive/Documentos/GitHub/MotoresComerciales1-2025/MotoresComerciales/Content/Brushify/Meshes/Cliffs/Meshes/Desert_eyes/defaultMaterial_417c976207ad13202b0f717db7db4b47.ubulk" 1758
"C:/Users/jhona/OneDrive/Documentos/GitHub/MotoresComerciales1-2025/MotoresComerciales/Content/Brushify/Meshes/Cliffs/Meshes/Desert_eyes/defaultMaterial_417c976207ad13202b0f717db7db4b47.uasset" 1759
"C:/Users/jhona/OneDrive/Documentos/GitHub/MotoresComerciales1-2025/MotoresComerciales/Content/Brushify/Meshes/Cliffs/Meshes/Desert_eyes/defaultMaterial_417c976207ad13202b0f717db7db4b47.uexp" 1760
"C:/Users/jhona/OneDrive/Documentos/GitHub/MotoresComerciales1-2025/MotoresComerciales/Content/Brushify/Meshes/Cliffs/Meshes/Desert_eyes/defaultMaterial_d4b9a4b59713cfe954dfd08e506ce8a3.ubulk" 1761
"C:/Users/jhona/OneDrive/Documentos/GitHub/MotoresComerciales1-2025/MotoresComerciales/Content/Brushify/Meshes/Cliffs/Meshes/Desert_eyes/defaultMaterial_d4b9a4b59713cfe954dfd08e506ce8a3.uasset" 1762
"C:/Users/jhona/OneDrive/Documentos/GitHub/MotoresComerciales1-2025/MotoresComerciales/Content/Brushify/Meshes/Cliffs/Meshes/Desert_eyes/defaultMaterial_d4b9a4b59713cfe954dfd08e506ce8a3.uexp" 1763
"C:/Users/jhona/OneDrive/Documentos/GitHub/MotoresComerciales1-2025/MotoresComerciales/Content/Brushify/Materials/Landscape/ProceduralMeshes/Rocks/Pebbles_01/MI_Pebbles_01_snow.uasset" 1764
"C:/Users/jhona/OneDrive/Documentos/GitHub/MotoresComerciales1-2025/MotoresComerciales/Content/Brushify/Materials/Landscape/ProceduralMeshes/Rocks/Pebbles_01/MI_Pebbles_01_snow.uexp" 1765
"C:/Users/jhona/OneDrive/Documentos/GitHub/MotoresComerciales1-2025/MotoresComerciales/Content/Brushify/Materials/Landscape/ProceduralMeshes/Rocks/Pebbles_01/S_Pebbles_01_snow.ubulk" 1766
"C:/Users/jhona/OneDrive/Documentos/GitHub/MotoresComerciales1-2025/MotoresComerciales/Content/Brushify/Materials/Landscape/ProceduralMeshes/Rocks/Pebbles_01/S_Pebbles_01_snow.uasset" 1767
"C:/Users/jhona/OneDrive/Documentos/GitHub/MotoresComerciales1-2025/MotoresComerciales/Content/Brushify/Materials/Landscape/ProceduralMeshes/Rocks/Pebbles_01/S_Pebbles_01_snow.uexp" 1768
"C:/Users/jhona/OneDrive/Documentos/GitHub/MotoresComerciales1-2025/MotoresComerciales/Content/Brushify/Materials/Landscape/GrassTypes/LG_Snow.uasset" 1769
"C:/Users/jhona/OneDrive/Documentos/GitHub/MotoresComerciales1-2025/MotoresComerciales/Content/Brushify/Materials/Landscape/GrassTypes/LG_Snow.uexp" 1770
"C:/Users/jhona/OneDrive/Documentos/GitHub/MotoresComerciales1-2025/MotoresComerciales/Content/Brushify/Meshes/Cliffs/Meshes/Desert_eyes/defaultMaterial_ad05fe71a2e5425571fda90d0b5eb1ee.ubulk" 1771
"C:/Users/jhona/OneDrive/Documentos/GitHub/MotoresComerciales1-2025/MotoresComerciales/Content/Brushify/Meshes/Cliffs/Meshes/Desert_eyes/defaultMaterial_ad05fe71a2e5425571fda90d0b5eb1ee.uasset" 1772
"C:/Users/jhona/OneDrive/Documentos/GitHub/MotoresComerciales1-2025/MotoresComerciales/Content/Brushify/Meshes/Cliffs/Meshes/Desert_eyes/defaultMaterial_ad05fe71a2e5425571fda90d0b5eb1ee.uexp" 1773
"C:/Users/jhona/OneDrive/Documentos/GitHub/MotoresComerciales1-2025/MotoresComerciales/Content/Brushify/Materials/Landscape/ProceduralMeshes/Rocks/Pebbles_01/MI_Pebbles_01_beach.uasset" 1774
"C:/Users/jhona/OneDrive/Documentos/GitHub/MotoresComerciales1-2025/MotoresComerciales/Content/Brushify/Materials/Landscape/ProceduralMeshes/Rocks/Pebbles_01/MI_Pebbles_01_beach.uexp" 1775
"C:/Users/jhona/OneDrive/Documentos/GitHub/MotoresComerciales1-2025/MotoresComerciales/Content/Brushify/Materials/Landscape/ProceduralMeshes/Rocks/Pebbles_01/S_Pebbles_01_beach.ubulk" 1776
"C:/Users/jhona/OneDrive/Documentos/GitHub/MotoresComerciales1-2025/MotoresComerciales/Content/Brushify/Materials/Landscape/ProceduralMeshes/Rocks/Pebbles_01/S_Pebbles_01_beach.uasset" 1777
"C:/Users/jhona/OneDrive/Documentos/GitHub/MotoresComerciales1-2025/MotoresComerciales/Content/Brushify/Materials/Landscape/ProceduralMeshes/Rocks/Pebbles_01/S_Pebbles_01_beach.uexp" 1778
"C:/Users/jhona/OneDrive/Documentos/GitHub/MotoresComerciales1-2025/MotoresComerciales/Content/Brushify/Materials/Landscape/GrassTypes/LG_Beach.uasset" 1779
"C:/Users/jhona/OneDrive/Documentos/GitHub/MotoresComerciales1-2025/MotoresComerciales/Content/Brushify/Materials/Landscape/GrassTypes/LG_Beach.uexp" 1780
"C:/Users/jhona/OneDrive/Documentos/GitHub/MotoresComerciales1-2025/MotoresComerciales/Content/Brushify/Meshes/Cliffs/Meshes/desert_droid/defaultMaterial_f18dcc5bb2a865ca6055421388e53060.ubulk" 1781
"C:/Users/jhona/OneDrive/Documentos/GitHub/MotoresComerciales1-2025/MotoresComerciales/Content/Brushify/Meshes/Cliffs/Meshes/desert_droid/defaultMaterial_f18dcc5bb2a865ca6055421388e53060.uasset" 1782
"C:/Users/jhona/OneDrive/Documentos/GitHub/MotoresComerciales1-2025/MotoresComerciales/Content/Brushify/Meshes/Cliffs/Meshes/desert_droid/defaultMaterial_f18dcc5bb2a865ca6055421388e53060.uexp" 1783
"C:/Users/jhona/OneDrive/Documentos/GitHub/MotoresComerciales1-2025/MotoresComerciales/Content/Brushify/Meshes/Cliffs/Meshes/desert_droid/defaultMaterial_5ef4eb137035f9b8e8a0723fe34f8151.ubulk" 1784
"C:/Users/jhona/OneDrive/Documentos/GitHub/MotoresComerciales1-2025/MotoresComerciales/Content/Brushify/Meshes/Cliffs/Meshes/desert_droid/defaultMaterial_5ef4eb137035f9b8e8a0723fe34f8151.uasset" 1785
"C:/Users/jhona/OneDrive/Documentos/GitHub/MotoresComerciales1-2025/MotoresComerciales/Content/Brushify/Meshes/Cliffs/Meshes/desert_droid/defaultMaterial_5ef4eb137035f9b8e8a0723fe34f8151.uexp" 1786
"C:/Users/jhona/OneDrive/Documentos/GitHub/MotoresComerciales1-2025/MotoresComerciales/Content/Brushify/Meshes/Cliffs/Meshes/desert_droid/defaultMaterial_25cc3af81e87cbb8a32052836ae94d90.ubulk" 1787
"C:/Users/jhona/OneDrive/Documentos/GitHub/MotoresComerciales1-2025/MotoresComerciales/Content/Brushify/Meshes/Cliffs/Meshes/desert_droid/defaultMaterial_25cc3af81e87cbb8a32052836ae94d90.uasset" 1788
"C:/Users/jhona/OneDrive/Documentos/GitHub/MotoresComerciales1-2025/MotoresComerciales/Content/Brushify/Meshes/Cliffs/Meshes/desert_droid/defaultMaterial_25cc3af81e87cbb8a32052836ae94d90.uexp" 1789
"C:/Users/jhona/OneDrive/Documentos/GitHub/MotoresComerciales1-2025/MotoresComerciales/Content/Brushify/Meshes/Cliffs/Meshes/desert_droid/defaultMaterial_97d206da1bcd654249aa0c58e6a4a56b.ubulk" 1790
"C:/Users/jhona/OneDrive/Documentos/GitHub/MotoresComerciales1-2025/MotoresComerciales/Content/Brushify/Meshes/Cliffs/Meshes/desert_droid/defaultMaterial_97d206da1bcd654249aa0c58e6a4a56b.uasset" 1791
"C:/Users/jhona/OneDrive/Documentos/GitHub/MotoresComerciales1-2025/MotoresComerciales/Content/Brushify/Meshes/Cliffs/Meshes/desert_droid/defaultMaterial_97d206da1bcd654249aa0c58e6a4a56b.uexp" 1792
"C:/Users/jhona/OneDrive/Documentos/GitHub/MotoresComerciales1-2025/MotoresComerciales/Content/Brushify/Meshes/Cliffs/Meshes/desert_planet/desert_planet_bunker_garage_thing_texture_6.ubulk" 1793
"C:/Users/jhona/OneDrive/Documentos/GitHub/MotoresComerciales1-2025/MotoresComerciales/Content/Brushify/Meshes/Cliffs/Meshes/desert_planet/desert_planet_bunker_garage_thing_texture_6.uasset" 1794
"C:/Users/jhona/OneDrive/Documentos/GitHub/MotoresComerciales1-2025/MotoresComerciales/Content/Brushify/Meshes/Cliffs/Meshes/desert_planet/desert_planet_bunker_garage_thing_texture_6.uexp" 1795
"C:/Users/jhona/OneDrive/Documentos/GitHub/MotoresComerciales1-2025/MotoresComerciales/Content/Brushify/Meshes/Cliffs/Meshes/desert_planet/desert_planet_bunker_garage_thing_texture_7.ubulk" 1796
"C:/Users/jhona/OneDrive/Documentos/GitHub/MotoresComerciales1-2025/MotoresComerciales/Content/Brushify/Meshes/Cliffs/Meshes/desert_planet/desert_planet_bunker_garage_thing_texture_7.uasset" 1797
"C:/Users/jhona/OneDrive/Documentos/GitHub/MotoresComerciales1-2025/MotoresComerciales/Content/Brushify/Meshes/Cliffs/Meshes/desert_planet/desert_planet_bunker_garage_thing_texture_7.uexp" 1798
"C:/Users/jhona/OneDrive/Documentos/GitHub/MotoresComerciales1-2025/MotoresComerciales/Content/Brushify/Meshes/Cliffs/Meshes/desert_planet/desert_planet_bunker_garage_thing_texture_8.ubulk" 1799
"C:/Users/jhona/OneDrive/Documentos/GitHub/MotoresComerciales1-2025/MotoresComerciales/Content/Brushify/Meshes/Cliffs/Meshes/desert_planet/desert_planet_bunker_garage_thing_texture_8.uasset" 1800
"C:/Users/jhona/OneDrive/Documentos/GitHub/MotoresComerciales1-2025/MotoresComerciales/Content/Brushify/Meshes/Cliffs/Meshes/desert_planet/desert_planet_bunker_garage_thing_texture_8.uexp" 1801
"C:/Users/jhona/OneDrive/Documentos/GitHub/MotoresComerciales1-2025/MotoresComerciales/Content/Brushify/Meshes/Cliffs/Meshes/desert_planet/desert_planet_bunker_garage_thing_texture_9.ubulk" 1802
"C:/Users/jhona/OneDrive/Documentos/GitHub/MotoresComerciales1-2025/MotoresComerciales/Content/Brushify/Meshes/Cliffs/Meshes/desert_planet/desert_planet_bunker_garage_thing_texture_9.uasset" 1803
"C:/Users/jhona/OneDrive/Documentos/GitHub/MotoresComerciales1-2025/MotoresComerciales/Content/Brushify/Meshes/Cliffs/Meshes/desert_planet/desert_planet_bunker_garage_thing_texture_9.uexp" 1804
"C:/Users/jhona/OneDrive/Documentos/GitHub/MotoresComerciales1-2025/MotoresComerciales/Content/Brushify/Meshes/Cliffs/Meshes/desert_planet/Concrete.uasset" 1805
"C:/Users/jhona/OneDrive/Documentos/GitHub/MotoresComerciales1-2025/MotoresComerciales/Content/Brushify/Meshes/Cliffs/Meshes/desert_planet/Concrete.uexp" 1806
"C:/Users/jhona/OneDrive/Documentos/GitHub/MotoresComerciales1-2025/MotoresComerciales/Content/Brushify/Meshes/Cliffs/Meshes/desert_planet/Building_Slice_001_Concrete_0.ubulk" 1807
"C:/Users/jhona/OneDrive/Documentos/GitHub/MotoresComerciales1-2025/MotoresComerciales/Content/Brushify/Meshes/Cliffs/Meshes/desert_planet/Building_Slice_001_Concrete_0.uasset" 1808
"C:/Users/jhona/OneDrive/Documentos/GitHub/MotoresComerciales1-2025/MotoresComerciales/Content/Brushify/Meshes/Cliffs/Meshes/desert_planet/Building_Slice_001_Concrete_0.uexp" 1809
"C:/Users/jhona/OneDrive/Documentos/GitHub/MotoresComerciales1-2025/MotoresComerciales/Content/Brushify/Meshes/Cliffs/Meshes/Desert_eyes/defaultMaterial_2ffae5a0f6a774b319567f617d1287f0.ubulk" 1810
"C:/Users/jhona/OneDrive/Documentos/GitHub/MotoresComerciales1-2025/MotoresComerciales/Content/Brushify/Meshes/Cliffs/Meshes/Desert_eyes/defaultMaterial_2ffae5a0f6a774b319567f617d1287f0.uasset" 1811
"C:/Users/jhona/OneDrive/Documentos/GitHub/MotoresComerciales1-2025/MotoresComerciales/Content/Brushify/Meshes/Cliffs/Meshes/Desert_eyes/defaultMaterial_2ffae5a0f6a774b319567f617d1287f0.uexp" 1812
"C:/Users/jhona/OneDrive/Documentos/GitHub/MotoresComerciales1-2025/MotoresComerciales/Content/Brushify/Meshes/Cliffs/Meshes/Desert_eyes/defaultMaterial_e683718144f4b87a1566aa8ef5c27c37.ubulk" 1813
"C:/Users/jhona/OneDrive/Documentos/GitHub/MotoresComerciales1-2025/MotoresComerciales/Content/Brushify/Meshes/Cliffs/Meshes/Desert_eyes/defaultMaterial_e683718144f4b87a1566aa8ef5c27c37.uasset" 1814
"C:/Users/jhona/OneDrive/Documentos/GitHub/MotoresComerciales1-2025/MotoresComerciales/Content/Brushify/Meshes/Cliffs/Meshes/Desert_eyes/defaultMaterial_e683718144f4b87a1566aa8ef5c27c37.uexp" 1815
"C:/Users/jhona/OneDrive/Documentos/GitHub/MotoresComerciales1-2025/MotoresComerciales/Content/Brushify/Meshes/Cliffs/Meshes/Desert_eyes/defaultMaterial_4833898860672304e81ed680804f928b.ubulk" 1816
"C:/Users/jhona/OneDrive/Documentos/GitHub/MotoresComerciales1-2025/MotoresComerciales/Content/Brushify/Meshes/Cliffs/Meshes/Desert_eyes/defaultMaterial_4833898860672304e81ed680804f928b.uasset" 1817
"C:/Users/jhona/OneDrive/Documentos/GitHub/MotoresComerciales1-2025/MotoresComerciales/Content/Brushify/Meshes/Cliffs/Meshes/Desert_eyes/defaultMaterial_4833898860672304e81ed680804f928b.uexp" 1818
"C:/Users/jhona/OneDrive/Documentos/GitHub/MotoresComerciales1-2025/MotoresComerciales/Content/Brushify/Meshes/Cliffs/Meshes/desert_frotress/desert_fortress_walkways_texture_9.ubulk" 1819
"C:/Users/jhona/OneDrive/Documentos/GitHub/MotoresComerciales1-2025/MotoresComerciales/Content/Brushify/Meshes/Cliffs/Meshes/desert_frotress/desert_fortress_walkways_texture_9.uasset" 1820
"C:/Users/jhona/OneDrive/Documentos/GitHub/MotoresComerciales1-2025/MotoresComerciales/Content/Brushify/Meshes/Cliffs/Meshes/desert_frotress/desert_fortress_walkways_texture_9.uexp" 1821
"C:/Users/jhona/OneDrive/Documentos/GitHub/MotoresComerciales1-2025/MotoresComerciales/Content/Brushify/Meshes/Cliffs/Meshes/desert_frotress/desert_fortress_walkways_texture_10.ubulk" 1822
"C:/Users/jhona/OneDrive/Documentos/GitHub/MotoresComerciales1-2025/MotoresComerciales/Content/Brushify/Meshes/Cliffs/Meshes/desert_frotress/desert_fortress_walkways_texture_10.uasset" 1823
"C:/Users/jhona/OneDrive/Documentos/GitHub/MotoresComerciales1-2025/MotoresComerciales/Content/Brushify/Meshes/Cliffs/Meshes/desert_frotress/desert_fortress_walkways_texture_10.uexp" 1824
"C:/Users/jhona/OneDrive/Documentos/GitHub/MotoresComerciales1-2025/MotoresComerciales/Content/Brushify/Meshes/Cliffs/Meshes/desert_frotress/desert_fortress_walkways_texture_11.ubulk" 1825
"C:/Users/jhona/OneDrive/Documentos/GitHub/MotoresComerciales1-2025/MotoresComerciales/Content/Brushify/Meshes/Cliffs/Meshes/desert_frotress/desert_fortress_walkways_texture_11.uasset" 1826
"C:/Users/jhona/OneDrive/Documentos/GitHub/MotoresComerciales1-2025/MotoresComerciales/Content/Brushify/Meshes/Cliffs/Meshes/desert_frotress/desert_fortress_walkways_texture_11.uexp" 1827
"C:/Users/jhona/OneDrive/Documentos/GitHub/MotoresComerciales1-2025/MotoresComerciales/Content/Brushify/Meshes/Cliffs/Meshes/desert_frotress/Walkway01.uasset" 1828
"C:/Users/jhona/OneDrive/Documentos/GitHub/MotoresComerciales1-2025/MotoresComerciales/Content/Brushify/Meshes/Cliffs/Meshes/desert_frotress/Walkway01.uexp" 1829
"C:/Users/jhona/OneDrive/Documentos/GitHub/MotoresComerciales1-2025/MotoresComerciales/Content/Brushify/Meshes/Cliffs/Meshes/desert_frotress/Walkway_01_Walkway_01_0.ubulk" 1830
"C:/Users/jhona/OneDrive/Documentos/GitHub/MotoresComerciales1-2025/MotoresComerciales/Content/Brushify/Meshes/Cliffs/Meshes/desert_frotress/Walkway_01_Walkway_01_0.uasset" 1831
"C:/Users/jhona/OneDrive/Documentos/GitHub/MotoresComerciales1-2025/MotoresComerciales/Content/Brushify/Meshes/Cliffs/Meshes/desert_frotress/Walkway_01_Walkway_01_0.uexp" 1832
"C:/Users/jhona/OneDrive/Documentos/GitHub/MotoresComerciales1-2025/MotoresComerciales/Content/Brushify/Meshes/Cliffs/Meshes/desert_planet/Windows_windows_and_metal_0.ubulk" 1833
"C:/Users/jhona/OneDrive/Documentos/GitHub/MotoresComerciales1-2025/MotoresComerciales/Content/Brushify/Meshes/Cliffs/Meshes/desert_planet/Windows_windows_and_metal_0.uasset" 1834
"C:/Users/jhona/OneDrive/Documentos/GitHub/MotoresComerciales1-2025/MotoresComerciales/Content/Brushify/Meshes/Cliffs/Meshes/desert_planet/Windows_windows_and_metal_0.uexp" 1835
"C:/Users/jhona/OneDrive/Documentos/GitHub/MotoresComerciales1-2025/MotoresComerciales/Content/Brushify/Meshes/Cliffs/Meshes/Desert_eyes/defaultMaterial_a77e89bf49807bbd162c6f92b0d1636c.ubulk" 1836
"C:/Users/jhona/OneDrive/Documentos/GitHub/MotoresComerciales1-2025/MotoresComerciales/Content/Brushify/Meshes/Cliffs/Meshes/Desert_eyes/defaultMaterial_a77e89bf49807bbd162c6f92b0d1636c.uasset" 1837
"C:/Users/jhona/OneDrive/Documentos/GitHub/MotoresComerciales1-2025/MotoresComerciales/Content/Brushify/Meshes/Cliffs/Meshes/Desert_eyes/defaultMaterial_a77e89bf49807bbd162c6f92b0d1636c.uexp" 1838
"C:/Users/jhona/OneDrive/Documentos/GitHub/MotoresComerciales1-2025/MotoresComerciales/Content/Brushify/Materials/Landscape/ProceduralMeshes/Foliage/Clovers/MI_Clovers.uasset" 1839
"C:/Users/jhona/OneDrive/Documentos/GitHub/MotoresComerciales1-2025/MotoresComerciales/Content/Brushify/Materials/Landscape/ProceduralMeshes/Foliage/Clovers/MI_Clovers.uexp" 1840
"C:/Users/jhona/OneDrive/Documentos/GitHub/MotoresComerciales1-2025/MotoresComerciales/Content/Brushify/Materials/Landscape/ProceduralMeshes/Foliage/Clovers/S_Clovers_02.ubulk" 1841
"C:/Users/jhona/OneDrive/Documentos/GitHub/MotoresComerciales1-2025/MotoresComerciales/Content/Brushify/Materials/Landscape/ProceduralMeshes/Foliage/Clovers/S_Clovers_02.uasset" 1842
"C:/Users/jhona/OneDrive/Documentos/GitHub/MotoresComerciales1-2025/MotoresComerciales/Content/Brushify/Materials/Landscape/ProceduralMeshes/Foliage/Clovers/S_Clovers_02.uexp" 1843
"C:/Users/jhona/OneDrive/Documentos/GitHub/MotoresComerciales1-2025/MotoresComerciales/Content/Brushify/Materials/Landscape/ProceduralMeshes/Foliage/Flowers/MI_Flowers.uasset" 1844
"C:/Users/jhona/OneDrive/Documentos/GitHub/MotoresComerciales1-2025/MotoresComerciales/Content/Brushify/Materials/Landscape/ProceduralMeshes/Foliage/Flowers/MI_Flowers.uexp" 1845
"C:/Users/jhona/OneDrive/Documentos/GitHub/MotoresComerciales1-2025/MotoresComerciales/Content/Brushify/Materials/Landscape/ProceduralMeshes/Foliage/Flowers/S_Flower_02_Pink.ubulk" 1846
"C:/Users/jhona/OneDrive/Documentos/GitHub/MotoresComerciales1-2025/MotoresComerciales/Content/Brushify/Materials/Landscape/ProceduralMeshes/Foliage/Flowers/S_Flower_02_Pink.uasset" 1847
"C:/Users/jhona/OneDrive/Documentos/GitHub/MotoresComerciales1-2025/MotoresComerciales/Content/Brushify/Materials/Landscape/ProceduralMeshes/Foliage/Flowers/S_Flower_02_Pink.uexp" 1848
"C:/Users/jhona/OneDrive/Documentos/GitHub/MotoresComerciales1-2025/MotoresComerciales/Content/Brushify/Materials/Landscape/ProceduralMeshes/Foliage/Clovers/S_Clovers_01.ubulk" 1849
"C:/Users/jhona/OneDrive/Documentos/GitHub/MotoresComerciales1-2025/MotoresComerciales/Content/Brushify/Materials/Landscape/ProceduralMeshes/Foliage/Clovers/S_Clovers_01.uasset" 1850
"C:/Users/jhona/OneDrive/Documentos/GitHub/MotoresComerciales1-2025/MotoresComerciales/Content/Brushify/Materials/Landscape/ProceduralMeshes/Foliage/Clovers/S_Clovers_01.uexp" 1851
"C:/Users/jhona/OneDrive/Documentos/GitHub/MotoresComerciales1-2025/MotoresComerciales/Content/Brushify/Materials/Landscape/ProceduralMeshes/Foliage/Flowers/S_Flowers_01_Small.ubulk" 1852
"C:/Users/jhona/OneDrive/Documentos/GitHub/MotoresComerciales1-2025/MotoresComerciales/Content/Brushify/Materials/Landscape/ProceduralMeshes/Foliage/Flowers/S_Flowers_01_Small.uasset" 1853
"C:/Users/jhona/OneDrive/Documentos/GitHub/MotoresComerciales1-2025/MotoresComerciales/Content/Brushify/Materials/Landscape/ProceduralMeshes/Foliage/Flowers/S_Flowers_01_Small.uexp" 1854
"C:/Users/jhona/OneDrive/Documentos/GitHub/MotoresComerciales1-2025/MotoresComerciales/Content/Brushify/Materials/Landscape/ProceduralMeshes/Foliage/Grass/MI_Grass.uasset" 1855
"C:/Users/jhona/OneDrive/Documentos/GitHub/MotoresComerciales1-2025/MotoresComerciales/Content/Brushify/Materials/Landscape/ProceduralMeshes/Foliage/Grass/MI_Grass.uexp" 1856
"C:/Users/jhona/OneDrive/Documentos/GitHub/MotoresComerciales1-2025/MotoresComerciales/Content/Brushify/Materials/Landscape/ProceduralMeshes/Foliage/Grass/S_Grass.ubulk" 1857
"C:/Users/jhona/OneDrive/Documentos/GitHub/MotoresComerciales1-2025/MotoresComerciales/Content/Brushify/Materials/Landscape/ProceduralMeshes/Foliage/Grass/S_Grass.uasset" 1858
"C:/Users/jhona/OneDrive/Documentos/GitHub/MotoresComerciales1-2025/MotoresComerciales/Content/Brushify/Materials/Landscape/ProceduralMeshes/Foliage/Grass/S_Grass.uexp" 1859
"C:/Users/jhona/OneDrive/Documentos/GitHub/MotoresComerciales1-2025/MotoresComerciales/Content/Brushify/Materials/Landscape/ProceduralMeshes/Foliage/Flowers/S_Flowers_01_Large.ubulk" 1860
"C:/Users/jhona/OneDrive/Documentos/GitHub/MotoresComerciales1-2025/MotoresComerciales/Content/Brushify/Materials/Landscape/ProceduralMeshes/Foliage/Flowers/S_Flowers_01_Large.uasset" 1861
"C:/Users/jhona/OneDrive/Documentos/GitHub/MotoresComerciales1-2025/MotoresComerciales/Content/Brushify/Materials/Landscape/ProceduralMeshes/Foliage/Flowers/S_Flowers_01_Large.uexp" 1862
"C:/Users/jhona/OneDrive/Documentos/GitHub/MotoresComerciales1-2025/MotoresComerciales/Content/Brushify/Materials/Landscape/ProceduralMeshes/Foliage/Flowers/S_Flower_02_Yellow.ubulk" 1863
"C:/Users/jhona/OneDrive/Documentos/GitHub/MotoresComerciales1-2025/MotoresComerciales/Content/Brushify/Materials/Landscape/ProceduralMeshes/Foliage/Flowers/S_Flower_02_Yellow.uasset" 1864
"C:/Users/jhona/OneDrive/Documentos/GitHub/MotoresComerciales1-2025/MotoresComerciales/Content/Brushify/Materials/Landscape/ProceduralMeshes/Foliage/Flowers/S_Flower_02_Yellow.uexp" 1865
"C:/Users/jhona/OneDrive/Documentos/GitHub/MotoresComerciales1-2025/MotoresComerciales/Content/Brushify/Materials/Landscape/ProceduralMeshes/Foliage/Flowers/S_Flower_02_Blue.ubulk" 1866
"C:/Users/jhona/OneDrive/Documentos/GitHub/MotoresComerciales1-2025/MotoresComerciales/Content/Brushify/Materials/Landscape/ProceduralMeshes/Foliage/Flowers/S_Flower_02_Blue.uasset" 1867
"C:/Users/jhona/OneDrive/Documentos/GitHub/MotoresComerciales1-2025/MotoresComerciales/Content/Brushify/Materials/Landscape/ProceduralMeshes/Foliage/Flowers/S_Flower_02_Blue.uexp" 1868
"C:/Users/jhona/OneDrive/Documentos/GitHub/MotoresComerciales1-2025/MotoresComerciales/Content/Brushify/Materials/Landscape/GrassTypes/LG_Grass.uasset" 1869
"C:/Users/jhona/OneDrive/Documentos/GitHub/MotoresComerciales1-2025/MotoresComerciales/Content/Brushify/Materials/Landscape/GrassTypes/LG_Grass.uexp" 1870
"C:/Users/jhona/OneDrive/Documentos/GitHub/MotoresComerciales1-2025/MotoresComerciales/Content/Brushify/Meshes/Cliffs/Meshes/Desert_eyes/defaultMaterial_23eef4c87353dee464c21558218661c3.ubulk" 1871
"C:/Users/jhona/OneDrive/Documentos/GitHub/MotoresComerciales1-2025/MotoresComerciales/Content/Brushify/Meshes/Cliffs/Meshes/Desert_eyes/defaultMaterial_23eef4c87353dee464c21558218661c3.uasset" 1872
"C:/Users/jhona/OneDrive/Documentos/GitHub/MotoresComerciales1-2025/MotoresComerciales/Content/Brushify/Meshes/Cliffs/Meshes/Desert_eyes/defaultMaterial_23eef4c87353dee464c21558218661c3.uexp" 1873
"C:/Users/jhona/OneDrive/Documentos/GitHub/MotoresComerciales1-2025/MotoresComerciales/Content/Brushify/Meshes/Cliffs/Meshes/desert_frotress/desert_fortress_walkways_texture_15.ubulk" 1874
"C:/Users/jhona/OneDrive/Documentos/GitHub/MotoresComerciales1-2025/MotoresComerciales/Content/Brushify/Meshes/Cliffs/Meshes/desert_frotress/desert_fortress_walkways_texture_15.uasset" 1875
"C:/Users/jhona/OneDrive/Documentos/GitHub/MotoresComerciales1-2025/MotoresComerciales/Content/Brushify/Meshes/Cliffs/Meshes/desert_frotress/desert_fortress_walkways_texture_15.uexp" 1876
"C:/Users/jhona/OneDrive/Documentos/GitHub/MotoresComerciales1-2025/MotoresComerciales/Content/Brushify/Meshes/Cliffs/Meshes/desert_frotress/desert_fortress_walkways_texture_16.ubulk" 1877
"C:/Users/jhona/OneDrive/Documentos/GitHub/MotoresComerciales1-2025/MotoresComerciales/Content/Brushify/Meshes/Cliffs/Meshes/desert_frotress/desert_fortress_walkways_texture_16.uasset" 1878
"C:/Users/jhona/OneDrive/Documentos/GitHub/MotoresComerciales1-2025/MotoresComerciales/Content/Brushify/Meshes/Cliffs/Meshes/desert_frotress/desert_fortress_walkways_texture_16.uexp" 1879
"C:/Users/jhona/OneDrive/Documentos/GitHub/MotoresComerciales1-2025/MotoresComerciales/Content/Brushify/Meshes/Cliffs/Meshes/desert_frotress/desert_fortress_walkways_texture_17.ubulk" 1880
"C:/Users/jhona/OneDrive/Documentos/GitHub/MotoresComerciales1-2025/MotoresComerciales/Content/Brushify/Meshes/Cliffs/Meshes/desert_frotress/desert_fortress_walkways_texture_17.uasset" 1881
"C:/Users/jhona/OneDrive/Documentos/GitHub/MotoresComerciales1-2025/MotoresComerciales/Content/Brushify/Meshes/Cliffs/Meshes/desert_frotress/desert_fortress_walkways_texture_17.uexp" 1882
"C:/Users/jhona/OneDrive/Documentos/GitHub/MotoresComerciales1-2025/MotoresComerciales/Content/Brushify/Meshes/Cliffs/Meshes/desert_frotress/Structure_Source_Walkway_02.uasset" 1883
"C:/Users/jhona/OneDrive/Documentos/GitHub/MotoresComerciales1-2025/MotoresComerciales/Content/Brushify/Meshes/Cliffs/Meshes/desert_frotress/Structure_Source_Walkway_02.uexp" 1884
"C:/Users/jhona/OneDrive/Documentos/GitHub/MotoresComerciales1-2025/MotoresComerciales/Content/Brushify/Meshes/Cliffs/Meshes/desert_frotress/Walkway_02_Structure_Source_Walkway_02_0.ubulk" 1885
"C:/Users/jhona/OneDrive/Documentos/GitHub/MotoresComerciales1-2025/MotoresComerciales/Content/Brushify/Meshes/Cliffs/Meshes/desert_frotress/Walkway_02_Structure_Source_Walkway_02_0.uasset" 1886
"C:/Users/jhona/OneDrive/Documentos/GitHub/MotoresComerciales1-2025/MotoresComerciales/Content/Brushify/Meshes/Cliffs/Meshes/desert_frotress/Walkway_02_Structure_Source_Walkway_02_0.uexp" 1887
"C:/Users/jhona/OneDrive/Documentos/GitHub/MotoresComerciales1-2025/MotoresComerciales/Content/Brushify/Meshes/Cliffs/Meshes/Desert_eyes/defaultMaterial_76150de8b88f7e984213c2efd66edcf5.ubulk" 1888
"C:/Users/jhona/OneDrive/Documentos/GitHub/MotoresComerciales1-2025/MotoresComerciales/Content/Brushify/Meshes/Cliffs/Meshes/Desert_eyes/defaultMaterial_76150de8b88f7e984213c2efd66edcf5.uasset" 1889
"C:/Users/jhona/OneDrive/Documentos/GitHub/MotoresComerciales1-2025/MotoresComerciales/Content/Brushify/Meshes/Cliffs/Meshes/Desert_eyes/defaultMaterial_76150de8b88f7e984213c2efd66edcf5.uexp" 1890
"C:/Users/jhona/OneDrive/Documentos/GitHub/MotoresComerciales1-2025/MotoresComerciales/Content/Brushify/Maps/DesertMountains/Layerinfo/Beach_LayerInfo.uasset" 1891
"C:/Users/jhona/OneDrive/Documentos/GitHub/MotoresComerciales1-2025/MotoresComerciales/Content/Brushify/Maps/DesertMountains/Layerinfo/Beach_LayerInfo.uexp" 1892
"C:/Users/jhona/OneDrive/Documentos/GitHub/MotoresComerciales1-2025/MotoresComerciales/Content/Brushify/Meshes/Cliffs/Meshes/Desert_eyes/defaultMaterial_5e5a1f0f3e7572c6dbeee206453f00a6.ubulk" 1893
"C:/Users/jhona/OneDrive/Documentos/GitHub/MotoresComerciales1-2025/MotoresComerciales/Content/Brushify/Meshes/Cliffs/Meshes/Desert_eyes/defaultMaterial_5e5a1f0f3e7572c6dbeee206453f00a6.uasset" 1894
"C:/Users/jhona/OneDrive/Documentos/GitHub/MotoresComerciales1-2025/MotoresComerciales/Content/Brushify/Meshes/Cliffs/Meshes/Desert_eyes/defaultMaterial_5e5a1f0f3e7572c6dbeee206453f00a6.uexp" 1895
"C:/Users/jhona/OneDrive/Documentos/GitHub/MotoresComerciales1-2025/MotoresComerciales/Content/Brushify/Meshes/Cliffs/Meshes/Desert_eyes/defaultMaterial_9dc0279a8475d3d290059f68ce16fd44.ubulk" 1896
"C:/Users/jhona/OneDrive/Documentos/GitHub/MotoresComerciales1-2025/MotoresComerciales/Content/Brushify/Meshes/Cliffs/Meshes/Desert_eyes/defaultMaterial_9dc0279a8475d3d290059f68ce16fd44.uasset" 1897
"C:/Users/jhona/OneDrive/Documentos/GitHub/MotoresComerciales1-2025/MotoresComerciales/Content/Brushify/Meshes/Cliffs/Meshes/Desert_eyes/defaultMaterial_9dc0279a8475d3d290059f68ce16fd44.uexp" 1898
"C:/Users/jhona/OneDrive/Documentos/GitHub/MotoresComerciales1-2025/MotoresComerciales/Content/Brushify/Meshes/Cliffs/Meshes/Desert_eyes/defaultMaterial_c9e865c50c1887032fd37e7f1f471b88.ubulk" 1899
"C:/Users/jhona/OneDrive/Documentos/GitHub/MotoresComerciales1-2025/MotoresComerciales/Content/Brushify/Meshes/Cliffs/Meshes/Desert_eyes/defaultMaterial_c9e865c50c1887032fd37e7f1f471b88.uasset" 1900
"C:/Users/jhona/OneDrive/Documentos/GitHub/MotoresComerciales1-2025/MotoresComerciales/Content/Brushify/Meshes/Cliffs/Meshes/Desert_eyes/defaultMaterial_c9e865c50c1887032fd37e7f1f471b88.uexp" 1901
"C:/Users/jhona/OneDrive/Documentos/GitHub/MotoresComerciales1-2025/MotoresComerciales/Content/Brushify/Meshes/Cliffs/Meshes/desert_planet/Cloth_002_Cloth_0.ubulk" 1902
"C:/Users/jhona/OneDrive/Documentos/GitHub/MotoresComerciales1-2025/MotoresComerciales/Content/Brushify/Meshes/Cliffs/Meshes/desert_planet/Cloth_002_Cloth_0.uasset" 1903
"C:/Users/jhona/OneDrive/Documentos/GitHub/MotoresComerciales1-2025/MotoresComerciales/Content/Brushify/Meshes/Cliffs/Meshes/desert_planet/Cloth_002_Cloth_0.uexp" 1904
"C:/Users/jhona/OneDrive/Documentos/GitHub/MotoresComerciales1-2025/MotoresComerciales/Content/Brushify/DistanceMeshes/Desert_Mountain_02/Textures/T_Normal_N.ubulk" 1905
"C:/Users/jhona/OneDrive/Documentos/GitHub/MotoresComerciales1-2025/MotoresComerciales/Content/Brushify/DistanceMeshes/Desert_Mountain_02/Textures/T_Normal_N.uasset" 1906
"C:/Users/jhona/OneDrive/Documentos/GitHub/MotoresComerciales1-2025/MotoresComerciales/Content/Brushify/DistanceMeshes/Desert_Mountain_02/Textures/T_Normal_N.uexp" 1907
"C:/Users/jhona/OneDrive/Documentos/GitHub/MotoresComerciales1-2025/MotoresComerciales/Content/Brushify/DistanceMeshes/Desert_Mountain_02/Textures/T_DesertMountains_D.ubulk" 1908
"C:/Users/jhona/OneDrive/Documentos/GitHub/MotoresComerciales1-2025/MotoresComerciales/Content/Brushify/DistanceMeshes/Desert_Mountain_02/Textures/T_DesertMountains_D.uasset" 1909
"C:/Users/jhona/OneDrive/Documentos/GitHub/MotoresComerciales1-2025/MotoresComerciales/Content/Brushify/DistanceMeshes/Desert_Mountain_02/Textures/T_DesertMountains_D.uexp" 1910
"C:/Users/jhona/OneDrive/Documentos/GitHub/MotoresComerciales1-2025/MotoresComerciales/Content/Brushify/DistanceMeshes/Desert_Mountain_02/MI_Desert_Mountain_02_DesertMountains.uasset" 1911
"C:/Users/jhona/OneDrive/Documentos/GitHub/MotoresComerciales1-2025/MotoresComerciales/Content/Brushify/DistanceMeshes/Desert_Mountain_02/MI_Desert_Mountain_02_DesertMountains.uexp" 1912
"C:/Users/jhona/OneDrive/Documentos/GitHub/MotoresComerciales1-2025/MotoresComerciales/Content/Brushify/DistanceMeshes/Desert_Mountain_02/S_Desert_Mountain_02.ubulk" 1913
"C:/Users/jhona/OneDrive/Documentos/GitHub/MotoresComerciales1-2025/MotoresComerciales/Content/Brushify/DistanceMeshes/Desert_Mountain_02/S_Desert_Mountain_02.uasset" 1914
"C:/Users/jhona/OneDrive/Documentos/GitHub/MotoresComerciales1-2025/MotoresComerciales/Content/Brushify/DistanceMeshes/Desert_Mountain_02/S_Desert_Mountain_02.uexp" 1915
"C:/Users/jhona/OneDrive/Documentos/GitHub/MotoresComerciales1-2025/MotoresComerciales/Content/Brushify/Meshes/Cliffs/Meshes/desert_planet/ClothHolder_001_Cloth_0.ubulk" 1916
"C:/Users/jhona/OneDrive/Documentos/GitHub/MotoresComerciales1-2025/MotoresComerciales/Content/Brushify/Meshes/Cliffs/Meshes/desert_planet/ClothHolder_001_Cloth_0.uasset" 1917
"C:/Users/jhona/OneDrive/Documentos/GitHub/MotoresComerciales1-2025/MotoresComerciales/Content/Brushify/Meshes/Cliffs/Meshes/desert_planet/ClothHolder_001_Cloth_0.uexp" 1918
"../../../Engine/Content/EngineMaterials/DefaultPhysicalMaterial.uasset" 1919
"../../../Engine/Content/EngineMaterials/DefaultPhysicalMaterial.uexp" 1920
"C:/Users/jhona/OneDrive/Documentos/GitHub/MotoresComerciales1-2025/MotoresComerciales/Content/Brushify/Maps/DesertMountains/Layerinfo/Dunes_LayerInfo.uasset" 1921
"C:/Users/jhona/OneDrive/Documentos/GitHub/MotoresComerciales1-2025/MotoresComerciales/Content/Brushify/Maps/DesertMountains/Layerinfo/Dunes_LayerInfo.uexp" 1922
"C:/Users/jhona/OneDrive/Documentos/GitHub/MotoresComerciales1-2025/MotoresComerciales/Content/Brushify/Materials/Landscape/ProceduralMeshes/Rocks/Slab_02/Textures/T_Slab_02_N.ubulk" 1923
"C:/Users/jhona/OneDrive/Documentos/GitHub/MotoresComerciales1-2025/MotoresComerciales/Content/Brushify/Materials/Landscape/ProceduralMeshes/Rocks/Slab_02/Textures/T_Slab_02_N.uasset" 1924
"C:/Users/jhona/OneDrive/Documentos/GitHub/MotoresComerciales1-2025/MotoresComerciales/Content/Brushify/Materials/Landscape/ProceduralMeshes/Rocks/Slab_02/Textures/T_Slab_02_N.uexp" 1925
"C:/Users/jhona/OneDrive/Documentos/GitHub/MotoresComerciales1-2025/MotoresComerciales/Content/Brushify/Materials/Landscape/ProceduralMeshes/Rocks/Slab_02/Textures/T_Slab_02_D.ubulk" 1926
"C:/Users/jhona/OneDrive/Documentos/GitHub/MotoresComerciales1-2025/MotoresComerciales/Content/Brushify/Materials/Landscape/ProceduralMeshes/Rocks/Slab_02/Textures/T_Slab_02_D.uasset" 1927
"C:/Users/jhona/OneDrive/Documentos/GitHub/MotoresComerciales1-2025/MotoresComerciales/Content/Brushify/Materials/Landscape/ProceduralMeshes/Rocks/Slab_02/Textures/T_Slab_02_D.uexp" 1928
"C:/Users/jhona/OneDrive/Documentos/GitHub/MotoresComerciales1-2025/MotoresComerciales/Content/Brushify/Materials/Landscape/ProceduralMeshes/Rocks/Slab_02/MI_Cliff_Slab_02.uasset" 1929
"C:/Users/jhona/OneDrive/Documentos/GitHub/MotoresComerciales1-2025/MotoresComerciales/Content/Brushify/Materials/Landscape/ProceduralMeshes/Rocks/Slab_02/MI_Cliff_Slab_02.uexp" 1930
"C:/Users/jhona/OneDrive/Documentos/GitHub/MotoresComerciales1-2025/MotoresComerciales/Content/Brushify/Materials/Landscape/ProceduralMeshes/Rocks/Slab_01/Textures/T_Slab_01_N.ubulk" 1931
"C:/Users/jhona/OneDrive/Documentos/GitHub/MotoresComerciales1-2025/MotoresComerciales/Content/Brushify/Materials/Landscape/ProceduralMeshes/Rocks/Slab_01/Textures/T_Slab_01_N.uasset" 1932
"C:/Users/jhona/OneDrive/Documentos/GitHub/MotoresComerciales1-2025/MotoresComerciales/Content/Brushify/Materials/Landscape/ProceduralMeshes/Rocks/Slab_01/Textures/T_Slab_01_N.uexp" 1933
"C:/Users/jhona/OneDrive/Documentos/GitHub/MotoresComerciales1-2025/MotoresComerciales/Content/Brushify/Materials/Landscape/ProceduralMeshes/Rocks/Slab_01/Textures/T_Slab_01_D.ubulk" 1934
"C:/Users/jhona/OneDrive/Documentos/GitHub/MotoresComerciales1-2025/MotoresComerciales/Content/Brushify/Materials/Landscape/ProceduralMeshes/Rocks/Slab_01/Textures/T_Slab_01_D.uasset" 1935
"C:/Users/jhona/OneDrive/Documentos/GitHub/MotoresComerciales1-2025/MotoresComerciales/Content/Brushify/Materials/Landscape/ProceduralMeshes/Rocks/Slab_01/Textures/T_Slab_01_D.uexp" 1936
"C:/Users/jhona/OneDrive/Documentos/GitHub/MotoresComerciales1-2025/MotoresComerciales/Content/Brushify/Materials/Landscape/ProceduralMeshes/Rocks/Slab_01/MI_Cliff_Slab_01.uasset" 1937
"C:/Users/jhona/OneDrive/Documentos/GitHub/MotoresComerciales1-2025/MotoresComerciales/Content/Brushify/Materials/Landscape/ProceduralMeshes/Rocks/Slab_01/MI_Cliff_Slab_01.uexp" 1938
"C:/Users/jhona/OneDrive/Documentos/GitHub/MotoresComerciales1-2025/MotoresComerciales/Content/Brushify/Meshes/Cliffs/Meshes/Cliff_Large_01/Textures/T_Cliff_Large_01_N.ubulk" 1939
"C:/Users/jhona/OneDrive/Documentos/GitHub/MotoresComerciales1-2025/MotoresComerciales/Content/Brushify/Meshes/Cliffs/Meshes/Cliff_Large_01/Textures/T_Cliff_Large_01_N.uasset" 1940
"C:/Users/jhona/OneDrive/Documentos/GitHub/MotoresComerciales1-2025/MotoresComerciales/Content/Brushify/Meshes/Cliffs/Meshes/Cliff_Large_01/Textures/T_Cliff_Large_01_N.uexp" 1941
"C:/Users/jhona/OneDrive/Documentos/GitHub/MotoresComerciales1-2025/MotoresComerciales/Content/Brushify/Meshes/Cliffs/Meshes/Cliff_Large_01/Textures/T_Cliff_Large_01_D.ubulk" 1942
"C:/Users/jhona/OneDrive/Documentos/GitHub/MotoresComerciales1-2025/MotoresComerciales/Content/Brushify/Meshes/Cliffs/Meshes/Cliff_Large_01/Textures/T_Cliff_Large_01_D.uasset" 1943
"C:/Users/jhona/OneDrive/Documentos/GitHub/MotoresComerciales1-2025/MotoresComerciales/Content/Brushify/Meshes/Cliffs/Meshes/Cliff_Large_01/Textures/T_Cliff_Large_01_D.uexp" 1944
"C:/Users/jhona/OneDrive/Documentos/GitHub/MotoresComerciales1-2025/MotoresComerciales/Content/Brushify/Meshes/Cliffs/Meshes/Cliff_Large_01/MI_Cliff_Large_01.uasset" 1945
"C:/Users/jhona/OneDrive/Documentos/GitHub/MotoresComerciales1-2025/MotoresComerciales/Content/Brushify/Meshes/Cliffs/Meshes/Cliff_Large_01/MI_Cliff_Large_01.uexp" 1946
"C:/Users/jhona/OneDrive/Documentos/GitHub/MotoresComerciales1-2025/MotoresComerciales/Content/Brushify/Meshes/Cliffs/Meshes/Cliff_Large_01/S_Cliff_Large_01.ubulk" 1947
"C:/Users/jhona/OneDrive/Documentos/GitHub/MotoresComerciales1-2025/MotoresComerciales/Content/Brushify/Meshes/Cliffs/Meshes/Cliff_Large_01/S_Cliff_Large_01.uasset" 1948
"C:/Users/jhona/OneDrive/Documentos/GitHub/MotoresComerciales1-2025/MotoresComerciales/Content/Brushify/Meshes/Cliffs/Meshes/Cliff_Large_01/S_Cliff_Large_01.uexp" 1949
"C:/Users/jhona/OneDrive/Documentos/GitHub/MotoresComerciales1-2025/MotoresComerciales/Content/Brushify/Meshes/Cliffs/Meshes/Desert_eyes/defaultMaterial_e886b1afdc565238fdd5226f38d83577.ubulk" 1950
"C:/Users/jhona/OneDrive/Documentos/GitHub/MotoresComerciales1-2025/MotoresComerciales/Content/Brushify/Meshes/Cliffs/Meshes/Desert_eyes/defaultMaterial_e886b1afdc565238fdd5226f38d83577.uasset" 1951
"C:/Users/jhona/OneDrive/Documentos/GitHub/MotoresComerciales1-2025/MotoresComerciales/Content/Brushify/Meshes/Cliffs/Meshes/Desert_eyes/defaultMaterial_e886b1afdc565238fdd5226f38d83577.uexp" 1952
"C:/Users/jhona/OneDrive/Documentos/GitHub/MotoresComerciales1-2025/MotoresComerciales/Content/Brushify/Meshes/Cliffs/Meshes/Desert_eyes/defaultMaterial_aaa7f0bb01fdf5178b6e6d8ce1de660a.ubulk" 1953
"C:/Users/jhona/OneDrive/Documentos/GitHub/MotoresComerciales1-2025/MotoresComerciales/Content/Brushify/Meshes/Cliffs/Meshes/Desert_eyes/defaultMaterial_aaa7f0bb01fdf5178b6e6d8ce1de660a.uasset" 1954
"C:/Users/jhona/OneDrive/Documentos/GitHub/MotoresComerciales1-2025/MotoresComerciales/Content/Brushify/Meshes/Cliffs/Meshes/Desert_eyes/defaultMaterial_aaa7f0bb01fdf5178b6e6d8ce1de660a.uexp" 1955
"C:/Users/jhona/OneDrive/Documentos/GitHub/MotoresComerciales1-2025/MotoresComerciales/Content/Brushify/Meshes/Cliffs/Meshes/desert_planet/Reinformcement_windows_and_metal_0.ubulk" 1956
"C:/Users/jhona/OneDrive/Documentos/GitHub/MotoresComerciales1-2025/MotoresComerciales/Content/Brushify/Meshes/Cliffs/Meshes/desert_planet/Reinformcement_windows_and_metal_0.uasset" 1957
"C:/Users/jhona/OneDrive/Documentos/GitHub/MotoresComerciales1-2025/MotoresComerciales/Content/Brushify/Meshes/Cliffs/Meshes/desert_planet/Reinformcement_windows_and_metal_0.uexp" 1958
"C:/Users/jhona/OneDrive/Documentos/GitHub/MotoresComerciales1-2025/MotoresComerciales/Content/Brushify/Meshes/Cliffs/Meshes/Desert_eyes/defaultMaterial_ad7273c5ffce80722e7e2c3feb0251d5.ubulk" 1959
"C:/Users/jhona/OneDrive/Documentos/GitHub/MotoresComerciales1-2025/MotoresComerciales/Content/Brushify/Meshes/Cliffs/Meshes/Desert_eyes/defaultMaterial_ad7273c5ffce80722e7e2c3feb0251d5.uasset" 1960
"C:/Users/jhona/OneDrive/Documentos/GitHub/MotoresComerciales1-2025/MotoresComerciales/Content/Brushify/Meshes/Cliffs/Meshes/Desert_eyes/defaultMaterial_ad7273c5ffce80722e7e2c3feb0251d5.uexp" 1961
"C:/Users/jhona/OneDrive/Documentos/GitHub/MotoresComerciales1-2025/MotoresComerciales/Content/Brushify/Maps/DesertMountains/Layerinfo/Desert_LayerInfo.uasset" 1962
"C:/Users/jhona/OneDrive/Documentos/GitHub/MotoresComerciales1-2025/MotoresComerciales/Content/Brushify/Maps/DesertMountains/Layerinfo/Desert_LayerInfo.uexp" 1963
"C:/Users/jhona/OneDrive/Documentos/GitHub/MotoresComerciales1-2025/MotoresComerciales/Content/Brushify/Meshes/Cliffs/Meshes/desert_planet/Building_Slice_010_Concrete_0.ubulk" 1964
"C:/Users/jhona/OneDrive/Documentos/GitHub/MotoresComerciales1-2025/MotoresComerciales/Content/Brushify/Meshes/Cliffs/Meshes/desert_planet/Building_Slice_010_Concrete_0.uasset" 1965
"C:/Users/jhona/OneDrive/Documentos/GitHub/MotoresComerciales1-2025/MotoresComerciales/Content/Brushify/Meshes/Cliffs/Meshes/desert_planet/Building_Slice_010_Concrete_0.uexp" 1966
"C:/Users/jhona/OneDrive/Documentos/GitHub/MotoresComerciales1-2025/MotoresComerciales/Content/Brushify/Maps/DesertMountains/Layerinfo/GrassDry_LayerInfo.uasset" 1967
"C:/Users/jhona/OneDrive/Documentos/GitHub/MotoresComerciales1-2025/MotoresComerciales/Content/Brushify/Maps/DesertMountains/Layerinfo/GrassDry_LayerInfo.uexp" 1968
"C:/Users/jhona/OneDrive/Documentos/GitHub/MotoresComerciales1-2025/MotoresComerciales/Content/Brushify/Meshes/Cliffs/Meshes/Desert_eyes/defaultMaterial_a79882e261e20465051757df70526992.ubulk" 1969
"C:/Users/jhona/OneDrive/Documentos/GitHub/MotoresComerciales1-2025/MotoresComerciales/Content/Brushify/Meshes/Cliffs/Meshes/Desert_eyes/defaultMaterial_a79882e261e20465051757df70526992.uasset" 1970
"C:/Users/jhona/OneDrive/Documentos/GitHub/MotoresComerciales1-2025/MotoresComerciales/Content/Brushify/Meshes/Cliffs/Meshes/Desert_eyes/defaultMaterial_a79882e261e20465051757df70526992.uexp" 1971
"C:/Users/jhona/OneDrive/Documentos/GitHub/MotoresComerciales1-2025/MotoresComerciales/Content/Brushify/Meshes/Cliffs/Meshes/Desert_eyes/defaultMaterial_4b913959251b529f48278098b0fc6ed6.ubulk" 1972
"C:/Users/jhona/OneDrive/Documentos/GitHub/MotoresComerciales1-2025/MotoresComerciales/Content/Brushify/Meshes/Cliffs/Meshes/Desert_eyes/defaultMaterial_4b913959251b529f48278098b0fc6ed6.uasset" 1973
"C:/Users/jhona/OneDrive/Documentos/GitHub/MotoresComerciales1-2025/MotoresComerciales/Content/Brushify/Meshes/Cliffs/Meshes/Desert_eyes/defaultMaterial_4b913959251b529f48278098b0fc6ed6.uexp" 1974
"C:/Users/jhona/OneDrive/Documentos/GitHub/MotoresComerciales1-2025/MotoresComerciales/Content/Brushify/Meshes/Cliffs/Meshes/Desert_eyes/defaultMaterial_de4183833b13668e1985ce4d14b7ed7b.ubulk" 1975
"C:/Users/jhona/OneDrive/Documentos/GitHub/MotoresComerciales1-2025/MotoresComerciales/Content/Brushify/Meshes/Cliffs/Meshes/Desert_eyes/defaultMaterial_de4183833b13668e1985ce4d14b7ed7b.uasset" 1976
"C:/Users/jhona/OneDrive/Documentos/GitHub/MotoresComerciales1-2025/MotoresComerciales/Content/Brushify/Meshes/Cliffs/Meshes/Desert_eyes/defaultMaterial_de4183833b13668e1985ce4d14b7ed7b.uexp" 1977
"C:/Users/jhona/OneDrive/Documentos/GitHub/MotoresComerciales1-2025/MotoresComerciales/Content/Brushify/Meshes/Cliffs/Meshes/Desert_eyes/defaultMaterial_70ba04712c566bca52b2965c5a6b1c34.ubulk" 1978
"C:/Users/jhona/OneDrive/Documentos/GitHub/MotoresComerciales1-2025/MotoresComerciales/Content/Brushify/Meshes/Cliffs/Meshes/Desert_eyes/defaultMaterial_70ba04712c566bca52b2965c5a6b1c34.uasset" 1979
"C:/Users/jhona/OneDrive/Documentos/GitHub/MotoresComerciales1-2025/MotoresComerciales/Content/Brushify/Meshes/Cliffs/Meshes/Desert_eyes/defaultMaterial_70ba04712c566bca52b2965c5a6b1c34.uexp" 1980
"C:/Users/jhona/OneDrive/Documentos/GitHub/MotoresComerciales1-2025/MotoresComerciales/Content/Brushify/Meshes/Cliffs/Meshes/desert_planet/Building_Slice_012_Concrete_0.ubulk" 1981
"C:/Users/jhona/OneDrive/Documentos/GitHub/MotoresComerciales1-2025/MotoresComerciales/Content/Brushify/Meshes/Cliffs/Meshes/desert_planet/Building_Slice_012_Concrete_0.uasset" 1982
"C:/Users/jhona/OneDrive/Documentos/GitHub/MotoresComerciales1-2025/MotoresComerciales/Content/Brushify/Meshes/Cliffs/Meshes/desert_planet/Building_Slice_012_Concrete_0.uexp" 1983
"C:/Users/jhona/OneDrive/Documentos/GitHub/MotoresComerciales1-2025/MotoresComerciales/Content/Brushify/Meshes/Cliffs/Meshes/desert_ruined_building/10_low_LP_0.ubulk" 1984
"C:/Users/jhona/OneDrive/Documentos/GitHub/MotoresComerciales1-2025/MotoresComerciales/Content/Brushify/Meshes/Cliffs/Meshes/desert_ruined_building/10_low_LP_0.uasset" 1985
"C:/Users/jhona/OneDrive/Documentos/GitHub/MotoresComerciales1-2025/MotoresComerciales/Content/Brushify/Meshes/Cliffs/Meshes/desert_ruined_building/10_low_LP_0.uexp" 1986
"C:/Users/jhona/OneDrive/Documentos/GitHub/MotoresComerciales1-2025/MotoresComerciales/Content/Brushify/Materials/Landscape/ProceduralMeshes/Rocks/Slab_01/S_Cliff_Slab_01.ubulk" 1987
"C:/Users/jhona/OneDrive/Documentos/GitHub/MotoresComerciales1-2025/MotoresComerciales/Content/Brushify/Materials/Landscape/ProceduralMeshes/Rocks/Slab_01/S_Cliff_Slab_01.uasset" 1988
"C:/Users/jhona/OneDrive/Documentos/GitHub/MotoresComerciales1-2025/MotoresComerciales/Content/Brushify/Materials/Landscape/ProceduralMeshes/Rocks/Slab_01/S_Cliff_Slab_01.uexp" 1989
"C:/Users/jhona/OneDrive/Documentos/GitHub/MotoresComerciales1-2025/MotoresComerciales/Content/Brushify/Materials/Landscape/ProceduralMeshes/Rocks/Slab_02/S_Cliff_Slab_02.ubulk" 1990
"C:/Users/jhona/OneDrive/Documentos/GitHub/MotoresComerciales1-2025/MotoresComerciales/Content/Brushify/Materials/Landscape/ProceduralMeshes/Rocks/Slab_02/S_Cliff_Slab_02.uasset" 1991
"C:/Users/jhona/OneDrive/Documentos/GitHub/MotoresComerciales1-2025/MotoresComerciales/Content/Brushify/Materials/Landscape/ProceduralMeshes/Rocks/Slab_02/S_Cliff_Slab_02.uexp" 1992
"C:/Users/jhona/OneDrive/Documentos/GitHub/MotoresComerciales1-2025/MotoresComerciales/Content/Brushify/Materials/Landscape/GrassTypes/LG_Forest.uasset" 1993
"C:/Users/jhona/OneDrive/Documentos/GitHub/MotoresComerciales1-2025/MotoresComerciales/Content/Brushify/Materials/Landscape/GrassTypes/LG_Forest.uexp" 1994
"C:/Users/jhona/OneDrive/Documentos/GitHub/MotoresComerciales1-2025/MotoresComerciales/Content/Brushify/Meshes/Cliffs/Meshes/Desert_eyes/defaultMaterial_bf6320b81756c5d6ee22e8634f95cd5c.ubulk" 1995
"C:/Users/jhona/OneDrive/Documentos/GitHub/MotoresComerciales1-2025/MotoresComerciales/Content/Brushify/Meshes/Cliffs/Meshes/Desert_eyes/defaultMaterial_bf6320b81756c5d6ee22e8634f95cd5c.uasset" 1996
"C:/Users/jhona/OneDrive/Documentos/GitHub/MotoresComerciales1-2025/MotoresComerciales/Content/Brushify/Meshes/Cliffs/Meshes/Desert_eyes/defaultMaterial_bf6320b81756c5d6ee22e8634f95cd5c.uexp" 1997
"C:/Users/jhona/OneDrive/Documentos/GitHub/MotoresComerciales1-2025/MotoresComerciales/Content/Brushify/Meshes/Cliffs/Meshes/Desert_eyes/defaultMaterial_b2a00055eaff41e139032ad75601f6a4.ubulk" 1998
"C:/Users/jhona/OneDrive/Documentos/GitHub/MotoresComerciales1-2025/MotoresComerciales/Content/Brushify/Meshes/Cliffs/Meshes/Desert_eyes/defaultMaterial_b2a00055eaff41e139032ad75601f6a4.uasset" 1999
"C:/Users/jhona/OneDrive/Documentos/GitHub/MotoresComerciales1-2025/MotoresComerciales/Content/Brushify/Meshes/Cliffs/Meshes/Desert_eyes/defaultMaterial_b2a00055eaff41e139032ad75601f6a4.uexp" 2000
"C:/Users/jhona/OneDrive/Documentos/GitHub/MotoresComerciales1-2025/MotoresComerciales/Content/Brushify/Meshes/Cliffs/Meshes/desert_droid/defaultMaterial_50cb2d8ee07724598c6fd057e82188d5.ubulk" 2001
"C:/Users/jhona/OneDrive/Documentos/GitHub/MotoresComerciales1-2025/MotoresComerciales/Content/Brushify/Meshes/Cliffs/Meshes/desert_droid/defaultMaterial_50cb2d8ee07724598c6fd057e82188d5.uasset" 2002
"C:/Users/jhona/OneDrive/Documentos/GitHub/MotoresComerciales1-2025/MotoresComerciales/Content/Brushify/Meshes/Cliffs/Meshes/desert_droid/defaultMaterial_50cb2d8ee07724598c6fd057e82188d5.uexp" 2003
"C:/Users/jhona/OneDrive/Documentos/GitHub/MotoresComerciales1-2025/MotoresComerciales/Content/Brushify/Meshes/Cliffs/Meshes/desert_frotress/desert_fortress_walkways_texture_3.ubulk" 2004
"C:/Users/jhona/OneDrive/Documentos/GitHub/MotoresComerciales1-2025/MotoresComerciales/Content/Brushify/Meshes/Cliffs/Meshes/desert_frotress/desert_fortress_walkways_texture_3.uasset" 2005
"C:/Users/jhona/OneDrive/Documentos/GitHub/MotoresComerciales1-2025/MotoresComerciales/Content/Brushify/Meshes/Cliffs/Meshes/desert_frotress/desert_fortress_walkways_texture_3.uexp" 2006
"C:/Users/jhona/OneDrive/Documentos/GitHub/MotoresComerciales1-2025/MotoresComerciales/Content/Brushify/Meshes/Cliffs/Meshes/desert_frotress/desert_fortress_walkways_texture_4.ubulk" 2007
"C:/Users/jhona/OneDrive/Documentos/GitHub/MotoresComerciales1-2025/MotoresComerciales/Content/Brushify/Meshes/Cliffs/Meshes/desert_frotress/desert_fortress_walkways_texture_4.uasset" 2008
"C:/Users/jhona/OneDrive/Documentos/GitHub/MotoresComerciales1-2025/MotoresComerciales/Content/Brushify/Meshes/Cliffs/Meshes/desert_frotress/desert_fortress_walkways_texture_4.uexp" 2009
"C:/Users/jhona/OneDrive/Documentos/GitHub/MotoresComerciales1-2025/MotoresComerciales/Content/Brushify/Meshes/Cliffs/Meshes/desert_frotress/desert_fortress_walkways_texture_5.ubulk" 2010
"C:/Users/jhona/OneDrive/Documentos/GitHub/MotoresComerciales1-2025/MotoresComerciales/Content/Brushify/Meshes/Cliffs/Meshes/desert_frotress/desert_fortress_walkways_texture_5.uasset" 2011
"C:/Users/jhona/OneDrive/Documentos/GitHub/MotoresComerciales1-2025/MotoresComerciales/Content/Brushify/Meshes/Cliffs/Meshes/desert_frotress/desert_fortress_walkways_texture_5.uexp" 2012
"C:/Users/jhona/OneDrive/Documentos/GitHub/MotoresComerciales1-2025/MotoresComerciales/Content/Brushify/Meshes/Cliffs/Meshes/desert_frotress/Structure_Source_Walkway_Support_01.uasset" 2013
"C:/Users/jhona/OneDrive/Documentos/GitHub/MotoresComerciales1-2025/MotoresComerciales/Content/Brushify/Meshes/Cliffs/Meshes/desert_frotress/Structure_Source_Walkway_Support_01.uexp" 2014
"C:/Users/jhona/OneDrive/Documentos/GitHub/MotoresComerciales1-2025/MotoresComerciales/Content/Brushify/Meshes/Cliffs/Meshes/desert_frotress/Walkway_Support_01_Structure_Source_Walkway_Support_01_0.ubulk" 2015
"C:/Users/jhona/OneDrive/Documentos/GitHub/MotoresComerciales1-2025/MotoresComerciales/Content/Brushify/Meshes/Cliffs/Meshes/desert_frotress/Walkway_Support_01_Structure_Source_Walkway_Support_01_0.uasset" 2016
"C:/Users/jhona/OneDrive/Documentos/GitHub/MotoresComerciales1-2025/MotoresComerciales/Content/Brushify/Meshes/Cliffs/Meshes/desert_frotress/Walkway_Support_01_Structure_Source_Walkway_Support_01_0.uexp" 2017
"C:/Users/jhona/OneDrive/Documentos/GitHub/MotoresComerciales1-2025/MotoresComerciales/Content/Brushify/Meshes/Cliffs/Meshes/Desert_eyes/defaultMaterial_a113148ce2c0a7c8337f0b833e3ff062.ubulk" 2018
"C:/Users/jhona/OneDrive/Documentos/GitHub/MotoresComerciales1-2025/MotoresComerciales/Content/Brushify/Meshes/Cliffs/Meshes/Desert_eyes/defaultMaterial_a113148ce2c0a7c8337f0b833e3ff062.uasset" 2019
"C:/Users/jhona/OneDrive/Documentos/GitHub/MotoresComerciales1-2025/MotoresComerciales/Content/Brushify/Meshes/Cliffs/Meshes/Desert_eyes/defaultMaterial_a113148ce2c0a7c8337f0b833e3ff062.uexp" 2020
"C:/Users/jhona/OneDrive/Documentos/GitHub/MotoresComerciales1-2025/MotoresComerciales/Content/Brushify/Meshes/Cliffs/Meshes/Desert_eyes/defaultMaterial_e07535632adbe60db65df3fc8b882bc8.ubulk" 2021
"C:/Users/jhona/OneDrive/Documentos/GitHub/MotoresComerciales1-2025/MotoresComerciales/Content/Brushify/Meshes/Cliffs/Meshes/Desert_eyes/defaultMaterial_e07535632adbe60db65df3fc8b882bc8.uasset" 2022
"C:/Users/jhona/OneDrive/Documentos/GitHub/MotoresComerciales1-2025/MotoresComerciales/Content/Brushify/Meshes/Cliffs/Meshes/Desert_eyes/defaultMaterial_e07535632adbe60db65df3fc8b882bc8.uexp" 2023
"C:/Users/jhona/OneDrive/Documentos/GitHub/MotoresComerciales1-2025/MotoresComerciales/Content/Brushify/Meshes/Cliffs/Meshes/Desert_eyes/defaultMaterial_7ba8c9177231b7fee6dc340ee0a0ec35.ubulk" 2024
"C:/Users/jhona/OneDrive/Documentos/GitHub/MotoresComerciales1-2025/MotoresComerciales/Content/Brushify/Meshes/Cliffs/Meshes/Desert_eyes/defaultMaterial_7ba8c9177231b7fee6dc340ee0a0ec35.uasset" 2025
"C:/Users/jhona/OneDrive/Documentos/GitHub/MotoresComerciales1-2025/MotoresComerciales/Content/Brushify/Meshes/Cliffs/Meshes/Desert_eyes/defaultMaterial_7ba8c9177231b7fee6dc340ee0a0ec35.uexp" 2026
"C:/Users/jhona/OneDrive/Documentos/GitHub/MotoresComerciales1-2025/MotoresComerciales/Content/Brushify/Maps/DesertMountains/Layerinfo/Grass_LayerInfo.uasset" 2027
"C:/Users/jhona/OneDrive/Documentos/GitHub/MotoresComerciales1-2025/MotoresComerciales/Content/Brushify/Maps/DesertMountains/Layerinfo/Grass_LayerInfo.uexp" 2028
"C:/Users/jhona/OneDrive/Documentos/GitHub/MotoresComerciales1-2025/MotoresComerciales/Content/Brushify/Meshes/Cliffs/Meshes/desert_frotress/desert_fortress_walkways_texture_18.ubulk" 2029
"C:/Users/jhona/OneDrive/Documentos/GitHub/MotoresComerciales1-2025/MotoresComerciales/Content/Brushify/Meshes/Cliffs/Meshes/desert_frotress/desert_fortress_walkways_texture_18.uasset" 2030
"C:/Users/jhona/OneDrive/Documentos/GitHub/MotoresComerciales1-2025/MotoresComerciales/Content/Brushify/Meshes/Cliffs/Meshes/desert_frotress/desert_fortress_walkways_texture_18.uexp" 2031
"C:/Users/jhona/OneDrive/Documentos/GitHub/MotoresComerciales1-2025/MotoresComerciales/Content/Brushify/Meshes/Cliffs/Meshes/desert_frotress/desert_fortress_walkways_texture_19.ubulk" 2032
"C:/Users/jhona/OneDrive/Documentos/GitHub/MotoresComerciales1-2025/MotoresComerciales/Content/Brushify/Meshes/Cliffs/Meshes/desert_frotress/desert_fortress_walkways_texture_19.uasset" 2033
"C:/Users/jhona/OneDrive/Documentos/GitHub/MotoresComerciales1-2025/MotoresComerciales/Content/Brushify/Meshes/Cliffs/Meshes/desert_frotress/desert_fortress_walkways_texture_19.uexp" 2034
"C:/Users/jhona/OneDrive/Documentos/GitHub/MotoresComerciales1-2025/MotoresComerciales/Content/Brushify/Meshes/Cliffs/Meshes/desert_frotress/desert_fortress_walkways_texture_20.ubulk" 2035
"C:/Users/jhona/OneDrive/Documentos/GitHub/MotoresComerciales1-2025/MotoresComerciales/Content/Brushify/Meshes/Cliffs/Meshes/desert_frotress/desert_fortress_walkways_texture_20.uasset" 2036
"C:/Users/jhona/OneDrive/Documentos/GitHub/MotoresComerciales1-2025/MotoresComerciales/Content/Brushify/Meshes/Cliffs/Meshes/desert_frotress/desert_fortress_walkways_texture_20.uexp" 2037
"C:/Users/jhona/OneDrive/Documentos/GitHub/MotoresComerciales1-2025/MotoresComerciales/Content/Brushify/Meshes/Cliffs/Meshes/desert_frotress/Stair_Corner_Support_01.uasset" 2038
"C:/Users/jhona/OneDrive/Documentos/GitHub/MotoresComerciales1-2025/MotoresComerciales/Content/Brushify/Meshes/Cliffs/Meshes/desert_frotress/Stair_Corner_Support_01.uexp" 2039
"C:/Users/jhona/OneDrive/Documentos/GitHub/MotoresComerciales1-2025/MotoresComerciales/Content/Brushify/Meshes/Cliffs/Meshes/desert_frotress/Stair_Corner_Support_01_Stair_Corner_Support_01_0.ubulk" 2040
"C:/Users/jhona/OneDrive/Documentos/GitHub/MotoresComerciales1-2025/MotoresComerciales/Content/Brushify/Meshes/Cliffs/Meshes/desert_frotress/Stair_Corner_Support_01_Stair_Corner_Support_01_0.uasset" 2041
"C:/Users/jhona/OneDrive/Documentos/GitHub/MotoresComerciales1-2025/MotoresComerciales/Content/Brushify/Meshes/Cliffs/Meshes/desert_frotress/Stair_Corner_Support_01_Stair_Corner_Support_01_0.uexp" 2042
"C:/Users/jhona/OneDrive/Documentos/GitHub/MotoresComerciales1-2025/MotoresComerciales/Content/Brushify/Meshes/Cliffs/Meshes/Desert_eyes/defaultMaterial_26a144b85f80dd41b83546c0e8655aa3.ubulk" 2043
"C:/Users/jhona/OneDrive/Documentos/GitHub/MotoresComerciales1-2025/MotoresComerciales/Content/Brushify/Meshes/Cliffs/Meshes/Desert_eyes/defaultMaterial_26a144b85f80dd41b83546c0e8655aa3.uasset" 2044
"C:/Users/jhona/OneDrive/Documentos/GitHub/MotoresComerciales1-2025/MotoresComerciales/Content/Brushify/Meshes/Cliffs/Meshes/Desert_eyes/defaultMaterial_26a144b85f80dd41b83546c0e8655aa3.uexp" 2045
"C:/Users/jhona/OneDrive/Documentos/GitHub/MotoresComerciales1-2025/MotoresComerciales/Content/Brushify/Meshes/Cliffs/Meshes/Desert_eyes/defaultMaterial_7bde536c76ac6d9f9234f232cf4b0f89.ubulk" 2046
"C:/Users/jhona/OneDrive/Documentos/GitHub/MotoresComerciales1-2025/MotoresComerciales/Content/Brushify/Meshes/Cliffs/Meshes/Desert_eyes/defaultMaterial_7bde536c76ac6d9f9234f232cf4b0f89.uasset" 2047
"C:/Users/jhona/OneDrive/Documentos/GitHub/MotoresComerciales1-2025/MotoresComerciales/Content/Brushify/Meshes/Cliffs/Meshes/Desert_eyes/defaultMaterial_7bde536c76ac6d9f9234f232cf4b0f89.uexp" 2048
"C:/Users/jhona/OneDrive/Documentos/GitHub/MotoresComerciales1-2025/MotoresComerciales/Content/Brushify/Meshes/Cliffs/Meshes/desert_house/desert_house_diorama_texture_0.ubulk" 2049
"C:/Users/jhona/OneDrive/Documentos/GitHub/MotoresComerciales1-2025/MotoresComerciales/Content/Brushify/Meshes/Cliffs/Meshes/desert_house/desert_house_diorama_texture_0.uasset" 2050
"C:/Users/jhona/OneDrive/Documentos/GitHub/MotoresComerciales1-2025/MotoresComerciales/Content/Brushify/Meshes/Cliffs/Meshes/desert_house/desert_house_diorama_texture_0.uexp" 2051
"C:/Users/jhona/OneDrive/Documentos/GitHub/MotoresComerciales1-2025/MotoresComerciales/Content/Brushify/Meshes/Cliffs/Meshes/desert_house/desert_house_diorama_texture_1.ubulk" 2052
"C:/Users/jhona/OneDrive/Documentos/GitHub/MotoresComerciales1-2025/MotoresComerciales/Content/Brushify/Meshes/Cliffs/Meshes/desert_house/desert_house_diorama_texture_1.uasset" 2053
"C:/Users/jhona/OneDrive/Documentos/GitHub/MotoresComerciales1-2025/MotoresComerciales/Content/Brushify/Meshes/Cliffs/Meshes/desert_house/desert_house_diorama_texture_1.uexp" 2054
"C:/Users/jhona/OneDrive/Documentos/GitHub/MotoresComerciales1-2025/MotoresComerciales/Content/Brushify/Meshes/Cliffs/Meshes/desert_house/desert_house_diorama_texture_2.ubulk" 2055
"C:/Users/jhona/OneDrive/Documentos/GitHub/MotoresComerciales1-2025/MotoresComerciales/Content/Brushify/Meshes/Cliffs/Meshes/desert_house/desert_house_diorama_texture_2.uasset" 2056
"C:/Users/jhona/OneDrive/Documentos/GitHub/MotoresComerciales1-2025/MotoresComerciales/Content/Brushify/Meshes/Cliffs/Meshes/desert_house/desert_house_diorama_texture_2.uexp" 2057
"C:/Users/jhona/OneDrive/Documentos/GitHub/MotoresComerciales1-2025/MotoresComerciales/Content/Brushify/Meshes/Cliffs/Meshes/desert_house/Diorama.uasset" 2058
"C:/Users/jhona/OneDrive/Documentos/GitHub/MotoresComerciales1-2025/MotoresComerciales/Content/Brushify/Meshes/Cliffs/Meshes/desert_house/Diorama.uexp" 2059
"C:/Users/jhona/OneDrive/Documentos/GitHub/MotoresComerciales1-2025/MotoresComerciales/Content/Brushify/Meshes/Cliffs/Meshes/desert_house/desert_house_diorama.ubulk" 2060
"C:/Users/jhona/OneDrive/Documentos/GitHub/MotoresComerciales1-2025/MotoresComerciales/Content/Brushify/Meshes/Cliffs/Meshes/desert_house/desert_house_diorama.uasset" 2061
"C:/Users/jhona/OneDrive/Documentos/GitHub/MotoresComerciales1-2025/MotoresComerciales/Content/Brushify/Meshes/Cliffs/Meshes/desert_house/desert_house_diorama.uexp" 2062
"C:/Users/jhona/OneDrive/Documentos/GitHub/MotoresComerciales1-2025/MotoresComerciales/Content/Brushify/Meshes/Cliffs/Meshes/Desert_eyes/defaultMaterial_2981b3fdc4293172839772c916e5c784.ubulk" 2063
"C:/Users/jhona/OneDrive/Documentos/GitHub/MotoresComerciales1-2025/MotoresComerciales/Content/Brushify/Meshes/Cliffs/Meshes/Desert_eyes/defaultMaterial_2981b3fdc4293172839772c916e5c784.uasset" 2064
"C:/Users/jhona/OneDrive/Documentos/GitHub/MotoresComerciales1-2025/MotoresComerciales/Content/Brushify/Meshes/Cliffs/Meshes/Desert_eyes/defaultMaterial_2981b3fdc4293172839772c916e5c784.uexp" 2065
"C:/Users/jhona/OneDrive/Documentos/GitHub/MotoresComerciales1-2025/MotoresComerciales/Content/Brushify/Meshes/Cliffs/Meshes/Desert_eyes/defaultMaterial_0a0d38330021898f5417a7a41dd68fb0.ubulk" 2066
"C:/Users/jhona/OneDrive/Documentos/GitHub/MotoresComerciales1-2025/MotoresComerciales/Content/Brushify/Meshes/Cliffs/Meshes/Desert_eyes/defaultMaterial_0a0d38330021898f5417a7a41dd68fb0.uasset" 2067
"C:/Users/jhona/OneDrive/Documentos/GitHub/MotoresComerciales1-2025/MotoresComerciales/Content/Brushify/Meshes/Cliffs/Meshes/Desert_eyes/defaultMaterial_0a0d38330021898f5417a7a41dd68fb0.uexp" 2068
"C:/Users/jhona/OneDrive/Documentos/GitHub/MotoresComerciales1-2025/MotoresComerciales/Content/Brushify/Meshes/Cliffs/Meshes/Desert_eyes/defaultMaterial_abc508a07310e8809900880bfb08f7db.ubulk" 2069
"C:/Users/jhona/OneDrive/Documentos/GitHub/MotoresComerciales1-2025/MotoresComerciales/Content/Brushify/Meshes/Cliffs/Meshes/Desert_eyes/defaultMaterial_abc508a07310e8809900880bfb08f7db.uasset" 2070
"C:/Users/jhona/OneDrive/Documentos/GitHub/MotoresComerciales1-2025/MotoresComerciales/Content/Brushify/Meshes/Cliffs/Meshes/Desert_eyes/defaultMaterial_abc508a07310e8809900880bfb08f7db.uexp" 2071
"C:/Users/jhona/OneDrive/Documentos/GitHub/MotoresComerciales1-2025/MotoresComerciales/Content/Brushify/Meshes/Cliffs/Meshes/desert_droid/defaultMaterial_cfae843306a77b7f3cf0965b635c703a.ubulk" 2072
"C:/Users/jhona/OneDrive/Documentos/GitHub/MotoresComerciales1-2025/MotoresComerciales/Content/Brushify/Meshes/Cliffs/Meshes/desert_droid/defaultMaterial_cfae843306a77b7f3cf0965b635c703a.uasset" 2073
"C:/Users/jhona/OneDrive/Documentos/GitHub/MotoresComerciales1-2025/MotoresComerciales/Content/Brushify/Meshes/Cliffs/Meshes/desert_droid/defaultMaterial_cfae843306a77b7f3cf0965b635c703a.uexp" 2074
"C:/Users/jhona/OneDrive/Documentos/GitHub/MotoresComerciales1-2025/MotoresComerciales/Content/Brushify/Meshes/Cliffs/Meshes/Desert_eyes/defaultMaterial_aa1e08f4d0233aff9799d40a0147d16d.ubulk" 2075
"C:/Users/jhona/OneDrive/Documentos/GitHub/MotoresComerciales1-2025/MotoresComerciales/Content/Brushify/Meshes/Cliffs/Meshes/Desert_eyes/defaultMaterial_aa1e08f4d0233aff9799d40a0147d16d.uasset" 2076
"C:/Users/jhona/OneDrive/Documentos/GitHub/MotoresComerciales1-2025/MotoresComerciales/Content/Brushify/Meshes/Cliffs/Meshes/Desert_eyes/defaultMaterial_aa1e08f4d0233aff9799d40a0147d16d.uexp" 2077
"C:/Users/jhona/OneDrive/Documentos/GitHub/MotoresComerciales1-2025/MotoresComerciales/Content/Brushify/Meshes/Cliffs/Meshes/desert_ruined_building/11_low_LP_0.ubulk" 2078
"C:/Users/jhona/OneDrive/Documentos/GitHub/MotoresComerciales1-2025/MotoresComerciales/Content/Brushify/Meshes/Cliffs/Meshes/desert_ruined_building/11_low_LP_0.uasset" 2079
"C:/Users/jhona/OneDrive/Documentos/GitHub/MotoresComerciales1-2025/MotoresComerciales/Content/Brushify/Meshes/Cliffs/Meshes/desert_ruined_building/11_low_LP_0.uexp" 2080
"C:/Users/jhona/OneDrive/Documentos/GitHub/MotoresComerciales1-2025/MotoresComerciales/Content/Brushify/Meshes/Cliffs/Meshes/desert_planet/Camera_Connectors_0.ubulk" 2081
"C:/Users/jhona/OneDrive/Documentos/GitHub/MotoresComerciales1-2025/MotoresComerciales/Content/Brushify/Meshes/Cliffs/Meshes/desert_planet/Camera_Connectors_0.uasset" 2082
"C:/Users/jhona/OneDrive/Documentos/GitHub/MotoresComerciales1-2025/MotoresComerciales/Content/Brushify/Meshes/Cliffs/Meshes/desert_planet/Camera_Connectors_0.uexp" 2083
"C:/Users/jhona/OneDrive/Documentos/GitHub/MotoresComerciales1-2025/MotoresComerciales/Content/Brushify/Meshes/Cliffs/Meshes/desert_planet/Building_Slice_001_Slice_Concrete_0.ubulk" 2084
"C:/Users/jhona/OneDrive/Documentos/GitHub/MotoresComerciales1-2025/MotoresComerciales/Content/Brushify/Meshes/Cliffs/Meshes/desert_planet/Building_Slice_001_Slice_Concrete_0.uasset" 2085
"C:/Users/jhona/OneDrive/Documentos/GitHub/MotoresComerciales1-2025/MotoresComerciales/Content/Brushify/Meshes/Cliffs/Meshes/desert_planet/Building_Slice_001_Slice_Concrete_0.uexp" 2086
"C:/Users/jhona/OneDrive/Documentos/GitHub/MotoresComerciales1-2025/MotoresComerciales/Content/Brushify/Meshes/Cliffs/Meshes/desert_obelisk/desert_obelisk_texture_0.ubulk" 2087
"C:/Users/jhona/OneDrive/Documentos/GitHub/MotoresComerciales1-2025/MotoresComerciales/Content/Brushify/Meshes/Cliffs/Meshes/desert_obelisk/desert_obelisk_texture_0.uasset" 2088
"C:/Users/jhona/OneDrive/Documentos/GitHub/MotoresComerciales1-2025/MotoresComerciales/Content/Brushify/Meshes/Cliffs/Meshes/desert_obelisk/desert_obelisk_texture_0.uexp" 2089
"C:/Users/jhona/OneDrive/Documentos/GitHub/MotoresComerciales1-2025/MotoresComerciales/Content/Brushify/Meshes/Cliffs/Meshes/desert_obelisk/01___Default.uasset" 2090
"C:/Users/jhona/OneDrive/Documentos/GitHub/MotoresComerciales1-2025/MotoresComerciales/Content/Brushify/Meshes/Cliffs/Meshes/desert_obelisk/01___Default.uexp" 2091
"C:/Users/jhona/OneDrive/Documentos/GitHub/MotoresComerciales1-2025/MotoresComerciales/Content/Brushify/Meshes/Cliffs/Meshes/desert_obelisk/Antik_01___Default_0.ubulk" 2092
"C:/Users/jhona/OneDrive/Documentos/GitHub/MotoresComerciales1-2025/MotoresComerciales/Content/Brushify/Meshes/Cliffs/Meshes/desert_obelisk/Antik_01___Default_0.uasset" 2093
"C:/Users/jhona/OneDrive/Documentos/GitHub/MotoresComerciales1-2025/MotoresComerciales/Content/Brushify/Meshes/Cliffs/Meshes/desert_obelisk/Antik_01___Default_0.uexp" 2094
"C:/Users/jhona/OneDrive/Documentos/GitHub/MotoresComerciales1-2025/MotoresComerciales/Content/Brushify/Meshes/Cliffs/Meshes/Desert_eyes/defaultMaterial_c90af2d2f4d482e26ff6882948d65f6b.ubulk" 2095
"C:/Users/jhona/OneDrive/Documentos/GitHub/MotoresComerciales1-2025/MotoresComerciales/Content/Brushify/Meshes/Cliffs/Meshes/Desert_eyes/defaultMaterial_c90af2d2f4d482e26ff6882948d65f6b.uasset" 2096
"C:/Users/jhona/OneDrive/Documentos/GitHub/MotoresComerciales1-2025/MotoresComerciales/Content/Brushify/Meshes/Cliffs/Meshes/Desert_eyes/defaultMaterial_c90af2d2f4d482e26ff6882948d65f6b.uexp" 2097
"C:/Users/jhona/OneDrive/Documentos/GitHub/MotoresComerciales1-2025/MotoresComerciales/Content/Brushify/DistanceMeshes/Desert_Mountain_03/Textures/T_Normal_N.ubulk" 2098
"C:/Users/jhona/OneDrive/Documentos/GitHub/MotoresComerciales1-2025/MotoresComerciales/Content/Brushify/DistanceMeshes/Desert_Mountain_03/Textures/T_Normal_N.uasset" 2099
"C:/Users/jhona/OneDrive/Documentos/GitHub/MotoresComerciales1-2025/MotoresComerciales/Content/Brushify/DistanceMeshes/Desert_Mountain_03/Textures/T_Normal_N.uexp" 2100
"C:/Users/jhona/OneDrive/Documentos/GitHub/MotoresComerciales1-2025/MotoresComerciales/Content/Brushify/DistanceMeshes/Desert_Mountain_03/Textures/T_DesertMountains_D.ubulk" 2101
"C:/Users/jhona/OneDrive/Documentos/GitHub/MotoresComerciales1-2025/MotoresComerciales/Content/Brushify/DistanceMeshes/Desert_Mountain_03/Textures/T_DesertMountains_D.uasset" 2102
"C:/Users/jhona/OneDrive/Documentos/GitHub/MotoresComerciales1-2025/MotoresComerciales/Content/Brushify/DistanceMeshes/Desert_Mountain_03/Textures/T_DesertMountains_D.uexp" 2103
"C:/Users/jhona/OneDrive/Documentos/GitHub/MotoresComerciales1-2025/MotoresComerciales/Content/Brushify/DistanceMeshes/Desert_Mountain_03/MI_Desert_Mountain_03_DesertMountains.uasset" 2104
"C:/Users/jhona/OneDrive/Documentos/GitHub/MotoresComerciales1-2025/MotoresComerciales/Content/Brushify/DistanceMeshes/Desert_Mountain_03/MI_Desert_Mountain_03_DesertMountains.uexp" 2105
"C:/Users/jhona/OneDrive/Documentos/GitHub/MotoresComerciales1-2025/MotoresComerciales/Content/Brushify/DistanceMeshes/Desert_Mountain_03/S_Desert_Mountain_03.ubulk" 2106
"C:/Users/jhona/OneDrive/Documentos/GitHub/MotoresComerciales1-2025/MotoresComerciales/Content/Brushify/DistanceMeshes/Desert_Mountain_03/S_Desert_Mountain_03.uasset" 2107
"C:/Users/jhona/OneDrive/Documentos/GitHub/MotoresComerciales1-2025/MotoresComerciales/Content/Brushify/DistanceMeshes/Desert_Mountain_03/S_Desert_Mountain_03.uexp" 2108
"C:/Users/jhona/OneDrive/Documentos/GitHub/MotoresComerciales1-2025/MotoresComerciales/Content/Brushify/Meshes/Cliffs/Meshes/Desert_eyes/defaultMaterial_6a8422374247cd8cd11217ceb0f5b5f6.ubulk" 2109
"C:/Users/jhona/OneDrive/Documentos/GitHub/MotoresComerciales1-2025/MotoresComerciales/Content/Brushify/Meshes/Cliffs/Meshes/Desert_eyes/defaultMaterial_6a8422374247cd8cd11217ceb0f5b5f6.uasset" 2110
"C:/Users/jhona/OneDrive/Documentos/GitHub/MotoresComerciales1-2025/MotoresComerciales/Content/Brushify/Meshes/Cliffs/Meshes/Desert_eyes/defaultMaterial_6a8422374247cd8cd11217ceb0f5b5f6.uexp" 2111
"C:/Users/jhona/OneDrive/Documentos/GitHub/MotoresComerciales1-2025/MotoresComerciales/Content/Brushify/Meshes/Cliffs/Meshes/desert_rock/desert_rocks_texture_0.ubulk" 2112
"C:/Users/jhona/OneDrive/Documentos/GitHub/MotoresComerciales1-2025/MotoresComerciales/Content/Brushify/Meshes/Cliffs/Meshes/desert_rock/desert_rocks_texture_0.uasset" 2113
"C:/Users/jhona/OneDrive/Documentos/GitHub/MotoresComerciales1-2025/MotoresComerciales/Content/Brushify/Meshes/Cliffs/Meshes/desert_rock/desert_rocks_texture_0.uexp" 2114
"C:/Users/jhona/OneDrive/Documentos/GitHub/MotoresComerciales1-2025/MotoresComerciales/Content/Brushify/Meshes/Cliffs/Meshes/desert_rock/desert_rocks_texture_1.ubulk" 2115
"C:/Users/jhona/OneDrive/Documentos/GitHub/MotoresComerciales1-2025/MotoresComerciales/Content/Brushify/Meshes/Cliffs/Meshes/desert_rock/desert_rocks_texture_1.uasset" 2116
"C:/Users/jhona/OneDrive/Documentos/GitHub/MotoresComerciales1-2025/MotoresComerciales/Content/Brushify/Meshes/Cliffs/Meshes/desert_rock/desert_rocks_texture_1.uexp" 2117
"C:/Users/jhona/OneDrive/Documentos/GitHub/MotoresComerciales1-2025/MotoresComerciales/Content/Brushify/Meshes/Cliffs/Meshes/desert_rock/desert_rocks_texture_2.ubulk" 2118
"C:/Users/jhona/OneDrive/Documentos/GitHub/MotoresComerciales1-2025/MotoresComerciales/Content/Brushify/Meshes/Cliffs/Meshes/desert_rock/desert_rocks_texture_2.uasset" 2119
"C:/Users/jhona/OneDrive/Documentos/GitHub/MotoresComerciales1-2025/MotoresComerciales/Content/Brushify/Meshes/Cliffs/Meshes/desert_rock/desert_rocks_texture_2.uexp" 2120
"C:/Users/jhona/OneDrive/Documentos/GitHub/MotoresComerciales1-2025/MotoresComerciales/Content/Brushify/Meshes/Cliffs/Meshes/desert_rock/TCE_Rocks_v03_Desert_Mat.uasset" 2121
"C:/Users/jhona/OneDrive/Documentos/GitHub/MotoresComerciales1-2025/MotoresComerciales/Content/Brushify/Meshes/Cliffs/Meshes/desert_rock/TCE_Rocks_v03_Desert_Mat.uexp" 2122
"C:/Users/jhona/OneDrive/Documentos/GitHub/MotoresComerciales1-2025/MotoresComerciales/Content/Brushify/Meshes/Cliffs/Meshes/desert_rock/desert_rocks.ubulk" 2123
"C:/Users/jhona/OneDrive/Documentos/GitHub/MotoresComerciales1-2025/MotoresComerciales/Content/Brushify/Meshes/Cliffs/Meshes/desert_rock/desert_rocks.uasset" 2124
"C:/Users/jhona/OneDrive/Documentos/GitHub/MotoresComerciales1-2025/MotoresComerciales/Content/Brushify/Meshes/Cliffs/Meshes/desert_rock/desert_rocks.uexp" 2125
"C:/Users/jhona/OneDrive/Documentos/GitHub/MotoresComerciales1-2025/MotoresComerciales/Content/Brushify/Meshes/Cliffs/Meshes/Desert_eyes/defaultMaterial_3dba10500c929ab452fa52fd3d6ff0bb.ubulk" 2126
"C:/Users/jhona/OneDrive/Documentos/GitHub/MotoresComerciales1-2025/MotoresComerciales/Content/Brushify/Meshes/Cliffs/Meshes/Desert_eyes/defaultMaterial_3dba10500c929ab452fa52fd3d6ff0bb.uasset" 2127
"C:/Users/jhona/OneDrive/Documentos/GitHub/MotoresComerciales1-2025/MotoresComerciales/Content/Brushify/Meshes/Cliffs/Meshes/Desert_eyes/defaultMaterial_3dba10500c929ab452fa52fd3d6ff0bb.uexp" 2128
"C:/Users/jhona/OneDrive/Documentos/GitHub/MotoresComerciales1-2025/MotoresComerciales/Content/Brushify/Meshes/Cliffs/Meshes/Desert_eyes/defaultMaterial_11b7aa2728abac7e4db84108f90f28d5.ubulk" 2129
"C:/Users/jhona/OneDrive/Documentos/GitHub/MotoresComerciales1-2025/MotoresComerciales/Content/Brushify/Meshes/Cliffs/Meshes/Desert_eyes/defaultMaterial_11b7aa2728abac7e4db84108f90f28d5.uasset" 2130
"C:/Users/jhona/OneDrive/Documentos/GitHub/MotoresComerciales1-2025/MotoresComerciales/Content/Brushify/Meshes/Cliffs/Meshes/Desert_eyes/defaultMaterial_11b7aa2728abac7e4db84108f90f28d5.uexp" 2131
"C:/Users/jhona/OneDrive/Documentos/GitHub/MotoresComerciales1-2025/MotoresComerciales/Content/Brushify/Meshes/Cliffs/Meshes/Desert_eyes/defaultMaterial_0c3ab2f1d6aa6fad4be35e4fc07c99fa.ubulk" 2132
"C:/Users/jhona/OneDrive/Documentos/GitHub/MotoresComerciales1-2025/MotoresComerciales/Content/Brushify/Meshes/Cliffs/Meshes/Desert_eyes/defaultMaterial_0c3ab2f1d6aa6fad4be35e4fc07c99fa.uasset" 2133
"C:/Users/jhona/OneDrive/Documentos/GitHub/MotoresComerciales1-2025/MotoresComerciales/Content/Brushify/Meshes/Cliffs/Meshes/Desert_eyes/defaultMaterial_0c3ab2f1d6aa6fad4be35e4fc07c99fa.uexp" 2134
"C:/Users/jhona/OneDrive/Documentos/GitHub/MotoresComerciales1-2025/MotoresComerciales/Content/Brushify/Meshes/Cliffs/Meshes/Desert_eyes/defaultMaterial_bda78b55811fcfb39437b53a8ea72b15.ubulk" 2135
"C:/Users/jhona/OneDrive/Documentos/GitHub/MotoresComerciales1-2025/MotoresComerciales/Content/Brushify/Meshes/Cliffs/Meshes/Desert_eyes/defaultMaterial_bda78b55811fcfb39437b53a8ea72b15.uasset" 2136
"C:/Users/jhona/OneDrive/Documentos/GitHub/MotoresComerciales1-2025/MotoresComerciales/Content/Brushify/Meshes/Cliffs/Meshes/Desert_eyes/defaultMaterial_bda78b55811fcfb39437b53a8ea72b15.uexp" 2137
"C:/Users/jhona/OneDrive/Documentos/GitHub/MotoresComerciales1-2025/MotoresComerciales/Content/Brushify/Meshes/Cliffs/Meshes/desert_planet/desert_planet_bunker_garage_thing_texture_14.ubulk" 2138
"C:/Users/jhona/OneDrive/Documentos/GitHub/MotoresComerciales1-2025/MotoresComerciales/Content/Brushify/Meshes/Cliffs/Meshes/desert_planet/desert_planet_bunker_garage_thing_texture_14.uasset" 2139
"C:/Users/jhona/OneDrive/Documentos/GitHub/MotoresComerciales1-2025/MotoresComerciales/Content/Brushify/Meshes/Cliffs/Meshes/desert_planet/desert_planet_bunker_garage_thing_texture_14.uexp" 2140
"C:/Users/jhona/OneDrive/Documentos/GitHub/MotoresComerciales1-2025/MotoresComerciales/Content/Brushify/Meshes/Cliffs/Meshes/desert_planet/desert_planet_bunker_garage_thing_texture_15.ubulk" 2141
"C:/Users/jhona/OneDrive/Documentos/GitHub/MotoresComerciales1-2025/MotoresComerciales/Content/Brushify/Meshes/Cliffs/Meshes/desert_planet/desert_planet_bunker_garage_thing_texture_15.uasset" 2142
"C:/Users/jhona/OneDrive/Documentos/GitHub/MotoresComerciales1-2025/MotoresComerciales/Content/Brushify/Meshes/Cliffs/Meshes/desert_planet/desert_planet_bunker_garage_thing_texture_15.uexp" 2143
"C:/Users/jhona/OneDrive/Documentos/GitHub/MotoresComerciales1-2025/MotoresComerciales/Content/Brushify/Meshes/Cliffs/Meshes/desert_planet/desert_planet_bunker_garage_thing_texture_16.ubulk" 2144
"C:/Users/jhona/OneDrive/Documentos/GitHub/MotoresComerciales1-2025/MotoresComerciales/Content/Brushify/Meshes/Cliffs/Meshes/desert_planet/desert_planet_bunker_garage_thing_texture_16.uasset" 2145
"C:/Users/jhona/OneDrive/Documentos/GitHub/MotoresComerciales1-2025/MotoresComerciales/Content/Brushify/Meshes/Cliffs/Meshes/desert_planet/desert_planet_bunker_garage_thing_texture_16.uexp" 2146
"C:/Users/jhona/OneDrive/Documentos/GitHub/MotoresComerciales1-2025/MotoresComerciales/Content/Brushify/Meshes/Cliffs/Meshes/desert_planet/Air_Conditioning.uasset" 2147
"C:/Users/jhona/OneDrive/Documentos/GitHub/MotoresComerciales1-2025/MotoresComerciales/Content/Brushify/Meshes/Cliffs/Meshes/desert_planet/Air_Conditioning.uexp" 2148
"C:/Users/jhona/OneDrive/Documentos/GitHub/MotoresComerciales1-2025/MotoresComerciales/Content/Brushify/Meshes/Cliffs/Meshes/desert_planet/AirConditioner_Air_Conditioning_0.ubulk" 2149
"C:/Users/jhona/OneDrive/Documentos/GitHub/MotoresComerciales1-2025/MotoresComerciales/Content/Brushify/Meshes/Cliffs/Meshes/desert_planet/AirConditioner_Air_Conditioning_0.uasset" 2150
"C:/Users/jhona/OneDrive/Documentos/GitHub/MotoresComerciales1-2025/MotoresComerciales/Content/Brushify/Meshes/Cliffs/Meshes/desert_planet/AirConditioner_Air_Conditioning_0.uexp" 2151
"C:/Users/jhona/OneDrive/Documentos/GitHub/MotoresComerciales1-2025/MotoresComerciales/Content/Brushify/Meshes/Cliffs/Meshes/Desert_eyes/defaultMaterial_d81b1f7b07a56da50d73e40834ab0e29.ubulk" 2152
"C:/Users/jhona/OneDrive/Documentos/GitHub/MotoresComerciales1-2025/MotoresComerciales/Content/Brushify/Meshes/Cliffs/Meshes/Desert_eyes/defaultMaterial_d81b1f7b07a56da50d73e40834ab0e29.uasset" 2153
"C:/Users/jhona/OneDrive/Documentos/GitHub/MotoresComerciales1-2025/MotoresComerciales/Content/Brushify/Meshes/Cliffs/Meshes/Desert_eyes/defaultMaterial_d81b1f7b07a56da50d73e40834ab0e29.uexp" 2154
"C:/Users/jhona/OneDrive/Documentos/GitHub/MotoresComerciales1-2025/MotoresComerciales/Content/Brushify/Meshes/Cliffs/Meshes/Desert_eyes/defaultMaterial_f2504afd3b5b11e34dede203d34f60a4.ubulk" 2155
"C:/Users/jhona/OneDrive/Documentos/GitHub/MotoresComerciales1-2025/MotoresComerciales/Content/Brushify/Meshes/Cliffs/Meshes/Desert_eyes/defaultMaterial_f2504afd3b5b11e34dede203d34f60a4.uasset" 2156
"C:/Users/jhona/OneDrive/Documentos/GitHub/MotoresComerciales1-2025/MotoresComerciales/Content/Brushify/Meshes/Cliffs/Meshes/Desert_eyes/defaultMaterial_f2504afd3b5b11e34dede203d34f60a4.uexp" 2157
"C:/Users/jhona/OneDrive/Documentos/GitHub/MotoresComerciales1-2025/MotoresComerciales/Content/Brushify/Meshes/Cliffs/Meshes/Desert_eyes/defaultMaterial_4ebc291ea9ed25ebbe09b9e5b79df787.ubulk" 2158
"C:/Users/jhona/OneDrive/Documentos/GitHub/MotoresComerciales1-2025/MotoresComerciales/Content/Brushify/Meshes/Cliffs/Meshes/Desert_eyes/defaultMaterial_4ebc291ea9ed25ebbe09b9e5b79df787.uasset" 2159
"C:/Users/jhona/OneDrive/Documentos/GitHub/MotoresComerciales1-2025/MotoresComerciales/Content/Brushify/Meshes/Cliffs/Meshes/Desert_eyes/defaultMaterial_4ebc291ea9ed25ebbe09b9e5b79df787.uexp" 2160
"C:/Users/jhona/OneDrive/Documentos/GitHub/MotoresComerciales1-2025/MotoresComerciales/Content/Brushify/Meshes/Cliffs/Meshes/Desert_eyes/defaultMaterial_9c52f1c83c58e94c542d1c64fa1f818a.ubulk" 2161
"C:/Users/jhona/OneDrive/Documentos/GitHub/MotoresComerciales1-2025/MotoresComerciales/Content/Brushify/Meshes/Cliffs/Meshes/Desert_eyes/defaultMaterial_9c52f1c83c58e94c542d1c64fa1f818a.uasset" 2162
"C:/Users/jhona/OneDrive/Documentos/GitHub/MotoresComerciales1-2025/MotoresComerciales/Content/Brushify/Meshes/Cliffs/Meshes/Desert_eyes/defaultMaterial_9c52f1c83c58e94c542d1c64fa1f818a.uexp" 2163
"C:/Users/jhona/OneDrive/Documentos/GitHub/MotoresComerciales1-2025/MotoresComerciales/Content/Brushify/Meshes/Cliffs/Meshes/desert_droid/defaultMaterial.ubulk" 2164
"C:/Users/jhona/OneDrive/Documentos/GitHub/MotoresComerciales1-2025/MotoresComerciales/Content/Brushify/Meshes/Cliffs/Meshes/desert_droid/defaultMaterial.uasset" 2165
"C:/Users/jhona/OneDrive/Documentos/GitHub/MotoresComerciales1-2025/MotoresComerciales/Content/Brushify/Meshes/Cliffs/Meshes/desert_droid/defaultMaterial.uexp" 2166
"C:/Users/jhona/OneDrive/Documentos/GitHub/MotoresComerciales1-2025/MotoresComerciales/Content/Brushify/Meshes/Cliffs/Meshes/desert_planet/Building_Concrete_0.ubulk" 2167
"C:/Users/jhona/OneDrive/Documentos/GitHub/MotoresComerciales1-2025/MotoresComerciales/Content/Brushify/Meshes/Cliffs/Meshes/desert_planet/Building_Concrete_0.uasset" 2168
"C:/Users/jhona/OneDrive/Documentos/GitHub/MotoresComerciales1-2025/MotoresComerciales/Content/Brushify/Meshes/Cliffs/Meshes/desert_planet/Building_Concrete_0.uexp" 2169
"C:/Users/jhona/OneDrive/Documentos/GitHub/MotoresComerciales1-2025/MotoresComerciales/Content/Brushify/Meshes/Cliffs/Meshes/Desert_eyes/defaultMaterial_408d438bc1f66c7f60b34a7303e49e28.ubulk" 2170
"C:/Users/jhona/OneDrive/Documentos/GitHub/MotoresComerciales1-2025/MotoresComerciales/Content/Brushify/Meshes/Cliffs/Meshes/Desert_eyes/defaultMaterial_408d438bc1f66c7f60b34a7303e49e28.uasset" 2171
"C:/Users/jhona/OneDrive/Documentos/GitHub/MotoresComerciales1-2025/MotoresComerciales/Content/Brushify/Meshes/Cliffs/Meshes/Desert_eyes/defaultMaterial_408d438bc1f66c7f60b34a7303e49e28.uexp" 2172
"C:/Users/jhona/OneDrive/Documentos/GitHub/MotoresComerciales1-2025/MotoresComerciales/Content/Brushify/Meshes/Cliffs/Meshes/Desert_eyes/defaultMaterial_846eeb4f4586b163a8a3dc764aa84a0e.ubulk" 2173
"C:/Users/jhona/OneDrive/Documentos/GitHub/MotoresComerciales1-2025/MotoresComerciales/Content/Brushify/Meshes/Cliffs/Meshes/Desert_eyes/defaultMaterial_846eeb4f4586b163a8a3dc764aa84a0e.uasset" 2174
"C:/Users/jhona/OneDrive/Documentos/GitHub/MotoresComerciales1-2025/MotoresComerciales/Content/Brushify/Meshes/Cliffs/Meshes/Desert_eyes/defaultMaterial_846eeb4f4586b163a8a3dc764aa84a0e.uexp" 2175
"C:/Users/jhona/OneDrive/Documentos/GitHub/MotoresComerciales1-2025/MotoresComerciales/Content/Brushify/Maps/DesertMountains/Layerinfo/Craters_LayerInfo.uasset" 2176
"C:/Users/jhona/OneDrive/Documentos/GitHub/MotoresComerciales1-2025/MotoresComerciales/Content/Brushify/Maps/DesertMountains/Layerinfo/Craters_LayerInfo.uexp" 2177
"C:/Users/jhona/OneDrive/Documentos/GitHub/MotoresComerciales1-2025/MotoresComerciales/Content/Brushify/Meshes/Cliffs/Meshes/desert_planet/DoorHandle_Entrance_0.ubulk" 2178
"C:/Users/jhona/OneDrive/Documentos/GitHub/MotoresComerciales1-2025/MotoresComerciales/Content/Brushify/Meshes/Cliffs/Meshes/desert_planet/DoorHandle_Entrance_0.uasset" 2179
"C:/Users/jhona/OneDrive/Documentos/GitHub/MotoresComerciales1-2025/MotoresComerciales/Content/Brushify/Meshes/Cliffs/Meshes/desert_planet/DoorHandle_Entrance_0.uexp" 2180
"C:/Users/jhona/OneDrive/Documentos/GitHub/MotoresComerciales1-2025/MotoresComerciales/Content/Brushify/Materials/Landscape/ProceduralMeshes/Rocks/Rock_06/MI_Rock_06_Snow.uasset" 2181
"C:/Users/jhona/OneDrive/Documentos/GitHub/MotoresComerciales1-2025/MotoresComerciales/Content/Brushify/Materials/Landscape/ProceduralMeshes/Rocks/Rock_06/MI_Rock_06_Snow.uexp" 2182
"C:/Users/jhona/OneDrive/Documentos/GitHub/MotoresComerciales1-2025/MotoresComerciales/Content/Brushify/Materials/Landscape/ProceduralMeshes/Rocks/Rock_03/MI_Rock_03_Snow.uasset" 2183
"C:/Users/jhona/OneDrive/Documentos/GitHub/MotoresComerciales1-2025/MotoresComerciales/Content/Brushify/Materials/Landscape/ProceduralMeshes/Rocks/Rock_03/MI_Rock_03_Snow.uexp" 2184
"C:/Users/jhona/OneDrive/Documentos/GitHub/MotoresComerciales1-2025/MotoresComerciales/Content/Brushify/Materials/Landscape/ProceduralMeshes/Rocks/Rock_02/MI_Rock_03_Snow.uasset" 2185
"C:/Users/jhona/OneDrive/Documentos/GitHub/MotoresComerciales1-2025/MotoresComerciales/Content/Brushify/Materials/Landscape/ProceduralMeshes/Rocks/Rock_02/MI_Rock_03_Snow.uexp" 2186
"C:/Users/jhona/OneDrive/Documentos/GitHub/MotoresComerciales1-2025/MotoresComerciales/Content/Brushify/Materials/Landscape/ProceduralMeshes/Rocks/Scree_02/MI_Scree_02_Snow.uasset" 2187
"C:/Users/jhona/OneDrive/Documentos/GitHub/MotoresComerciales1-2025/MotoresComerciales/Content/Brushify/Materials/Landscape/ProceduralMeshes/Rocks/Scree_02/MI_Scree_02_Snow.uexp" 2188
"C:/Users/jhona/OneDrive/Documentos/GitHub/MotoresComerciales1-2025/MotoresComerciales/Content/Brushify/Materials/Landscape/ProceduralMeshes/Rocks/Scree_01/MI_Scree_01_Snow.uasset" 2189
"C:/Users/jhona/OneDrive/Documentos/GitHub/MotoresComerciales1-2025/MotoresComerciales/Content/Brushify/Materials/Landscape/ProceduralMeshes/Rocks/Scree_01/MI_Scree_01_Snow.uexp" 2190
"C:/Users/jhona/OneDrive/Documentos/GitHub/MotoresComerciales1-2025/MotoresComerciales/Content/Brushify/Materials/Landscape/ProceduralMeshes/Rocks/Rock_05/MI_Rock_05_Snow.uasset" 2191
"C:/Users/jhona/OneDrive/Documentos/GitHub/MotoresComerciales1-2025/MotoresComerciales/Content/Brushify/Materials/Landscape/ProceduralMeshes/Rocks/Rock_05/MI_Rock_05_Snow.uexp" 2192
"C:/Users/jhona/OneDrive/Documentos/GitHub/MotoresComerciales1-2025/MotoresComerciales/Content/Brushify/Materials/Landscape/GrassTypes/LG_SnowRocks.uasset" 2193
"C:/Users/jhona/OneDrive/Documentos/GitHub/MotoresComerciales1-2025/MotoresComerciales/Content/Brushify/Materials/Landscape/GrassTypes/LG_SnowRocks.uexp" 2194
"C:/Users/jhona/OneDrive/Documentos/GitHub/MotoresComerciales1-2025/MotoresComerciales/Content/Brushify/Meshes/Cliffs/Meshes/Desert_eyes/defaultMaterial_0882983d0a724de87b2f860b2f138e09.ubulk" 2195
"C:/Users/jhona/OneDrive/Documentos/GitHub/MotoresComerciales1-2025/MotoresComerciales/Content/Brushify/Meshes/Cliffs/Meshes/Desert_eyes/defaultMaterial_0882983d0a724de87b2f860b2f138e09.uasset" 2196
"C:/Users/jhona/OneDrive/Documentos/GitHub/MotoresComerciales1-2025/MotoresComerciales/Content/Brushify/Meshes/Cliffs/Meshes/Desert_eyes/defaultMaterial_0882983d0a724de87b2f860b2f138e09.uexp" 2197
"C:/Users/jhona/OneDrive/Documentos/GitHub/MotoresComerciales1-2025/MotoresComerciales/Content/Brushify/Meshes/Cliffs/Meshes/Desert_eyes/defaultMaterial_48c5700bc6891c922c1393d267ec32a9.ubulk" 2198
"C:/Users/jhona/OneDrive/Documentos/GitHub/MotoresComerciales1-2025/MotoresComerciales/Content/Brushify/Meshes/Cliffs/Meshes/Desert_eyes/defaultMaterial_48c5700bc6891c922c1393d267ec32a9.uasset" 2199
"C:/Users/jhona/OneDrive/Documentos/GitHub/MotoresComerciales1-2025/MotoresComerciales/Content/Brushify/Meshes/Cliffs/Meshes/Desert_eyes/defaultMaterial_48c5700bc6891c922c1393d267ec32a9.uexp" 2200
"C:/Users/jhona/OneDrive/Documentos/GitHub/MotoresComerciales1-2025/MotoresComerciales/Content/Brushify/Meshes/Cliffs/Meshes/desert_droid/defaultMaterial_63229c49e0b7bb367bd4626bfa501fbf.ubulk" 2201
"C:/Users/jhona/OneDrive/Documentos/GitHub/MotoresComerciales1-2025/MotoresComerciales/Content/Brushify/Meshes/Cliffs/Meshes/desert_droid/defaultMaterial_63229c49e0b7bb367bd4626bfa501fbf.uasset" 2202
"C:/Users/jhona/OneDrive/Documentos/GitHub/MotoresComerciales1-2025/MotoresComerciales/Content/Brushify/Meshes/Cliffs/Meshes/desert_droid/defaultMaterial_63229c49e0b7bb367bd4626bfa501fbf.uexp" 2203
"C:/Users/jhona/OneDrive/Documentos/GitHub/MotoresComerciales1-2025/MotoresComerciales/Content/Brushify/Meshes/Cliffs/Meshes/desert_droid/defaultMaterial_95e4f7e8043ceb6584824fdc2464a444.ubulk" 2204
"C:/Users/jhona/OneDrive/Documentos/GitHub/MotoresComerciales1-2025/MotoresComerciales/Content/Brushify/Meshes/Cliffs/Meshes/desert_droid/defaultMaterial_95e4f7e8043ceb6584824fdc2464a444.uasset" 2205
"C:/Users/jhona/OneDrive/Documentos/GitHub/MotoresComerciales1-2025/MotoresComerciales/Content/Brushify/Meshes/Cliffs/Meshes/desert_droid/defaultMaterial_95e4f7e8043ceb6584824fdc2464a444.uexp" 2206
"C:/Users/jhona/OneDrive/Documentos/GitHub/MotoresComerciales1-2025/MotoresComerciales/Content/Brushify/Maps/DesertMountains/Layerinfo/Forest_LayerInfo.uasset" 2207
"C:/Users/jhona/OneDrive/Documentos/GitHub/MotoresComerciales1-2025/MotoresComerciales/Content/Brushify/Maps/DesertMountains/Layerinfo/Forest_LayerInfo.uexp" 2208
"C:/Users/jhona/OneDrive/Documentos/GitHub/MotoresComerciales1-2025/MotoresComerciales/Content/Brushify/Meshes/Cliffs/Meshes/Desert_eyes/defaultMaterial_92bed21c1630c26c5f99eea7bbb279f7.ubulk" 2209
"C:/Users/jhona/OneDrive/Documentos/GitHub/MotoresComerciales1-2025/MotoresComerciales/Content/Brushify/Meshes/Cliffs/Meshes/Desert_eyes/defaultMaterial_92bed21c1630c26c5f99eea7bbb279f7.uasset" 2210
"C:/Users/jhona/OneDrive/Documentos/GitHub/MotoresComerciales1-2025/MotoresComerciales/Content/Brushify/Meshes/Cliffs/Meshes/Desert_eyes/defaultMaterial_92bed21c1630c26c5f99eea7bbb279f7.uexp" 2211
"C:/Users/jhona/OneDrive/Documentos/GitHub/MotoresComerciales1-2025/MotoresComerciales/Content/Brushify/Meshes/Cliffs/Meshes/Desert_eyes/defaultMaterial_d2544ee7152a2a530073f6541af3196a.ubulk" 2212
"C:/Users/jhona/OneDrive/Documentos/GitHub/MotoresComerciales1-2025/MotoresComerciales/Content/Brushify/Meshes/Cliffs/Meshes/Desert_eyes/defaultMaterial_d2544ee7152a2a530073f6541af3196a.uasset" 2213
"C:/Users/jhona/OneDrive/Documentos/GitHub/MotoresComerciales1-2025/MotoresComerciales/Content/Brushify/Meshes/Cliffs/Meshes/Desert_eyes/defaultMaterial_d2544ee7152a2a530073f6541af3196a.uexp" 2214
"C:/Users/jhona/OneDrive/Documentos/GitHub/MotoresComerciales1-2025/MotoresComerciales/Content/Brushify/Meshes/Cliffs/Meshes/Desert_eyes/defaultMaterial_2ea661a809d0230be40051e4716500cb.ubulk" 2215
"C:/Users/jhona/OneDrive/Documentos/GitHub/MotoresComerciales1-2025/MotoresComerciales/Content/Brushify/Meshes/Cliffs/Meshes/Desert_eyes/defaultMaterial_2ea661a809d0230be40051e4716500cb.uasset" 2216
"C:/Users/jhona/OneDrive/Documentos/GitHub/MotoresComerciales1-2025/MotoresComerciales/Content/Brushify/Meshes/Cliffs/Meshes/Desert_eyes/defaultMaterial_2ea661a809d0230be40051e4716500cb.uexp" 2217
"C:/Users/jhona/OneDrive/Documentos/GitHub/MotoresComerciales1-2025/MotoresComerciales/Content/ThirdPerson/Actors/FangSpawn.ubulk" 2218
"C:/Users/jhona/OneDrive/Documentos/GitHub/MotoresComerciales1-2025/MotoresComerciales/Content/ThirdPerson/Actors/FangSpawn.uasset" 2219
"C:/Users/jhona/OneDrive/Documentos/GitHub/MotoresComerciales1-2025/MotoresComerciales/Content/ThirdPerson/Actors/FangSpawn.uexp" 2220
"C:/Users/jhona/OneDrive/Documentos/GitHub/MotoresComerciales1-2025/MotoresComerciales/Content/Wood_Monster/CharacterParts/Materials/MI_leaves.uasset" 2221
"C:/Users/jhona/OneDrive/Documentos/GitHub/MotoresComerciales1-2025/MotoresComerciales/Content/Wood_Monster/CharacterParts/Materials/MI_leaves.uexp" 2222
"C:/Users/jhona/OneDrive/Documentos/GitHub/MotoresComerciales1-2025/MotoresComerciales/Content/Wood_Monster/CharacterParts/Materials/MI_Wood_monster_base.uasset" 2223
"C:/Users/jhona/OneDrive/Documentos/GitHub/MotoresComerciales1-2025/MotoresComerciales/Content/Wood_Monster/CharacterParts/Materials/MI_Wood_monster_base.uexp" 2224
"C:/Users/jhona/OneDrive/Documentos/GitHub/MotoresComerciales1-2025/MotoresComerciales/Content/Wood_Monster/CharacterParts/Meshes/SK_wood_giant_01_b.uasset" 2225
"C:/Users/jhona/OneDrive/Documentos/GitHub/MotoresComerciales1-2025/MotoresComerciales/Content/Wood_Monster/CharacterParts/Meshes/SK_wood_giant_01_b.uexp" 2226
"../../../Engine/Content/Animation/DefaultVariableFrameStrippingSettings.uasset" 2227
"../../../Engine/Content/Animation/DefaultVariableFrameStrippingSettings.uexp" 2228
"C:/Users/jhona/OneDrive/Documentos/GitHub/MotoresComerciales1-2025/MotoresComerciales/Content/Characters/Mannequins/Meshes/SK_Mannequin.uasset" 2229
"C:/Users/jhona/OneDrive/Documentos/GitHub/MotoresComerciales1-2025/MotoresComerciales/Content/Characters/Mannequins/Meshes/SK_Mannequin.uexp" 2230
"C:/Users/jhona/OneDrive/Documentos/GitHub/MotoresComerciales1-2025/MotoresComerciales/Content/Characters/Mannequins/Animations/Manny/MM_Fall_Loop.uasset" 2231
"C:/Users/jhona/OneDrive/Documentos/GitHub/MotoresComerciales1-2025/MotoresComerciales/Content/Characters/Mannequins/Animations/Manny/MM_Fall_Loop.uexp" 2232
"C:/Users/jhona/OneDrive/Documentos/GitHub/MotoresComerciales1-2025/MotoresComerciales/Content/Characters/Mannequins/Animations/Manny/MM_Jump.uasset" 2233
"C:/Users/jhona/OneDrive/Documentos/GitHub/MotoresComerciales1-2025/MotoresComerciales/Content/Characters/Mannequins/Animations/Manny/MM_Jump.uexp" 2234
"C:/Users/jhona/OneDrive/Documentos/GitHub/MotoresComerciales1-2025/MotoresComerciales/Content/Characters/Mannequins/Rigs/CR_Mannequin_BasicFootIK.uasset" 2235
"C:/Users/jhona/OneDrive/Documentos/GitHub/MotoresComerciales1-2025/MotoresComerciales/Content/Characters/Mannequins/Rigs/CR_Mannequin_BasicFootIK.uexp" 2236
"C:/Users/jhona/OneDrive/Documentos/GitHub/MotoresComerciales1-2025/MotoresComerciales/Content/Characters/Mannequins/Animations/Manny/MM_Run_Fwd.uasset" 2237
"C:/Users/jhona/OneDrive/Documentos/GitHub/MotoresComerciales1-2025/MotoresComerciales/Content/Characters/Mannequins/Animations/Manny/MM_Run_Fwd.uexp" 2238
"C:/Users/jhona/OneDrive/Documentos/GitHub/MotoresComerciales1-2025/MotoresComerciales/Content/Characters/Mannequins/Animations/Manny/MM_Walk_Fwd.uasset" 2239
"C:/Users/jhona/OneDrive/Documentos/GitHub/MotoresComerciales1-2025/MotoresComerciales/Content/Characters/Mannequins/Animations/Manny/MM_Walk_Fwd.uexp" 2240
"C:/Users/jhona/OneDrive/Documentos/GitHub/MotoresComerciales1-2025/MotoresComerciales/Content/Characters/Mannequins/Animations/Manny/MM_Walk_InPlace.uasset" 2241
"C:/Users/jhona/OneDrive/Documentos/GitHub/MotoresComerciales1-2025/MotoresComerciales/Content/Characters/Mannequins/Animations/Manny/MM_Walk_InPlace.uexp" 2242
"C:/Users/jhona/OneDrive/Documentos/GitHub/MotoresComerciales1-2025/MotoresComerciales/Content/Characters/Mannequins/Animations/Manny/BS_MM_WalkRun.uasset" 2243
"C:/Users/jhona/OneDrive/Documentos/GitHub/MotoresComerciales1-2025/MotoresComerciales/Content/Characters/Mannequins/Animations/Manny/BS_MM_WalkRun.uexp" 2244
"C:/Users/jhona/OneDrive/Documentos/GitHub/MotoresComerciales1-2025/MotoresComerciales/Content/Characters/Mannequins/Animations/Manny/MM_Land.uasset" 2245
"C:/Users/jhona/OneDrive/Documentos/GitHub/MotoresComerciales1-2025/MotoresComerciales/Content/Characters/Mannequins/Animations/Manny/MM_Land.uexp" 2246
"C:/Users/jhona/OneDrive/Documentos/GitHub/MotoresComerciales1-2025/MotoresComerciales/Content/Characters/Mannequins/Animations/Manny/MM_Idle.uasset" 2247
"C:/Users/jhona/OneDrive/Documentos/GitHub/MotoresComerciales1-2025/MotoresComerciales/Content/Characters/Mannequins/Animations/Manny/MM_Idle.uexp" 2248
"C:/Users/jhona/OneDrive/Documentos/GitHub/MotoresComerciales1-2025/MotoresComerciales/Content/Characters/Mannequins/Animations/ABP_Manny.uasset" 2249
"C:/Users/jhona/OneDrive/Documentos/GitHub/MotoresComerciales1-2025/MotoresComerciales/Content/Characters/Mannequins/Animations/ABP_Manny.uexp" 2250
"C:/Users/jhona/OneDrive/Documentos/GitHub/MotoresComerciales1-2025/MotoresComerciales/Content/ThirdPerson/Actors/BP_Enemy.uasset" 2251
"C:/Users/jhona/OneDrive/Documentos/GitHub/MotoresComerciales1-2025/MotoresComerciales/Content/ThirdPerson/Actors/BP_Enemy.uexp" 2252
"C:/Users/jhona/OneDrive/Documentos/GitHub/MotoresComerciales1-2025/MotoresComerciales/Content/ThirdPerson/Actors/BP_EnemySpawner.uasset" 2253
"C:/Users/jhona/OneDrive/Documentos/GitHub/MotoresComerciales1-2025/MotoresComerciales/Content/ThirdPerson/Actors/BP_EnemySpawner.uexp" 2254
"C:/Users/jhona/OneDrive/Documentos/GitHub/MotoresComerciales1-2025/MotoresComerciales/Content/Brushify/Meshes/Cliffs/Meshes/Desert_eyes/defaultMaterial_43918fe3b233d44f937f4d2fab6cd447.ubulk" 2255
"C:/Users/jhona/OneDrive/Documentos/GitHub/MotoresComerciales1-2025/MotoresComerciales/Content/Brushify/Meshes/Cliffs/Meshes/Desert_eyes/defaultMaterial_43918fe3b233d44f937f4d2fab6cd447.uasset" 2256
"C:/Users/jhona/OneDrive/Documentos/GitHub/MotoresComerciales1-2025/MotoresComerciales/Content/Brushify/Meshes/Cliffs/Meshes/Desert_eyes/defaultMaterial_43918fe3b233d44f937f4d2fab6cd447.uexp" 2257
"C:/Users/jhona/OneDrive/Documentos/GitHub/MotoresComerciales1-2025/MotoresComerciales/Content/Brushify/Meshes/Cliffs/Meshes/desert_droid/defaultMaterial_80faae74f0166ffecfded67c493e5e23.ubulk" 2258
"C:/Users/jhona/OneDrive/Documentos/GitHub/MotoresComerciales1-2025/MotoresComerciales/Content/Brushify/Meshes/Cliffs/Meshes/desert_droid/defaultMaterial_80faae74f0166ffecfded67c493e5e23.uasset" 2259
"C:/Users/jhona/OneDrive/Documentos/GitHub/MotoresComerciales1-2025/MotoresComerciales/Content/Brushify/Meshes/Cliffs/Meshes/desert_droid/defaultMaterial_80faae74f0166ffecfded67c493e5e23.uexp" 2260
"C:/Users/jhona/OneDrive/Documentos/GitHub/MotoresComerciales1-2025/MotoresComerciales/Content/Brushify/Meshes/Cliffs/Meshes/Desert_eyes/defaultMaterial_136ca1bc5eb167546e8108cb30654628.ubulk" 2261
"C:/Users/jhona/OneDrive/Documentos/GitHub/MotoresComerciales1-2025/MotoresComerciales/Content/Brushify/Meshes/Cliffs/Meshes/Desert_eyes/defaultMaterial_136ca1bc5eb167546e8108cb30654628.uasset" 2262
"C:/Users/jhona/OneDrive/Documentos/GitHub/MotoresComerciales1-2025/MotoresComerciales/Content/Brushify/Meshes/Cliffs/Meshes/Desert_eyes/defaultMaterial_136ca1bc5eb167546e8108cb30654628.uexp" 2263
"C:/Users/jhona/OneDrive/Documentos/GitHub/MotoresComerciales1-2025/MotoresComerciales/Content/Brushify/Meshes/Cliffs/Meshes/Desert_eyes/defaultMaterial_dc18f51570855978acf8f68e9f774598.ubulk" 2264
"C:/Users/jhona/OneDrive/Documentos/GitHub/MotoresComerciales1-2025/MotoresComerciales/Content/Brushify/Meshes/Cliffs/Meshes/Desert_eyes/defaultMaterial_dc18f51570855978acf8f68e9f774598.uasset" 2265
"C:/Users/jhona/OneDrive/Documentos/GitHub/MotoresComerciales1-2025/MotoresComerciales/Content/Brushify/Meshes/Cliffs/Meshes/Desert_eyes/defaultMaterial_dc18f51570855978acf8f68e9f774598.uexp" 2266
"C:/Users/jhona/OneDrive/Documentos/GitHub/MotoresComerciales1-2025/MotoresComerciales/Content/Brushify/Meshes/Cliffs/Meshes/desert_ruined_building/3_low_LP_0.ubulk" 2267
"C:/Users/jhona/OneDrive/Documentos/GitHub/MotoresComerciales1-2025/MotoresComerciales/Content/Brushify/Meshes/Cliffs/Meshes/desert_ruined_building/3_low_LP_0.uasset" 2268
"C:/Users/jhona/OneDrive/Documentos/GitHub/MotoresComerciales1-2025/MotoresComerciales/Content/Brushify/Meshes/Cliffs/Meshes/desert_ruined_building/3_low_LP_0.uexp" 2269
"C:/Users/jhona/OneDrive/Documentos/GitHub/MotoresComerciales1-2025/MotoresComerciales/Content/Brushify/Materials/Landscape/GrassTypes/LG_Craters.uasset" 2270
"C:/Users/jhona/OneDrive/Documentos/GitHub/MotoresComerciales1-2025/MotoresComerciales/Content/Brushify/Materials/Landscape/GrassTypes/LG_Craters.uexp" 2271
"C:/Users/jhona/OneDrive/Documentos/GitHub/MotoresComerciales1-2025/MotoresComerciales/Content/Brushify/Meshes/Cliffs/Meshes/desert_planet/Cloth_001_Cloth_0.ubulk" 2272
"C:/Users/jhona/OneDrive/Documentos/GitHub/MotoresComerciales1-2025/MotoresComerciales/Content/Brushify/Meshes/Cliffs/Meshes/desert_planet/Cloth_001_Cloth_0.uasset" 2273
"C:/Users/jhona/OneDrive/Documentos/GitHub/MotoresComerciales1-2025/MotoresComerciales/Content/Brushify/Meshes/Cliffs/Meshes/desert_planet/Cloth_001_Cloth_0.uexp" 2274
"C:/Users/jhona/OneDrive/Documentos/GitHub/MotoresComerciales1-2025/MotoresComerciales/Content/Brushify/Meshes/Cliffs/Meshes/desert_ruined_building/1_low_LP_0.ubulk" 2275
"C:/Users/jhona/OneDrive/Documentos/GitHub/MotoresComerciales1-2025/MotoresComerciales/Content/Brushify/Meshes/Cliffs/Meshes/desert_ruined_building/1_low_LP_0.uasset" 2276
"C:/Users/jhona/OneDrive/Documentos/GitHub/MotoresComerciales1-2025/MotoresComerciales/Content/Brushify/Meshes/Cliffs/Meshes/desert_ruined_building/1_low_LP_0.uexp" 2277
"C:/Users/jhona/OneDrive/Documentos/GitHub/MotoresComerciales1-2025/MotoresComerciales/Content/Brushify/Materials/Landscape/ProceduralMeshes/Foliage/Clovers/S_Clovers_01_Dry.ubulk" 2278
"C:/Users/jhona/OneDrive/Documentos/GitHub/MotoresComerciales1-2025/MotoresComerciales/Content/Brushify/Materials/Landscape/ProceduralMeshes/Foliage/Clovers/S_Clovers_01_Dry.uasset" 2279
"C:/Users/jhona/OneDrive/Documentos/GitHub/MotoresComerciales1-2025/MotoresComerciales/Content/Brushify/Materials/Landscape/ProceduralMeshes/Foliage/Clovers/S_Clovers_01_Dry.uexp" 2280
"C:/Users/jhona/OneDrive/Documentos/GitHub/MotoresComerciales1-2025/MotoresComerciales/Content/Brushify/Materials/Landscape/GrassTypes/LG_Desert.uasset" 2281
"C:/Users/jhona/OneDrive/Documentos/GitHub/MotoresComerciales1-2025/MotoresComerciales/Content/Brushify/Materials/Landscape/GrassTypes/LG_Desert.uexp" 2282
"C:/Users/jhona/OneDrive/Documentos/GitHub/MotoresComerciales1-2025/MotoresComerciales/Content/Brushify/Meshes/Cliffs/Meshes/desert_ruined_building/7_low_LP_0.ubulk" 2283
"C:/Users/jhona/OneDrive/Documentos/GitHub/MotoresComerciales1-2025/MotoresComerciales/Content/Brushify/Meshes/Cliffs/Meshes/desert_ruined_building/7_low_LP_0.uasset" 2284
"C:/Users/jhona/OneDrive/Documentos/GitHub/MotoresComerciales1-2025/MotoresComerciales/Content/Brushify/Meshes/Cliffs/Meshes/desert_ruined_building/7_low_LP_0.uexp" 2285
"C:/Users/jhona/OneDrive/Documentos/GitHub/MotoresComerciales1-2025/MotoresComerciales/Content/Brushify/Meshes/Cliffs/Meshes/Desert_eyes/defaultMaterial_c6a210e303a094ec80dad7c4cf5c6a23.ubulk" 2286
"C:/Users/jhona/OneDrive/Documentos/GitHub/MotoresComerciales1-2025/MotoresComerciales/Content/Brushify/Meshes/Cliffs/Meshes/Desert_eyes/defaultMaterial_c6a210e303a094ec80dad7c4cf5c6a23.uasset" 2287
"C:/Users/jhona/OneDrive/Documentos/GitHub/MotoresComerciales1-2025/MotoresComerciales/Content/Brushify/Meshes/Cliffs/Meshes/Desert_eyes/defaultMaterial_c6a210e303a094ec80dad7c4cf5c6a23.uexp" 2288
"C:/Users/jhona/OneDrive/Documentos/GitHub/MotoresComerciales1-2025/MotoresComerciales/Content/Brushify/Meshes/Cliffs/Meshes/desert_droid/defaultMaterial_f6b0ed3a8ce853dc41bc55624c2b3631.ubulk" 2289
"C:/Users/jhona/OneDrive/Documentos/GitHub/MotoresComerciales1-2025/MotoresComerciales/Content/Brushify/Meshes/Cliffs/Meshes/desert_droid/defaultMaterial_f6b0ed3a8ce853dc41bc55624c2b3631.uasset" 2290
"C:/Users/jhona/OneDrive/Documentos/GitHub/MotoresComerciales1-2025/MotoresComerciales/Content/Brushify/Meshes/Cliffs/Meshes/desert_droid/defaultMaterial_f6b0ed3a8ce853dc41bc55624c2b3631.uexp" 2291
"C:/Users/jhona/OneDrive/Documentos/GitHub/MotoresComerciales1-2025/MotoresComerciales/Content/Brushify/Meshes/Cliffs/Meshes/desert_ruined_building/9_low_LP_0.ubulk" 2292
"C:/Users/jhona/OneDrive/Documentos/GitHub/MotoresComerciales1-2025/MotoresComerciales/Content/Brushify/Meshes/Cliffs/Meshes/desert_ruined_building/9_low_LP_0.uasset" 2293
"C:/Users/jhona/OneDrive/Documentos/GitHub/MotoresComerciales1-2025/MotoresComerciales/Content/Brushify/Meshes/Cliffs/Meshes/desert_ruined_building/9_low_LP_0.uexp" 2294
"C:/Users/jhona/OneDrive/Documentos/GitHub/MotoresComerciales1-2025/MotoresComerciales/Content/Brushify/Meshes/Cliffs/Meshes/Desert_eyes/defaultMaterial_97ca216554d21f35e9ad4cb0a6894e03.ubulk" 2295
"C:/Users/jhona/OneDrive/Documentos/GitHub/MotoresComerciales1-2025/MotoresComerciales/Content/Brushify/Meshes/Cliffs/Meshes/Desert_eyes/defaultMaterial_97ca216554d21f35e9ad4cb0a6894e03.uasset" 2296
"C:/Users/jhona/OneDrive/Documentos/GitHub/MotoresComerciales1-2025/MotoresComerciales/Content/Brushify/Meshes/Cliffs/Meshes/Desert_eyes/defaultMaterial_97ca216554d21f35e9ad4cb0a6894e03.uexp" 2297
"C:/Users/jhona/OneDrive/Documentos/GitHub/MotoresComerciales1-2025/MotoresComerciales/Content/Brushify/Meshes/Cliffs/Meshes/Desert_eyes/defaultMaterial_dba38e41511d4c87776a9d4914c9985e.ubulk" 2298
"C:/Users/jhona/OneDrive/Documentos/GitHub/MotoresComerciales1-2025/MotoresComerciales/Content/Brushify/Meshes/Cliffs/Meshes/Desert_eyes/defaultMaterial_dba38e41511d4c87776a9d4914c9985e.uasset" 2299
"C:/Users/jhona/OneDrive/Documentos/GitHub/MotoresComerciales1-2025/MotoresComerciales/Content/Brushify/Meshes/Cliffs/Meshes/Desert_eyes/defaultMaterial_dba38e41511d4c87776a9d4914c9985e.uexp" 2300
"C:/Users/jhona/OneDrive/Documentos/GitHub/MotoresComerciales1-2025/MotoresComerciales/Content/Brushify/Meshes/Cliffs/Meshes/desert_ruined_building/4_low_LP_0.ubulk" 2301
"C:/Users/jhona/OneDrive/Documentos/GitHub/MotoresComerciales1-2025/MotoresComerciales/Content/Brushify/Meshes/Cliffs/Meshes/desert_ruined_building/4_low_LP_0.uasset" 2302
"C:/Users/jhona/OneDrive/Documentos/GitHub/MotoresComerciales1-2025/MotoresComerciales/Content/Brushify/Meshes/Cliffs/Meshes/desert_ruined_building/4_low_LP_0.uexp" 2303
"../../../Engine/Content/EngineSky/M_SimpleSkyDome.uasset" 2304
"../../../Engine/Content/EngineSky/M_SimpleSkyDome.uexp" 2305
"C:/Users/jhona/OneDrive/Documentos/GitHub/MotoresComerciales1-2025/MotoresComerciales/Content/Brushify/DistanceMeshes/Desert_Mountain_01/Textures/T_DesertMountains_D.ubulk" 2306
"C:/Users/jhona/OneDrive/Documentos/GitHub/MotoresComerciales1-2025/MotoresComerciales/Content/Brushify/DistanceMeshes/Desert_Mountain_01/Textures/T_DesertMountains_D.uasset" 2307
"C:/Users/jhona/OneDrive/Documentos/GitHub/MotoresComerciales1-2025/MotoresComerciales/Content/Brushify/DistanceMeshes/Desert_Mountain_01/Textures/T_DesertMountains_D.uexp" 2308
"C:/Users/jhona/OneDrive/Documentos/GitHub/MotoresComerciales1-2025/MotoresComerciales/Content/Brushify/DistanceMeshes/Desert_Mountain_01/MI_Desert_Mountain_01_DesertMountains.uasset" 2309
"C:/Users/jhona/OneDrive/Documentos/GitHub/MotoresComerciales1-2025/MotoresComerciales/Content/Brushify/DistanceMeshes/Desert_Mountain_01/MI_Desert_Mountain_01_DesertMountains.uexp" 2310
"C:/Users/jhona/OneDrive/Documentos/GitHub/MotoresComerciales1-2025/MotoresComerciales/Content/Brushify/DistanceMeshes/Desert_Mountain_01/S_Desert_Mountain_01.ubulk" 2311
"C:/Users/jhona/OneDrive/Documentos/GitHub/MotoresComerciales1-2025/MotoresComerciales/Content/Brushify/DistanceMeshes/Desert_Mountain_01/S_Desert_Mountain_01.uasset" 2312
"C:/Users/jhona/OneDrive/Documentos/GitHub/MotoresComerciales1-2025/MotoresComerciales/Content/Brushify/DistanceMeshes/Desert_Mountain_01/S_Desert_Mountain_01.uexp" 2313
"C:/Users/jhona/OneDrive/Documentos/GitHub/MotoresComerciales1-2025/MotoresComerciales/Content/Brushify/DistanceMeshes/Desert_Mountain_03/Textures/T_Desert_D.ubulk" 2314
"C:/Users/jhona/OneDrive/Documentos/GitHub/MotoresComerciales1-2025/MotoresComerciales/Content/Brushify/DistanceMeshes/Desert_Mountain_03/Textures/T_Desert_D.uasset" 2315
"C:/Users/jhona/OneDrive/Documentos/GitHub/MotoresComerciales1-2025/MotoresComerciales/Content/Brushify/DistanceMeshes/Desert_Mountain_03/Textures/T_Desert_D.uexp" 2316
"C:/Users/jhona/OneDrive/Documentos/GitHub/MotoresComerciales1-2025/MotoresComerciales/Content/Brushify/DistanceMeshes/Desert_Mountain_03/MI_Desert_Mountain_03_Desert.uasset" 2317
"C:/Users/jhona/OneDrive/Documentos/GitHub/MotoresComerciales1-2025/MotoresComerciales/Content/Brushify/DistanceMeshes/Desert_Mountain_03/MI_Desert_Mountain_03_Desert.uexp" 2318
"C:/Users/jhona/OneDrive/Documentos/GitHub/MotoresComerciales1-2025/MotoresComerciales/Content/Brushify/Meshes/Cliffs/Meshes/Desert_eyes/defaultMaterial_c809e78f3bb326f6c6536fa32702202e.ubulk" 2319
"C:/Users/jhona/OneDrive/Documentos/GitHub/MotoresComerciales1-2025/MotoresComerciales/Content/Brushify/Meshes/Cliffs/Meshes/Desert_eyes/defaultMaterial_c809e78f3bb326f6c6536fa32702202e.uasset" 2320
"C:/Users/jhona/OneDrive/Documentos/GitHub/MotoresComerciales1-2025/MotoresComerciales/Content/Brushify/Meshes/Cliffs/Meshes/Desert_eyes/defaultMaterial_c809e78f3bb326f6c6536fa32702202e.uexp" 2321
"C:/Users/jhona/OneDrive/Documentos/GitHub/MotoresComerciales1-2025/MotoresComerciales/Content/Brushify/Meshes/Cliffs/Meshes/desert_droid/defaultMaterial_a70d54e3e1b0c821878513a10f01f2d7.ubulk" 2322
"C:/Users/jhona/OneDrive/Documentos/GitHub/MotoresComerciales1-2025/MotoresComerciales/Content/Brushify/Meshes/Cliffs/Meshes/desert_droid/defaultMaterial_a70d54e3e1b0c821878513a10f01f2d7.uasset" 2323
"C:/Users/jhona/OneDrive/Documentos/GitHub/MotoresComerciales1-2025/MotoresComerciales/Content/Brushify/Meshes/Cliffs/Meshes/desert_droid/defaultMaterial_a70d54e3e1b0c821878513a10f01f2d7.uexp" 2324
"C:/Users/jhona/OneDrive/Documentos/GitHub/MotoresComerciales1-2025/MotoresComerciales/Content/Brushify/Meshes/Cliffs/Meshes/Desert_eyes/defaultMaterial_b4b0fbcd401cd19370f0e305e774d2b4.ubulk" 2325
"C:/Users/jhona/OneDrive/Documentos/GitHub/MotoresComerciales1-2025/MotoresComerciales/Content/Brushify/Meshes/Cliffs/Meshes/Desert_eyes/defaultMaterial_b4b0fbcd401cd19370f0e305e774d2b4.uasset" 2326
"C:/Users/jhona/OneDrive/Documentos/GitHub/MotoresComerciales1-2025/MotoresComerciales/Content/Brushify/Meshes/Cliffs/Meshes/Desert_eyes/defaultMaterial_b4b0fbcd401cd19370f0e305e774d2b4.uexp" 2327
"C:/Users/jhona/OneDrive/Documentos/GitHub/MotoresComerciales1-2025/MotoresComerciales/Content/Brushify/Meshes/Cliffs/Meshes/desert_ruined_building/5_low_LP_0.ubulk" 2328
"C:/Users/jhona/OneDrive/Documentos/GitHub/MotoresComerciales1-2025/MotoresComerciales/Content/Brushify/Meshes/Cliffs/Meshes/desert_ruined_building/5_low_LP_0.uasset" 2329
"C:/Users/jhona/OneDrive/Documentos/GitHub/MotoresComerciales1-2025/MotoresComerciales/Content/Brushify/Meshes/Cliffs/Meshes/desert_ruined_building/5_low_LP_0.uexp" 2330
"C:/Users/jhona/OneDrive/Documentos/GitHub/MotoresComerciales1-2025/MotoresComerciales/Content/Brushify/Meshes/Cliffs/Meshes/Desert_eyes/defaultMaterial_92f9e38d404b7ad739bae5608dbf083c.ubulk" 2331
"C:/Users/jhona/OneDrive/Documentos/GitHub/MotoresComerciales1-2025/MotoresComerciales/Content/Brushify/Meshes/Cliffs/Meshes/Desert_eyes/defaultMaterial_92f9e38d404b7ad739bae5608dbf083c.uasset" 2332
"C:/Users/jhona/OneDrive/Documentos/GitHub/MotoresComerciales1-2025/MotoresComerciales/Content/Brushify/Meshes/Cliffs/Meshes/Desert_eyes/defaultMaterial_92f9e38d404b7ad739bae5608dbf083c.uexp" 2333
"C:/Users/jhona/OneDrive/Documentos/GitHub/MotoresComerciales1-2025/MotoresComerciales/Content/Brushify/Meshes/Cliffs/Meshes/desert_frotress/desert_fortress_walkways_texture_12.ubulk" 2334
"C:/Users/jhona/OneDrive/Documentos/GitHub/MotoresComerciales1-2025/MotoresComerciales/Content/Brushify/Meshes/Cliffs/Meshes/desert_frotress/desert_fortress_walkways_texture_12.uasset" 2335
"C:/Users/jhona/OneDrive/Documentos/GitHub/MotoresComerciales1-2025/MotoresComerciales/Content/Brushify/Meshes/Cliffs/Meshes/desert_frotress/desert_fortress_walkways_texture_12.uexp" 2336
"C:/Users/jhona/OneDrive/Documentos/GitHub/MotoresComerciales1-2025/MotoresComerciales/Content/Brushify/Meshes/Cliffs/Meshes/desert_frotress/desert_fortress_walkways_texture_13.ubulk" 2337
"C:/Users/jhona/OneDrive/Documentos/GitHub/MotoresComerciales1-2025/MotoresComerciales/Content/Brushify/Meshes/Cliffs/Meshes/desert_frotress/desert_fortress_walkways_texture_13.uasset" 2338
"C:/Users/jhona/OneDrive/Documentos/GitHub/MotoresComerciales1-2025/MotoresComerciales/Content/Brushify/Meshes/Cliffs/Meshes/desert_frotress/desert_fortress_walkways_texture_13.uexp" 2339
"C:/Users/jhona/OneDrive/Documentos/GitHub/MotoresComerciales1-2025/MotoresComerciales/Content/Brushify/Meshes/Cliffs/Meshes/desert_frotress/desert_fortress_walkways_texture_14.ubulk" 2340
"C:/Users/jhona/OneDrive/Documentos/GitHub/MotoresComerciales1-2025/MotoresComerciales/Content/Brushify/Meshes/Cliffs/Meshes/desert_frotress/desert_fortress_walkways_texture_14.uasset" 2341
"C:/Users/jhona/OneDrive/Documentos/GitHub/MotoresComerciales1-2025/MotoresComerciales/Content/Brushify/Meshes/Cliffs/Meshes/desert_frotress/desert_fortress_walkways_texture_14.uexp" 2342
"C:/Users/jhona/OneDrive/Documentos/GitHub/MotoresComerciales1-2025/MotoresComerciales/Content/Brushify/Meshes/Cliffs/Meshes/desert_frotress/Structure_Source_Walkway_03.uasset" 2343
"C:/Users/jhona/OneDrive/Documentos/GitHub/MotoresComerciales1-2025/MotoresComerciales/Content/Brushify/Meshes/Cliffs/Meshes/desert_frotress/Structure_Source_Walkway_03.uexp" 2344
"C:/Users/jhona/OneDrive/Documentos/GitHub/MotoresComerciales1-2025/MotoresComerciales/Content/Brushify/Meshes/Cliffs/Meshes/desert_frotress/Walkway_03_Structure_Source_Walkway_03_0.ubulk" 2345
"C:/Users/jhona/OneDrive/Documentos/GitHub/MotoresComerciales1-2025/MotoresComerciales/Content/Brushify/Meshes/Cliffs/Meshes/desert_frotress/Walkway_03_Structure_Source_Walkway_03_0.uasset" 2346
"C:/Users/jhona/OneDrive/Documentos/GitHub/MotoresComerciales1-2025/MotoresComerciales/Content/Brushify/Meshes/Cliffs/Meshes/desert_frotress/Walkway_03_Structure_Source_Walkway_03_0.uexp" 2347
"C:/Users/jhona/OneDrive/Documentos/GitHub/MotoresComerciales1-2025/MotoresComerciales/Content/Brushify/Materials/Landscape/Textures/Forest/T_Forest_D.ubulk" 2348
"C:/Users/jhona/OneDrive/Documentos/GitHub/MotoresComerciales1-2025/MotoresComerciales/Content/Brushify/Materials/Landscape/Textures/Forest/T_Forest_D.uasset" 2349
"C:/Users/jhona/OneDrive/Documentos/GitHub/MotoresComerciales1-2025/MotoresComerciales/Content/Brushify/Materials/Landscape/Textures/Forest/T_Forest_D.uexp" 2350
"C:/Users/jhona/OneDrive/Documentos/GitHub/MotoresComerciales1-2025/MotoresComerciales/Content/Brushify/Materials/Landscape/Textures/Desert/T_Desert_N.ubulk" 2351
"C:/Users/jhona/OneDrive/Documentos/GitHub/MotoresComerciales1-2025/MotoresComerciales/Content/Brushify/Materials/Landscape/Textures/Desert/T_Desert_N.uasset" 2352
"C:/Users/jhona/OneDrive/Documentos/GitHub/MotoresComerciales1-2025/MotoresComerciales/Content/Brushify/Materials/Landscape/Textures/Desert/T_Desert_N.uexp" 2353
"C:/Users/jhona/OneDrive/Documentos/GitHub/MotoresComerciales1-2025/MotoresComerciales/Content/Brushify/Materials/Landscape/Functions/MF_LandscapeBlend.uasset" 2354
"C:/Users/jhona/OneDrive/Documentos/GitHub/MotoresComerciales1-2025/MotoresComerciales/Content/Brushify/Materials/Landscape/Functions/MF_LandscapeBlend.uexp" 2355
"../../../Engine/Content/Functions/Engine_MaterialFunctions02/Math/CreateThirdOrthogonalVector.uasset" 2356
"../../../Engine/Content/Functions/Engine_MaterialFunctions02/Math/CreateThirdOrthogonalVector.uexp" 2357
"../../../Engine/Content/Functions/Engine_MaterialFunctions02/Math/InverseTransformMatrix.uasset" 2358
"../../../Engine/Content/Functions/Engine_MaterialFunctions02/Math/InverseTransformMatrix.uexp" 2359
"../../../Engine/Content/Functions/Engine_MaterialFunctions02/Math/TransformToZVector.uasset" 2360
"../../../Engine/Content/Functions/Engine_MaterialFunctions02/Math/TransformToZVector.uexp" 2361
"../../../Engine/Content/EngineVolumetrics/Fogsheet/Materials/T_EV_BlankWhite_01.uasset" 2362
"../../../Engine/Content/EngineVolumetrics/Fogsheet/Materials/T_EV_BlankWhite_01.uexp" 2363
"C:/Users/jhona/OneDrive/Documentos/GitHub/MotoresComerciales1-2025/MotoresComerciales/Content/Brushify/Materials/Landscape/Functions/Features/MF_ParallaxOcclusionMapping.uasset" 2364
"C:/Users/jhona/OneDrive/Documentos/GitHub/MotoresComerciales1-2025/MotoresComerciales/Content/Brushify/Materials/Landscape/Functions/Features/MF_ParallaxOcclusionMapping.uexp" 2365
"C:/Users/jhona/OneDrive/Documentos/GitHub/MotoresComerciales1-2025/MotoresComerciales/Content/Brushify/Materials/Landscape/Textures/Mud/T_Mud_H.ubulk" 2366
"C:/Users/jhona/OneDrive/Documentos/GitHub/MotoresComerciales1-2025/MotoresComerciales/Content/Brushify/Materials/Landscape/Textures/Mud/T_Mud_H.uasset" 2367
"C:/Users/jhona/OneDrive/Documentos/GitHub/MotoresComerciales1-2025/MotoresComerciales/Content/Brushify/Materials/Landscape/Textures/Mud/T_Mud_H.uexp" 2368
"C:/Users/jhona/OneDrive/Documentos/GitHub/MotoresComerciales1-2025/MotoresComerciales/Content/Brushify/Materials/Landscape/Functions/Features/MF_LandscapePOM.uasset" 2369
"C:/Users/jhona/OneDrive/Documentos/GitHub/MotoresComerciales1-2025/MotoresComerciales/Content/Brushify/Materials/Landscape/Functions/Features/MF_LandscapePOM.uexp" 2370
"C:/Users/jhona/OneDrive/Documentos/GitHub/MotoresComerciales1-2025/MotoresComerciales/Content/Brushify/Materials/Landscape/Functions/MF_LandscapeTilingAndDistance.uasset" 2371
"C:/Users/jhona/OneDrive/Documentos/GitHub/MotoresComerciales1-2025/MotoresComerciales/Content/Brushify/Materials/Landscape/Functions/MF_LandscapeTilingAndDistance.uexp" 2372
"C:/Users/jhona/OneDrive/Documentos/GitHub/MotoresComerciales1-2025/MotoresComerciales/Content/Brushify/Materials/Landscape/Functions/MF_LandscapeCamera.uasset" 2373
"C:/Users/jhona/OneDrive/Documentos/GitHub/MotoresComerciales1-2025/MotoresComerciales/Content/Brushify/Materials/Landscape/Functions/MF_LandscapeCamera.uexp" 2374
"C:/Users/jhona/OneDrive/Documentos/GitHub/MotoresComerciales1-2025/MotoresComerciales/Content/Brushify/Materials/Landscape/Textures/Puddles/T_Puddles_H.ubulk" 2375
"C:/Users/jhona/OneDrive/Documentos/GitHub/MotoresComerciales1-2025/MotoresComerciales/Content/Brushify/Materials/Landscape/Textures/Puddles/T_Puddles_H.uasset" 2376
"C:/Users/jhona/OneDrive/Documentos/GitHub/MotoresComerciales1-2025/MotoresComerciales/Content/Brushify/Materials/Landscape/Textures/Puddles/T_Puddles_H.uexp" 2377
"C:/Users/jhona/OneDrive/Documentos/GitHub/MotoresComerciales1-2025/MotoresComerciales/Content/Brushify/Materials/Landscape/Materials/Mud/MF_Puddles_Height.uasset" 2378
"C:/Users/jhona/OneDrive/Documentos/GitHub/MotoresComerciales1-2025/MotoresComerciales/Content/Brushify/Materials/Landscape/Materials/Mud/MF_Puddles_Height.uexp" 2379
"C:/Users/jhona/OneDrive/Documentos/GitHub/MotoresComerciales1-2025/MotoresComerciales/Content/Brushify/Materials/Landscape/Textures/Craters/T_Crater_Detail_H.ubulk" 2380
"C:/Users/jhona/OneDrive/Documentos/GitHub/MotoresComerciales1-2025/MotoresComerciales/Content/Brushify/Materials/Landscape/Textures/Craters/T_Crater_Detail_H.uasset" 2381
"C:/Users/jhona/OneDrive/Documentos/GitHub/MotoresComerciales1-2025/MotoresComerciales/Content/Brushify/Materials/Landscape/Textures/Craters/T_Crater_Detail_H.uexp" 2382
"C:/Users/jhona/OneDrive/Documentos/GitHub/MotoresComerciales1-2025/MotoresComerciales/Content/Brushify/Materials/Landscape/Materials/Rock/MF_Craters_Height.uasset" 2383
"C:/Users/jhona/OneDrive/Documentos/GitHub/MotoresComerciales1-2025/MotoresComerciales/Content/Brushify/Materials/Landscape/Materials/Rock/MF_Craters_Height.uexp" 2384
"C:/Users/jhona/OneDrive/Documentos/GitHub/MotoresComerciales1-2025/MotoresComerciales/Content/Brushify/Materials/Landscape/Textures/Puddles/T_Puddles_N.ubulk" 2385
"C:/Users/jhona/OneDrive/Documentos/GitHub/MotoresComerciales1-2025/MotoresComerciales/Content/Brushify/Materials/Landscape/Textures/Puddles/T_Puddles_N.uasset" 2386
"C:/Users/jhona/OneDrive/Documentos/GitHub/MotoresComerciales1-2025/MotoresComerciales/Content/Brushify/Materials/Landscape/Textures/Puddles/T_Puddles_N.uexp" 2387
"C:/Users/jhona/OneDrive/Documentos/GitHub/MotoresComerciales1-2025/MotoresComerciales/Content/Brushify/Materials/Landscape/Textures/Desert/T_DesertRidges_D.ubulk" 2388
"C:/Users/jhona/OneDrive/Documentos/GitHub/MotoresComerciales1-2025/MotoresComerciales/Content/Brushify/Materials/Landscape/Textures/Desert/T_DesertRidges_D.uasset" 2389
"C:/Users/jhona/OneDrive/Documentos/GitHub/MotoresComerciales1-2025/MotoresComerciales/Content/Brushify/Materials/Landscape/Textures/Desert/T_DesertRidges_D.uexp" 2390
"C:/Users/jhona/OneDrive/Documentos/GitHub/MotoresComerciales1-2025/MotoresComerciales/Content/Brushify/Materials/Landscape/Materials/Sand/MF_DesertRidges_Normals.uasset" 2391
"C:/Users/jhona/OneDrive/Documentos/GitHub/MotoresComerciales1-2025/MotoresComerciales/Content/Brushify/Materials/Landscape/Materials/Sand/MF_DesertRidges_Normals.uexp" 2392
"C:/Users/jhona/OneDrive/Documentos/GitHub/MotoresComerciales1-2025/MotoresComerciales/Content/Brushify/Materials/Landscape/Materials/Sand/MF_DesertRidges.uasset" 2393
"C:/Users/jhona/OneDrive/Documentos/GitHub/MotoresComerciales1-2025/MotoresComerciales/Content/Brushify/Materials/Landscape/Materials/Sand/MF_DesertRidges.uexp" 2394
"C:/Users/jhona/OneDrive/Documentos/GitHub/MotoresComerciales1-2025/MotoresComerciales/Content/Brushify/Materials/Landscape/Functions/Triplanar/MF_Triplanar.uasset" 2395
"C:/Users/jhona/OneDrive/Documentos/GitHub/MotoresComerciales1-2025/MotoresComerciales/Content/Brushify/Materials/Landscape/Functions/Triplanar/MF_Triplanar.uexp" 2396
"C:/Users/jhona/OneDrive/Documentos/GitHub/MotoresComerciales1-2025/MotoresComerciales/Content/Brushify/Materials/Landscape/Textures/Forest/T_ForestDry_D.ubulk" 2397
"C:/Users/jhona/OneDrive/Documentos/GitHub/MotoresComerciales1-2025/MotoresComerciales/Content/Brushify/Materials/Landscape/Textures/Forest/T_ForestDry_D.uasset" 2398
"C:/Users/jhona/OneDrive/Documentos/GitHub/MotoresComerciales1-2025/MotoresComerciales/Content/Brushify/Materials/Landscape/Textures/Forest/T_ForestDry_D.uexp" 2399
"C:/Users/jhona/OneDrive/Documentos/GitHub/MotoresComerciales1-2025/MotoresComerciales/Content/Brushify/Materials/Landscape/Textures/Craters/T_Crater_Detail_N.ubulk" 2400
"C:/Users/jhona/OneDrive/Documentos/GitHub/MotoresComerciales1-2025/MotoresComerciales/Content/Brushify/Materials/Landscape/Textures/Craters/T_Crater_Detail_N.uasset" 2401
"C:/Users/jhona/OneDrive/Documentos/GitHub/MotoresComerciales1-2025/MotoresComerciales/Content/Brushify/Materials/Landscape/Textures/Craters/T_Crater_Detail_N.uexp" 2402
"C:/Users/jhona/OneDrive/Documentos/GitHub/MotoresComerciales1-2025/MotoresComerciales/Content/Brushify/Materials/Landscape/Textures/Craters/T_Craters_N.uasset" 2403
"C:/Users/jhona/OneDrive/Documentos/GitHub/MotoresComerciales1-2025/MotoresComerciales/Content/Brushify/Materials/Landscape/Textures/Craters/T_Craters_N.uexp" 2404
"C:/Users/jhona/OneDrive/Documentos/GitHub/MotoresComerciales1-2025/MotoresComerciales/Content/Brushify/Materials/Landscape/Materials/Rock/MF_Craters_Normals.uasset" 2405
"C:/Users/jhona/OneDrive/Documentos/GitHub/MotoresComerciales1-2025/MotoresComerciales/Content/Brushify/Materials/Landscape/Materials/Rock/MF_Craters_Normals.uexp" 2406
"C:/Users/jhona/OneDrive/Documentos/GitHub/MotoresComerciales1-2025/MotoresComerciales/Content/Brushify/Materials/Landscape/Textures/Craters/T_Craters_D.ubulk" 2407
"C:/Users/jhona/OneDrive/Documentos/GitHub/MotoresComerciales1-2025/MotoresComerciales/Content/Brushify/Materials/Landscape/Textures/Craters/T_Craters_D.uasset" 2408
"C:/Users/jhona/OneDrive/Documentos/GitHub/MotoresComerciales1-2025/MotoresComerciales/Content/Brushify/Materials/Landscape/Textures/Craters/T_Craters_D.uexp" 2409
"C:/Users/jhona/OneDrive/Documentos/GitHub/MotoresComerciales1-2025/MotoresComerciales/Content/Brushify/Materials/Landscape/Textures/Craters/T_Crater_Detail_D.ubulk" 2410
"C:/Users/jhona/OneDrive/Documentos/GitHub/MotoresComerciales1-2025/MotoresComerciales/Content/Brushify/Materials/Landscape/Textures/Craters/T_Crater_Detail_D.uasset" 2411
"C:/Users/jhona/OneDrive/Documentos/GitHub/MotoresComerciales1-2025/MotoresComerciales/Content/Brushify/Materials/Landscape/Textures/Craters/T_Crater_Detail_D.uexp" 2412
"C:/Users/jhona/OneDrive/Documentos/GitHub/MotoresComerciales1-2025/MotoresComerciales/Content/Brushify/Materials/Landscape/Materials/Rock/MF_Craters.uasset" 2413
"C:/Users/jhona/OneDrive/Documentos/GitHub/MotoresComerciales1-2025/MotoresComerciales/Content/Brushify/Materials/Landscape/Materials/Rock/MF_Craters.uexp" 2414
"C:/Users/jhona/OneDrive/Documentos/GitHub/MotoresComerciales1-2025/MotoresComerciales/Content/Brushify/Materials/Landscape/Textures/Mud/T_MudDistance_D.ubulk" 2415
"C:/Users/jhona/OneDrive/Documentos/GitHub/MotoresComerciales1-2025/MotoresComerciales/Content/Brushify/Materials/Landscape/Textures/Mud/T_MudDistance_D.uasset" 2416
"C:/Users/jhona/OneDrive/Documentos/GitHub/MotoresComerciales1-2025/MotoresComerciales/Content/Brushify/Materials/Landscape/Textures/Mud/T_MudDistance_D.uexp" 2417
"C:/Users/jhona/OneDrive/Documentos/GitHub/MotoresComerciales1-2025/MotoresComerciales/Content/Brushify/Materials/Landscape/Textures/Grass/T_GrassDry_D.ubulk" 2418
"C:/Users/jhona/OneDrive/Documentos/GitHub/MotoresComerciales1-2025/MotoresComerciales/Content/Brushify/Materials/Landscape/Textures/Grass/T_GrassDry_D.uasset" 2419
"C:/Users/jhona/OneDrive/Documentos/GitHub/MotoresComerciales1-2025/MotoresComerciales/Content/Brushify/Materials/Landscape/Textures/Grass/T_GrassDry_D.uexp" 2420
"C:/Users/jhona/OneDrive/Documentos/GitHub/MotoresComerciales1-2025/MotoresComerciales/Content/Brushify/Materials/Landscape/Textures/Mud/T_MudDistance_R.ubulk" 2421
"C:/Users/jhona/OneDrive/Documentos/GitHub/MotoresComerciales1-2025/MotoresComerciales/Content/Brushify/Materials/Landscape/Textures/Mud/T_MudDistance_R.uasset" 2422
"C:/Users/jhona/OneDrive/Documentos/GitHub/MotoresComerciales1-2025/MotoresComerciales/Content/Brushify/Materials/Landscape/Textures/Mud/T_MudDistance_R.uexp" 2423
"C:/Users/jhona/OneDrive/Documentos/GitHub/MotoresComerciales1-2025/MotoresComerciales/Content/Brushify/Materials/Landscape/Textures/Puddles/T_Puddles_R.ubulk" 2424
"C:/Users/jhona/OneDrive/Documentos/GitHub/MotoresComerciales1-2025/MotoresComerciales/Content/Brushify/Materials/Landscape/Textures/Puddles/T_Puddles_R.uasset" 2425
"C:/Users/jhona/OneDrive/Documentos/GitHub/MotoresComerciales1-2025/MotoresComerciales/Content/Brushify/Materials/Landscape/Textures/Puddles/T_Puddles_R.uexp" 2426
"C:/Users/jhona/OneDrive/Documentos/GitHub/MotoresComerciales1-2025/MotoresComerciales/Content/Brushify/Materials/Landscape/Materials/Mud/MF_Puddles_Roughness.uasset" 2427
"C:/Users/jhona/OneDrive/Documentos/GitHub/MotoresComerciales1-2025/MotoresComerciales/Content/Brushify/Materials/Landscape/Materials/Mud/MF_Puddles_Roughness.uexp" 2428
"C:/Users/jhona/OneDrive/Documentos/GitHub/MotoresComerciales1-2025/MotoresComerciales/Content/Brushify/Materials/Landscape/Textures/Grass/T_Grass_Detail_H.uasset" 2429
"C:/Users/jhona/OneDrive/Documentos/GitHub/MotoresComerciales1-2025/MotoresComerciales/Content/Brushify/Materials/Landscape/Textures/Grass/T_Grass_Detail_H.uexp" 2430
"C:/Users/jhona/OneDrive/Documentos/GitHub/MotoresComerciales1-2025/MotoresComerciales/Content/Brushify/Materials/Landscape/Textures/Snow/T_Snow_H.ubulk" 2431
"C:/Users/jhona/OneDrive/Documentos/GitHub/MotoresComerciales1-2025/MotoresComerciales/Content/Brushify/Materials/Landscape/Textures/Snow/T_Snow_H.uasset" 2432
"C:/Users/jhona/OneDrive/Documentos/GitHub/MotoresComerciales1-2025/MotoresComerciales/Content/Brushify/Materials/Landscape/Textures/Snow/T_Snow_H.uexp" 2433
"C:/Users/jhona/OneDrive/Documentos/GitHub/MotoresComerciales1-2025/MotoresComerciales/Content/Brushify/Materials/Landscape/Textures/Grass/T_Grass_N.ubulk" 2434
"C:/Users/jhona/OneDrive/Documentos/GitHub/MotoresComerciales1-2025/MotoresComerciales/Content/Brushify/Materials/Landscape/Textures/Grass/T_Grass_N.uasset" 2435
"C:/Users/jhona/OneDrive/Documentos/GitHub/MotoresComerciales1-2025/MotoresComerciales/Content/Brushify/Materials/Landscape/Textures/Grass/T_Grass_N.uexp" 2436
"C:/Users/jhona/OneDrive/Documentos/GitHub/MotoresComerciales1-2025/MotoresComerciales/Content/Brushify/Materials/Landscape/Textures/T_MacroVariation.uasset" 2437
"C:/Users/jhona/OneDrive/Documentos/GitHub/MotoresComerciales1-2025/MotoresComerciales/Content/Brushify/Materials/Landscape/Textures/T_MacroVariation.uexp" 2438
"C:/Users/jhona/OneDrive/Documentos/GitHub/MotoresComerciales1-2025/MotoresComerciales/Content/Brushify/Materials/Landscape/Functions/Features/MF_ReduceTiling.uasset" 2439
"C:/Users/jhona/OneDrive/Documentos/GitHub/MotoresComerciales1-2025/MotoresComerciales/Content/Brushify/Materials/Landscape/Functions/Features/MF_ReduceTiling.uexp" 2440
"C:/Users/jhona/OneDrive/Documentos/GitHub/MotoresComerciales1-2025/MotoresComerciales/Content/Brushify/Materials/Landscape/Textures/Grass/T_GrassDry_N.ubulk" 2441
"C:/Users/jhona/OneDrive/Documentos/GitHub/MotoresComerciales1-2025/MotoresComerciales/Content/Brushify/Materials/Landscape/Textures/Grass/T_GrassDry_N.uasset" 2442
"C:/Users/jhona/OneDrive/Documentos/GitHub/MotoresComerciales1-2025/MotoresComerciales/Content/Brushify/Materials/Landscape/Textures/Grass/T_GrassDry_N.uexp" 2443
"C:/Users/jhona/OneDrive/Documentos/GitHub/MotoresComerciales1-2025/MotoresComerciales/Content/Brushify/Materials/Landscape/Materials/Grass/MF_GrassDry_Normals.uasset" 2444
"C:/Users/jhona/OneDrive/Documentos/GitHub/MotoresComerciales1-2025/MotoresComerciales/Content/Brushify/Materials/Landscape/Materials/Grass/MF_GrassDry_Normals.uexp" 2445
"C:/Users/jhona/OneDrive/Documentos/GitHub/MotoresComerciales1-2025/MotoresComerciales/Content/Brushify/Materials/Landscape/Materials/Grass/MF_GrassDry.uasset" 2446
"C:/Users/jhona/OneDrive/Documentos/GitHub/MotoresComerciales1-2025/MotoresComerciales/Content/Brushify/Materials/Landscape/Materials/Grass/MF_GrassDry.uexp" 2447
"C:/Users/jhona/OneDrive/Documentos/GitHub/MotoresComerciales1-2025/MotoresComerciales/Content/Brushify/Materials/Landscape/Textures/Beach/T_Beach_N.ubulk" 2448
"C:/Users/jhona/OneDrive/Documentos/GitHub/MotoresComerciales1-2025/MotoresComerciales/Content/Brushify/Materials/Landscape/Textures/Beach/T_Beach_N.uasset" 2449
"C:/Users/jhona/OneDrive/Documentos/GitHub/MotoresComerciales1-2025/MotoresComerciales/Content/Brushify/Materials/Landscape/Textures/Beach/T_Beach_N.uexp" 2450
"C:/Users/jhona/OneDrive/Documentos/GitHub/MotoresComerciales1-2025/MotoresComerciales/Content/Brushify/Materials/Landscape/Textures/Rock/T_Rock_D.ubulk" 2451
"C:/Users/jhona/OneDrive/Documentos/GitHub/MotoresComerciales1-2025/MotoresComerciales/Content/Brushify/Materials/Landscape/Textures/Rock/T_Rock_D.uasset" 2452
"C:/Users/jhona/OneDrive/Documentos/GitHub/MotoresComerciales1-2025/MotoresComerciales/Content/Brushify/Materials/Landscape/Textures/Rock/T_Rock_D.uexp" 2453
"C:/Users/jhona/OneDrive/Documentos/GitHub/MotoresComerciales1-2025/MotoresComerciales/Content/Brushify/Materials/Landscape/Functions/Features/MF_Flowmaps.uasset" 2454
"C:/Users/jhona/OneDrive/Documentos/GitHub/MotoresComerciales1-2025/MotoresComerciales/Content/Brushify/Materials/Landscape/Functions/Features/MF_Flowmaps.uexp" 2455
"C:/Users/jhona/OneDrive/Documentos/GitHub/MotoresComerciales1-2025/MotoresComerciales/Content/Brushify/Materials/Landscape/Textures/Desert/T_DesertRock_DetailN.ubulk" 2456
"C:/Users/jhona/OneDrive/Documentos/GitHub/MotoresComerciales1-2025/MotoresComerciales/Content/Brushify/Materials/Landscape/Textures/Desert/T_DesertRock_DetailN.uasset" 2457
"C:/Users/jhona/OneDrive/Documentos/GitHub/MotoresComerciales1-2025/MotoresComerciales/Content/Brushify/Materials/Landscape/Textures/Desert/T_DesertRock_DetailN.uexp" 2458
"C:/Users/jhona/OneDrive/Documentos/GitHub/MotoresComerciales1-2025/MotoresComerciales/Content/Brushify/Materials/Landscape/Textures/T_DefaultBlack_D.ubulk" 2459
"C:/Users/jhona/OneDrive/Documentos/GitHub/MotoresComerciales1-2025/MotoresComerciales/Content/Brushify/Materials/Landscape/Textures/T_DefaultBlack_D.uasset" 2460
"C:/Users/jhona/OneDrive/Documentos/GitHub/MotoresComerciales1-2025/MotoresComerciales/Content/Brushify/Materials/Landscape/Textures/T_DefaultBlack_D.uexp" 2461
"C:/Users/jhona/OneDrive/Documentos/GitHub/MotoresComerciales1-2025/MotoresComerciales/Content/Brushify/Materials/Landscape/Textures/Desert/T_DesertRock_Detail_H.ubulk" 2462
"C:/Users/jhona/OneDrive/Documentos/GitHub/MotoresComerciales1-2025/MotoresComerciales/Content/Brushify/Materials/Landscape/Textures/Desert/T_DesertRock_Detail_H.uasset" 2463
"C:/Users/jhona/OneDrive/Documentos/GitHub/MotoresComerciales1-2025/MotoresComerciales/Content/Brushify/Materials/Landscape/Textures/Desert/T_DesertRock_Detail_H.uexp" 2464
"C:/Users/jhona/OneDrive/Documentos/GitHub/MotoresComerciales1-2025/MotoresComerciales/Content/Brushify/Materials/Landscape/Materials/Sand/MF_Desert_Height.uasset" 2465
"C:/Users/jhona/OneDrive/Documentos/GitHub/MotoresComerciales1-2025/MotoresComerciales/Content/Brushify/Materials/Landscape/Materials/Sand/MF_Desert_Height.uexp" 2466
"C:/Users/jhona/OneDrive/Documentos/GitHub/MotoresComerciales1-2025/MotoresComerciales/Content/Brushify/Materials/Landscape/Materials/Sand/MF_Desert_Normals.uasset" 2467
"C:/Users/jhona/OneDrive/Documentos/GitHub/MotoresComerciales1-2025/MotoresComerciales/Content/Brushify/Materials/Landscape/Materials/Sand/MF_Desert_Normals.uexp" 2468
"C:/Users/jhona/OneDrive/Documentos/GitHub/MotoresComerciales1-2025/MotoresComerciales/Content/Brushify/Materials/Landscape/Functions/General/MF_CheapContrast.uasset" 2469
"C:/Users/jhona/OneDrive/Documentos/GitHub/MotoresComerciales1-2025/MotoresComerciales/Content/Brushify/Materials/Landscape/Functions/General/MF_CheapContrast.uexp" 2470
"C:/Users/jhona/OneDrive/Documentos/GitHub/MotoresComerciales1-2025/MotoresComerciales/Content/Brushify/Materials/Landscape/Textures/Rock/T_RockMacro_N.ubulk" 2471
"C:/Users/jhona/OneDrive/Documentos/GitHub/MotoresComerciales1-2025/MotoresComerciales/Content/Brushify/Materials/Landscape/Textures/Rock/T_RockMacro_N.uasset" 2472
"C:/Users/jhona/OneDrive/Documentos/GitHub/MotoresComerciales1-2025/MotoresComerciales/Content/Brushify/Materials/Landscape/Textures/Rock/T_RockMacro_N.uexp" 2473
"C:/Users/jhona/OneDrive/Documentos/GitHub/MotoresComerciales1-2025/MotoresComerciales/Content/Brushify/Materials/Landscape/Textures/Snow/T_Snow_N.ubulk" 2474
"C:/Users/jhona/OneDrive/Documentos/GitHub/MotoresComerciales1-2025/MotoresComerciales/Content/Brushify/Materials/Landscape/Textures/Snow/T_Snow_N.uasset" 2475
"C:/Users/jhona/OneDrive/Documentos/GitHub/MotoresComerciales1-2025/MotoresComerciales/Content/Brushify/Materials/Landscape/Textures/Snow/T_Snow_N.uexp" 2476
"C:/Users/jhona/OneDrive/Documentos/GitHub/MotoresComerciales1-2025/MotoresComerciales/Content/Brushify/Materials/Landscape/Materials/Snow/MF_Snow_Height.uasset" 2477
"C:/Users/jhona/OneDrive/Documentos/GitHub/MotoresComerciales1-2025/MotoresComerciales/Content/Brushify/Materials/Landscape/Materials/Snow/MF_Snow_Height.uexp" 2478
"C:/Users/jhona/OneDrive/Documentos/GitHub/MotoresComerciales1-2025/MotoresComerciales/Content/Brushify/Materials/Landscape/Materials/Snow/MF_RockSnow_Normals.uasset" 2479
"C:/Users/jhona/OneDrive/Documentos/GitHub/MotoresComerciales1-2025/MotoresComerciales/Content/Brushify/Materials/Landscape/Materials/Snow/MF_RockSnow_Normals.uexp" 2480
"C:/Users/jhona/OneDrive/Documentos/GitHub/MotoresComerciales1-2025/MotoresComerciales/Content/Brushify/Materials/Landscape/Materials/Snow/MF_RockSnow.uasset" 2481
"C:/Users/jhona/OneDrive/Documentos/GitHub/MotoresComerciales1-2025/MotoresComerciales/Content/Brushify/Materials/Landscape/Materials/Snow/MF_RockSnow.uexp" 2482
"C:/Users/jhona/OneDrive/Documentos/GitHub/MotoresComerciales1-2025/MotoresComerciales/Content/Brushify/Materials/Landscape/Textures/Forest/T_Forest_Detail_H.ubulk" 2483
"C:/Users/jhona/OneDrive/Documentos/GitHub/MotoresComerciales1-2025/MotoresComerciales/Content/Brushify/Materials/Landscape/Textures/Forest/T_Forest_Detail_H.uasset" 2484
"C:/Users/jhona/OneDrive/Documentos/GitHub/MotoresComerciales1-2025/MotoresComerciales/Content/Brushify/Materials/Landscape/Textures/Forest/T_Forest_Detail_H.uexp" 2485
"C:/Users/jhona/OneDrive/Documentos/GitHub/MotoresComerciales1-2025/MotoresComerciales/Content/Brushify/Materials/Landscape/Textures/Puddles/T_Puddles_D.ubulk" 2486
"C:/Users/jhona/OneDrive/Documentos/GitHub/MotoresComerciales1-2025/MotoresComerciales/Content/Brushify/Materials/Landscape/Textures/Puddles/T_Puddles_D.uasset" 2487
"C:/Users/jhona/OneDrive/Documentos/GitHub/MotoresComerciales1-2025/MotoresComerciales/Content/Brushify/Materials/Landscape/Textures/Puddles/T_Puddles_D.uexp" 2488
"C:/Users/jhona/OneDrive/Documentos/GitHub/MotoresComerciales1-2025/MotoresComerciales/Content/Brushify/Materials/Landscape/Materials/Grass/MF_Forest_Height.uasset" 2489
"C:/Users/jhona/OneDrive/Documentos/GitHub/MotoresComerciales1-2025/MotoresComerciales/Content/Brushify/Materials/Landscape/Materials/Grass/MF_Forest_Height.uexp" 2490
"C:/Users/jhona/OneDrive/Documentos/GitHub/MotoresComerciales1-2025/MotoresComerciales/Content/Brushify/Materials/Landscape/Textures/Mud/T_Mud_R.ubulk" 2491
"C:/Users/jhona/OneDrive/Documentos/GitHub/MotoresComerciales1-2025/MotoresComerciales/Content/Brushify/Materials/Landscape/Textures/Mud/T_Mud_R.uasset" 2492
"C:/Users/jhona/OneDrive/Documentos/GitHub/MotoresComerciales1-2025/MotoresComerciales/Content/Brushify/Materials/Landscape/Textures/Mud/T_Mud_R.uexp" 2493
"../../../Engine/Content/Functions/Engine_MaterialFunctions03/Blends/Blend_ColorBurn.uasset" 2494
"../../../Engine/Content/Functions/Engine_MaterialFunctions03/Blends/Blend_ColorBurn.uexp" 2495
"C:/Users/jhona/OneDrive/Documentos/GitHub/MotoresComerciales1-2025/MotoresComerciales/Content/Brushify/Materials/Landscape/Functions/General/MF_DerivePBR.uasset" 2496
"C:/Users/jhona/OneDrive/Documentos/GitHub/MotoresComerciales1-2025/MotoresComerciales/Content/Brushify/Materials/Landscape/Functions/General/MF_DerivePBR.uexp" 2497
"C:/Users/jhona/OneDrive/Documentos/GitHub/MotoresComerciales1-2025/MotoresComerciales/Content/Brushify/Materials/Landscape/Textures/Desert/T_Desert_D.ubulk" 2498
"C:/Users/jhona/OneDrive/Documentos/GitHub/MotoresComerciales1-2025/MotoresComerciales/Content/Brushify/Materials/Landscape/Textures/Desert/T_Desert_D.uasset" 2499
"C:/Users/jhona/OneDrive/Documentos/GitHub/MotoresComerciales1-2025/MotoresComerciales/Content/Brushify/Materials/Landscape/Textures/Desert/T_Desert_D.uexp" 2500
"C:/Users/jhona/OneDrive/Documentos/GitHub/MotoresComerciales1-2025/MotoresComerciales/Content/Brushify/Materials/Landscape/Textures/Desert/T_DesertRock_Detail_D.ubulk" 2501
"C:/Users/jhona/OneDrive/Documentos/GitHub/MotoresComerciales1-2025/MotoresComerciales/Content/Brushify/Materials/Landscape/Textures/Desert/T_DesertRock_Detail_D.uasset" 2502
"C:/Users/jhona/OneDrive/Documentos/GitHub/MotoresComerciales1-2025/MotoresComerciales/Content/Brushify/Materials/Landscape/Textures/Desert/T_DesertRock_Detail_D.uexp" 2503
"C:/Users/jhona/OneDrive/Documentos/GitHub/MotoresComerciales1-2025/MotoresComerciales/Content/Brushify/Materials/Landscape/Materials/Sand/MF_Desert.uasset" 2504
"C:/Users/jhona/OneDrive/Documentos/GitHub/MotoresComerciales1-2025/MotoresComerciales/Content/Brushify/Materials/Landscape/Materials/Sand/MF_Desert.uexp" 2505
"C:/Users/jhona/OneDrive/Documentos/GitHub/MotoresComerciales1-2025/MotoresComerciales/Content/Brushify/Materials/Landscape/Materials/Sand/MF_Beach_Normals.uasset" 2506
"C:/Users/jhona/OneDrive/Documentos/GitHub/MotoresComerciales1-2025/MotoresComerciales/Content/Brushify/Materials/Landscape/Materials/Sand/MF_Beach_Normals.uexp" 2507
"C:/Users/jhona/OneDrive/Documentos/GitHub/MotoresComerciales1-2025/MotoresComerciales/Content/Brushify/Materials/Landscape/Materials/Mud/MF_Puddles_Normals.uasset" 2508
"C:/Users/jhona/OneDrive/Documentos/GitHub/MotoresComerciales1-2025/MotoresComerciales/Content/Brushify/Materials/Landscape/Materials/Mud/MF_Puddles_Normals.uexp" 2509
"C:/Users/jhona/OneDrive/Documentos/GitHub/MotoresComerciales1-2025/MotoresComerciales/Content/Brushify/Materials/Landscape/Textures/Forest/T_Forest_N.ubulk" 2510
"C:/Users/jhona/OneDrive/Documentos/GitHub/MotoresComerciales1-2025/MotoresComerciales/Content/Brushify/Materials/Landscape/Textures/Forest/T_Forest_N.uasset" 2511
"C:/Users/jhona/OneDrive/Documentos/GitHub/MotoresComerciales1-2025/MotoresComerciales/Content/Brushify/Materials/Landscape/Textures/Forest/T_Forest_N.uexp" 2512
"C:/Users/jhona/OneDrive/Documentos/GitHub/MotoresComerciales1-2025/MotoresComerciales/Content/Brushify/Materials/Landscape/Textures/Dunes/T_Dunes_H.ubulk" 2513
"C:/Users/jhona/OneDrive/Documentos/GitHub/MotoresComerciales1-2025/MotoresComerciales/Content/Brushify/Materials/Landscape/Textures/Dunes/T_Dunes_H.uasset" 2514
"C:/Users/jhona/OneDrive/Documentos/GitHub/MotoresComerciales1-2025/MotoresComerciales/Content/Brushify/Materials/Landscape/Textures/Dunes/T_Dunes_H.uexp" 2515
"C:/Users/jhona/OneDrive/Documentos/GitHub/MotoresComerciales1-2025/MotoresComerciales/Content/Brushify/Materials/Landscape/Materials/Rock/MF_CratersLight.uasset" 2516
"C:/Users/jhona/OneDrive/Documentos/GitHub/MotoresComerciales1-2025/MotoresComerciales/Content/Brushify/Materials/Landscape/Materials/Rock/MF_CratersLight.uexp" 2517
"C:/Users/jhona/OneDrive/Documentos/GitHub/MotoresComerciales1-2025/MotoresComerciales/Content/Brushify/Materials/Landscape/Textures/Forest/T_Forest_Detail_Dry_D.ubulk" 2518
"C:/Users/jhona/OneDrive/Documentos/GitHub/MotoresComerciales1-2025/MotoresComerciales/Content/Brushify/Materials/Landscape/Textures/Forest/T_Forest_Detail_Dry_D.uasset" 2519
"C:/Users/jhona/OneDrive/Documentos/GitHub/MotoresComerciales1-2025/MotoresComerciales/Content/Brushify/Materials/Landscape/Textures/Forest/T_Forest_Detail_Dry_D.uexp" 2520
"C:/Users/jhona/OneDrive/Documentos/GitHub/MotoresComerciales1-2025/MotoresComerciales/Content/Brushify/Materials/Landscape/Textures/Grass/T_GrassDry_Detail_H.ubulk" 2521
"C:/Users/jhona/OneDrive/Documentos/GitHub/MotoresComerciales1-2025/MotoresComerciales/Content/Brushify/Materials/Landscape/Textures/Grass/T_GrassDry_Detail_H.uasset" 2522
"C:/Users/jhona/OneDrive/Documentos/GitHub/MotoresComerciales1-2025/MotoresComerciales/Content/Brushify/Materials/Landscape/Textures/Grass/T_GrassDry_Detail_H.uexp" 2523
"C:/Users/jhona/OneDrive/Documentos/GitHub/MotoresComerciales1-2025/MotoresComerciales/Content/Brushify/Materials/Landscape/Materials/Mud/MF_Mud_Height.uasset" 2524
"C:/Users/jhona/OneDrive/Documentos/GitHub/MotoresComerciales1-2025/MotoresComerciales/Content/Brushify/Materials/Landscape/Materials/Mud/MF_Mud_Height.uexp" 2525
"C:/Users/jhona/OneDrive/Documentos/GitHub/MotoresComerciales1-2025/MotoresComerciales/Content/Brushify/Materials/Landscape/Materials/MF_Noise.uasset" 2526
"C:/Users/jhona/OneDrive/Documentos/GitHub/MotoresComerciales1-2025/MotoresComerciales/Content/Brushify/Materials/Landscape/Materials/MF_Noise.uexp" 2527
"C:/Users/jhona/OneDrive/Documentos/GitHub/MotoresComerciales1-2025/MotoresComerciales/Content/Brushify/Materials/Landscape/Materials/Mud/MF_Puddles.uasset" 2528
"C:/Users/jhona/OneDrive/Documentos/GitHub/MotoresComerciales1-2025/MotoresComerciales/Content/Brushify/Materials/Landscape/Materials/Mud/MF_Puddles.uexp" 2529
"C:/Users/jhona/OneDrive/Documentos/GitHub/MotoresComerciales1-2025/MotoresComerciales/Content/Brushify/Materials/Landscape/Textures/Beach/T_Beach_D.ubulk" 2530
"C:/Users/jhona/OneDrive/Documentos/GitHub/MotoresComerciales1-2025/MotoresComerciales/Content/Brushify/Materials/Landscape/Textures/Beach/T_Beach_D.uasset" 2531
"C:/Users/jhona/OneDrive/Documentos/GitHub/MotoresComerciales1-2025/MotoresComerciales/Content/Brushify/Materials/Landscape/Textures/Beach/T_Beach_D.uexp" 2532
"C:/Users/jhona/OneDrive/Documentos/GitHub/MotoresComerciales1-2025/MotoresComerciales/Content/Brushify/Materials/Landscape/Materials/Sand/MF_Beach.uasset" 2533
"C:/Users/jhona/OneDrive/Documentos/GitHub/MotoresComerciales1-2025/MotoresComerciales/Content/Brushify/Materials/Landscape/Materials/Sand/MF_Beach.uexp" 2534
"C:/Users/jhona/OneDrive/Documentos/GitHub/MotoresComerciales1-2025/MotoresComerciales/Content/Brushify/Materials/Landscape/Textures/Cliffs/T_CliffSurface_H.ubulk" 2535
"C:/Users/jhona/OneDrive/Documentos/GitHub/MotoresComerciales1-2025/MotoresComerciales/Content/Brushify/Materials/Landscape/Textures/Cliffs/T_CliffSurface_H.uasset" 2536
"C:/Users/jhona/OneDrive/Documentos/GitHub/MotoresComerciales1-2025/MotoresComerciales/Content/Brushify/Materials/Landscape/Textures/Cliffs/T_CliffSurface_H.uexp" 2537
"C:/Users/jhona/OneDrive/Documentos/GitHub/MotoresComerciales1-2025/MotoresComerciales/Content/Brushify/Materials/Landscape/Materials/Rock/MF_Rock_Height.uasset" 2538
"C:/Users/jhona/OneDrive/Documentos/GitHub/MotoresComerciales1-2025/MotoresComerciales/Content/Brushify/Materials/Landscape/Materials/Rock/MF_Rock_Height.uexp" 2539
"C:/Users/jhona/OneDrive/Documentos/GitHub/MotoresComerciales1-2025/MotoresComerciales/Content/Brushify/Materials/Landscape/Functions/Triplanar/MF_Triplanar_Normals.uasset" 2540
"C:/Users/jhona/OneDrive/Documentos/GitHub/MotoresComerciales1-2025/MotoresComerciales/Content/Brushify/Materials/Landscape/Functions/Triplanar/MF_Triplanar_Normals.uexp" 2541
"C:/Users/jhona/OneDrive/Documentos/GitHub/MotoresComerciales1-2025/MotoresComerciales/Content/Brushify/Materials/Landscape/Functions/General/MF_FlipNormals.uasset" 2542
"C:/Users/jhona/OneDrive/Documentos/GitHub/MotoresComerciales1-2025/MotoresComerciales/Content/Brushify/Materials/Landscape/Functions/General/MF_FlipNormals.uexp" 2543
"C:/Users/jhona/OneDrive/Documentos/GitHub/MotoresComerciales1-2025/MotoresComerciales/Content/Brushify/Materials/Landscape/Materials/Rock/MF_Rock_Normals.uasset" 2544
"C:/Users/jhona/OneDrive/Documentos/GitHub/MotoresComerciales1-2025/MotoresComerciales/Content/Brushify/Materials/Landscape/Materials/Rock/MF_Rock_Normals.uexp" 2545
"C:/Users/jhona/OneDrive/Documentos/GitHub/MotoresComerciales1-2025/MotoresComerciales/Content/Brushify/Materials/Landscape/Materials/Rock/MF_Rock.uasset" 2546
"C:/Users/jhona/OneDrive/Documentos/GitHub/MotoresComerciales1-2025/MotoresComerciales/Content/Brushify/Materials/Landscape/Materials/Rock/MF_Rock.uexp" 2547
"C:/Users/jhona/OneDrive/Documentos/GitHub/MotoresComerciales1-2025/MotoresComerciales/Content/Brushify/Materials/Landscape/Textures/Forest/T_Forest_Detail_D.ubulk" 2548
"C:/Users/jhona/OneDrive/Documentos/GitHub/MotoresComerciales1-2025/MotoresComerciales/Content/Brushify/Materials/Landscape/Textures/Forest/T_Forest_Detail_D.uasset" 2549
"C:/Users/jhona/OneDrive/Documentos/GitHub/MotoresComerciales1-2025/MotoresComerciales/Content/Brushify/Materials/Landscape/Textures/Forest/T_Forest_Detail_D.uexp" 2550
"C:/Users/jhona/OneDrive/Documentos/GitHub/MotoresComerciales1-2025/MotoresComerciales/Content/Brushify/Materials/Landscape/Textures/Forest/T_Forest_Detail_N.ubulk" 2551
"C:/Users/jhona/OneDrive/Documentos/GitHub/MotoresComerciales1-2025/MotoresComerciales/Content/Brushify/Materials/Landscape/Textures/Forest/T_Forest_Detail_N.uasset" 2552
"C:/Users/jhona/OneDrive/Documentos/GitHub/MotoresComerciales1-2025/MotoresComerciales/Content/Brushify/Materials/Landscape/Textures/Forest/T_Forest_Detail_N.uexp" 2553
"C:/Users/jhona/OneDrive/Documentos/GitHub/MotoresComerciales1-2025/MotoresComerciales/Content/Brushify/Materials/Landscape/Materials/Grass/MF_Forest_Normals.uasset" 2554
"C:/Users/jhona/OneDrive/Documentos/GitHub/MotoresComerciales1-2025/MotoresComerciales/Content/Brushify/Materials/Landscape/Materials/Grass/MF_Forest_Normals.uexp" 2555
"C:/Users/jhona/OneDrive/Documentos/GitHub/MotoresComerciales1-2025/MotoresComerciales/Content/Brushify/Materials/Landscape/Materials/Grass/MF_Forest.uasset" 2556
"C:/Users/jhona/OneDrive/Documentos/GitHub/MotoresComerciales1-2025/MotoresComerciales/Content/Brushify/Materials/Landscape/Materials/Grass/MF_Forest.uexp" 2557
"C:/Users/jhona/OneDrive/Documentos/GitHub/MotoresComerciales1-2025/MotoresComerciales/Content/Brushify/Materials/Landscape/Textures/Grass/T_Grass_Detail_N.ubulk" 2558
"C:/Users/jhona/OneDrive/Documentos/GitHub/MotoresComerciales1-2025/MotoresComerciales/Content/Brushify/Materials/Landscape/Textures/Grass/T_Grass_Detail_N.uasset" 2559
"C:/Users/jhona/OneDrive/Documentos/GitHub/MotoresComerciales1-2025/MotoresComerciales/Content/Brushify/Materials/Landscape/Textures/Grass/T_Grass_Detail_N.uexp" 2560
"C:/Users/jhona/OneDrive/Documentos/GitHub/MotoresComerciales1-2025/MotoresComerciales/Content/Brushify/Materials/Landscape/Materials/Grass/MF_Grass_Normals.uasset" 2561
"C:/Users/jhona/OneDrive/Documentos/GitHub/MotoresComerciales1-2025/MotoresComerciales/Content/Brushify/Materials/Landscape/Materials/Grass/MF_Grass_Normals.uexp" 2562
"C:/Users/jhona/OneDrive/Documentos/GitHub/MotoresComerciales1-2025/MotoresComerciales/Content/Brushify/Materials/Landscape/Textures/Grass/T_Grass_Detail_D.uasset" 2563
"C:/Users/jhona/OneDrive/Documentos/GitHub/MotoresComerciales1-2025/MotoresComerciales/Content/Brushify/Materials/Landscape/Textures/Grass/T_Grass_Detail_D.uexp" 2564
"C:/Users/jhona/OneDrive/Documentos/GitHub/MotoresComerciales1-2025/MotoresComerciales/Content/Brushify/Materials/Landscape/Materials/Grass/MF_Grass.uasset" 2565
"C:/Users/jhona/OneDrive/Documentos/GitHub/MotoresComerciales1-2025/MotoresComerciales/Content/Brushify/Materials/Landscape/Materials/Grass/MF_Grass.uexp" 2566
"C:/Users/jhona/OneDrive/Documentos/GitHub/MotoresComerciales1-2025/MotoresComerciales/Content/Brushify/Materials/Landscape/Materials/Mud/MF_Mud_Normals.uasset" 2567
"C:/Users/jhona/OneDrive/Documentos/GitHub/MotoresComerciales1-2025/MotoresComerciales/Content/Brushify/Materials/Landscape/Materials/Mud/MF_Mud_Normals.uexp" 2568
"C:/Users/jhona/OneDrive/Documentos/GitHub/MotoresComerciales1-2025/MotoresComerciales/Content/Brushify/Materials/Landscape/Materials/Mud/MF_Mud_Roughness.uasset" 2569
"C:/Users/jhona/OneDrive/Documentos/GitHub/MotoresComerciales1-2025/MotoresComerciales/Content/Brushify/Materials/Landscape/Materials/Mud/MF_Mud_Roughness.uexp" 2570
"C:/Users/jhona/OneDrive/Documentos/GitHub/MotoresComerciales1-2025/MotoresComerciales/Content/Brushify/Materials/Landscape/Materials/Mud/MF_Mud.uasset" 2571
"C:/Users/jhona/OneDrive/Documentos/GitHub/MotoresComerciales1-2025/MotoresComerciales/Content/Brushify/Materials/Landscape/Materials/Mud/MF_Mud.uexp" 2572
"C:/Users/jhona/OneDrive/Documentos/GitHub/MotoresComerciales1-2025/MotoresComerciales/Content/Brushify/Materials/Landscape/Materials/Sand/MF_CoastRock.uasset" 2573
"C:/Users/jhona/OneDrive/Documentos/GitHub/MotoresComerciales1-2025/MotoresComerciales/Content/Brushify/Materials/Landscape/Materials/Sand/MF_CoastRock.uexp" 2574
"C:/Users/jhona/OneDrive/Documentos/GitHub/MotoresComerciales1-2025/MotoresComerciales/Content/Brushify/Materials/Landscape/Materials/Grass/MF_ForestDry.uasset" 2575
"C:/Users/jhona/OneDrive/Documentos/GitHub/MotoresComerciales1-2025/MotoresComerciales/Content/Brushify/Materials/Landscape/Materials/Grass/MF_ForestDry.uexp" 2576
"C:/Users/jhona/OneDrive/Documentos/GitHub/MotoresComerciales1-2025/MotoresComerciales/Content/Brushify/Materials/Landscape/Materials/Sand/MF_Dunes_Height.uasset" 2577
"C:/Users/jhona/OneDrive/Documentos/GitHub/MotoresComerciales1-2025/MotoresComerciales/Content/Brushify/Materials/Landscape/Materials/Sand/MF_Dunes_Height.uexp" 2578
"C:/Users/jhona/OneDrive/Documentos/GitHub/MotoresComerciales1-2025/MotoresComerciales/Content/Brushify/Materials/Landscape/Textures/Dunes/T_Dunes_N.ubulk" 2579
"C:/Users/jhona/OneDrive/Documentos/GitHub/MotoresComerciales1-2025/MotoresComerciales/Content/Brushify/Materials/Landscape/Textures/Dunes/T_Dunes_N.uasset" 2580
"C:/Users/jhona/OneDrive/Documentos/GitHub/MotoresComerciales1-2025/MotoresComerciales/Content/Brushify/Materials/Landscape/Textures/Dunes/T_Dunes_N.uexp" 2581
"C:/Users/jhona/OneDrive/Documentos/GitHub/MotoresComerciales1-2025/MotoresComerciales/Content/Brushify/Materials/Landscape/Materials/Sand/MF_Dunes_Normals.uasset" 2582
"C:/Users/jhona/OneDrive/Documentos/GitHub/MotoresComerciales1-2025/MotoresComerciales/Content/Brushify/Materials/Landscape/Materials/Sand/MF_Dunes_Normals.uexp" 2583
"C:/Users/jhona/OneDrive/Documentos/GitHub/MotoresComerciales1-2025/MotoresComerciales/Content/Brushify/Materials/Landscape/Textures/Dunes/T_Dunes_D.ubulk" 2584
"C:/Users/jhona/OneDrive/Documentos/GitHub/MotoresComerciales1-2025/MotoresComerciales/Content/Brushify/Materials/Landscape/Textures/Dunes/T_Dunes_D.uasset" 2585
"C:/Users/jhona/OneDrive/Documentos/GitHub/MotoresComerciales1-2025/MotoresComerciales/Content/Brushify/Materials/Landscape/Textures/Dunes/T_Dunes_D.uexp" 2586
"C:/Users/jhona/OneDrive/Documentos/GitHub/MotoresComerciales1-2025/MotoresComerciales/Content/Brushify/Materials/Landscape/Materials/Sand/MF_Dunes.uasset" 2587
"C:/Users/jhona/OneDrive/Documentos/GitHub/MotoresComerciales1-2025/MotoresComerciales/Content/Brushify/Materials/Landscape/Materials/Sand/MF_Dunes.uexp" 2588
"C:/Users/jhona/OneDrive/Documentos/GitHub/MotoresComerciales1-2025/MotoresComerciales/Content/Brushify/Materials/Landscape/Textures/Snow/T_Snow_D.ubulk" 2589
"C:/Users/jhona/OneDrive/Documentos/GitHub/MotoresComerciales1-2025/MotoresComerciales/Content/Brushify/Materials/Landscape/Textures/Snow/T_Snow_D.uasset" 2590
"C:/Users/jhona/OneDrive/Documentos/GitHub/MotoresComerciales1-2025/MotoresComerciales/Content/Brushify/Materials/Landscape/Textures/Snow/T_Snow_D.uexp" 2591
"C:/Users/jhona/OneDrive/Documentos/GitHub/MotoresComerciales1-2025/MotoresComerciales/Content/Brushify/Materials/Landscape/Textures/Snow/T_Snowflows_D.uasset" 2592
"C:/Users/jhona/OneDrive/Documentos/GitHub/MotoresComerciales1-2025/MotoresComerciales/Content/Brushify/Materials/Landscape/Textures/Snow/T_Snowflows_D.uexp" 2593
"C:/Users/jhona/OneDrive/Documentos/GitHub/MotoresComerciales1-2025/MotoresComerciales/Content/Brushify/Materials/Landscape/Materials/Snow/MF_Snow.uasset" 2594
"C:/Users/jhona/OneDrive/Documentos/GitHub/MotoresComerciales1-2025/MotoresComerciales/Content/Brushify/Materials/Landscape/Materials/Snow/MF_Snow.uexp" 2595
"C:/Users/jhona/OneDrive/Documentos/GitHub/MotoresComerciales1-2025/MotoresComerciales/Content/Brushify/Materials/Landscape/Functions/MF_LandscapeLayers.uasset" 2596
"C:/Users/jhona/OneDrive/Documentos/GitHub/MotoresComerciales1-2025/MotoresComerciales/Content/Brushify/Materials/Landscape/Functions/MF_LandscapeLayers.uexp" 2597
"C:/Users/jhona/OneDrive/Documentos/GitHub/MotoresComerciales1-2025/MotoresComerciales/Content/Brushify/Materials/Landscape/Functions/RVT/MF_RVT_Landscape.uasset" 2598
"C:/Users/jhona/OneDrive/Documentos/GitHub/MotoresComerciales1-2025/MotoresComerciales/Content/Brushify/Materials/Landscape/Functions/RVT/MF_RVT_Landscape.uexp" 2599
"C:/Users/jhona/OneDrive/Documentos/GitHub/MotoresComerciales1-2025/MotoresComerciales/Content/Brushify/Materials/Landscape/Materials/Grass/MF_GrassDry_Height.uasset" 2600
"C:/Users/jhona/OneDrive/Documentos/GitHub/MotoresComerciales1-2025/MotoresComerciales/Content/Brushify/Materials/Landscape/Materials/Grass/MF_GrassDry_Height.uexp" 2601
"../../../Engine/Content/Functions/Engine_MaterialFunctions01/Texturing/SlopeMask.uasset" 2602
"../../../Engine/Content/Functions/Engine_MaterialFunctions01/Texturing/SlopeMask.uexp" 2603
"C:/Users/jhona/OneDrive/Documentos/GitHub/MotoresComerciales1-2025/MotoresComerciales/Content/Brushify/Materials/Landscape/Functions/Features/MF_CoverLayer.uasset" 2604
"C:/Users/jhona/OneDrive/Documentos/GitHub/MotoresComerciales1-2025/MotoresComerciales/Content/Brushify/Materials/Landscape/Functions/Features/MF_CoverLayer.uexp" 2605
"../../../Engine/Content/Functions/Engine_MaterialFunctions01/Texturing/ParallaxOcclusionMapping.uasset" 2606
"../../../Engine/Content/Functions/Engine_MaterialFunctions01/Texturing/ParallaxOcclusionMapping.uexp" 2607
"C:/Users/jhona/OneDrive/Documentos/GitHub/MotoresComerciales1-2025/MotoresComerciales/Content/Brushify/Materials/Landscape/Functions/General/MF_SlopeMask.uasset" 2608
"C:/Users/jhona/OneDrive/Documentos/GitHub/MotoresComerciales1-2025/MotoresComerciales/Content/Brushify/Materials/Landscape/Functions/General/MF_SlopeMask.uexp" 2609
"C:/Users/jhona/OneDrive/Documentos/GitHub/MotoresComerciales1-2025/MotoresComerciales/Content/Brushify/Materials/Landscape/Materials/Grass/MF_Grass_Height.uasset" 2610
"C:/Users/jhona/OneDrive/Documentos/GitHub/MotoresComerciales1-2025/MotoresComerciales/Content/Brushify/Materials/Landscape/Materials/Grass/MF_Grass_Height.uexp" 2611
"C:/Users/jhona/OneDrive/Documentos/GitHub/MotoresComerciales1-2025/MotoresComerciales/Content/Brushify/Materials/Landscape/Functions/Features/MF_Tessellation.uasset" 2612
"C:/Users/jhona/OneDrive/Documentos/GitHub/MotoresComerciales1-2025/MotoresComerciales/Content/Brushify/Materials/Landscape/Functions/Features/MF_Tessellation.uexp" 2613
"C:/Users/jhona/OneDrive/Documentos/GitHub/MotoresComerciales1-2025/MotoresComerciales/Content/Brushify/Materials/Landscape/ProceduralMeshes/Rocks/Pebbles_01/MI_Pebbles_01_mud.uasset" 2614
"C:/Users/jhona/OneDrive/Documentos/GitHub/MotoresComerciales1-2025/MotoresComerciales/Content/Brushify/Materials/Landscape/ProceduralMeshes/Rocks/Pebbles_01/MI_Pebbles_01_mud.uexp" 2615
"C:/Users/jhona/OneDrive/Documentos/GitHub/MotoresComerciales1-2025/MotoresComerciales/Content/Brushify/Materials/Landscape/ProceduralMeshes/Rocks/Pebbles_01/S_Pebbles_01_mud.ubulk" 2616
"C:/Users/jhona/OneDrive/Documentos/GitHub/MotoresComerciales1-2025/MotoresComerciales/Content/Brushify/Materials/Landscape/ProceduralMeshes/Rocks/Pebbles_01/S_Pebbles_01_mud.uasset" 2617
"C:/Users/jhona/OneDrive/Documentos/GitHub/MotoresComerciales1-2025/MotoresComerciales/Content/Brushify/Materials/Landscape/ProceduralMeshes/Rocks/Pebbles_01/S_Pebbles_01_mud.uexp" 2618
"C:/Users/jhona/OneDrive/Documentos/GitHub/MotoresComerciales1-2025/MotoresComerciales/Content/Brushify/Materials/Landscape/GrassTypes/LG_Mud.uasset" 2619
"C:/Users/jhona/OneDrive/Documentos/GitHub/MotoresComerciales1-2025/MotoresComerciales/Content/Brushify/Materials/Landscape/GrassTypes/LG_Mud.uexp" 2620
"C:/Users/jhona/OneDrive/Documentos/GitHub/MotoresComerciales1-2025/MotoresComerciales/Content/Brushify/Materials/Landscape/M_Landscape.uasset" 2621
"C:/Users/jhona/OneDrive/Documentos/GitHub/MotoresComerciales1-2025/MotoresComerciales/Content/Brushify/Materials/Landscape/M_Landscape.uexp" 2622
"C:/Users/jhona/OneDrive/Documentos/GitHub/MotoresComerciales1-2025/MotoresComerciales/Content/Brushify/Materials/Landscape/Presets/MI_Landscape_1017.uasset" 2623
"C:/Users/jhona/OneDrive/Documentos/GitHub/MotoresComerciales1-2025/MotoresComerciales/Content/Brushify/Materials/Landscape/Presets/MI_Landscape_1017.uexp" 2624
"C:/Users/jhona/OneDrive/Documentos/GitHub/MotoresComerciales1-2025/MotoresComerciales/Content/Brushify/Meshes/Cliffs/Meshes/Desert_eyes/defaultMaterial_8f339cf13daf804254ad2df241b4444f.ubulk" 2625
"C:/Users/jhona/OneDrive/Documentos/GitHub/MotoresComerciales1-2025/MotoresComerciales/Content/Brushify/Meshes/Cliffs/Meshes/Desert_eyes/defaultMaterial_8f339cf13daf804254ad2df241b4444f.uasset" 2626
"C:/Users/jhona/OneDrive/Documentos/GitHub/MotoresComerciales1-2025/MotoresComerciales/Content/Brushify/Meshes/Cliffs/Meshes/Desert_eyes/defaultMaterial_8f339cf13daf804254ad2df241b4444f.uexp" 2627
"C:/Users/jhona/OneDrive/Documentos/GitHub/MotoresComerciales1-2025/MotoresComerciales/Content/Brushify/Meshes/Cliffs/Meshes/Desert_eyes/defaultMaterial_afe101ba673c7c637a93afb76796cac3.ubulk" 2628
"C:/Users/jhona/OneDrive/Documentos/GitHub/MotoresComerciales1-2025/MotoresComerciales/Content/Brushify/Meshes/Cliffs/Meshes/Desert_eyes/defaultMaterial_afe101ba673c7c637a93afb76796cac3.uasset" 2629
"C:/Users/jhona/OneDrive/Documentos/GitHub/MotoresComerciales1-2025/MotoresComerciales/Content/Brushify/Meshes/Cliffs/Meshes/Desert_eyes/defaultMaterial_afe101ba673c7c637a93afb76796cac3.uexp" 2630
"C:/Users/jhona/OneDrive/Documentos/GitHub/MotoresComerciales1-2025/MotoresComerciales/Content/Brushify/Meshes/Cliffs/Meshes/Desert_eyes/defaultMaterial_404d9ebceca703f7e92ec51d1b263116.ubulk" 2631
"C:/Users/jhona/OneDrive/Documentos/GitHub/MotoresComerciales1-2025/MotoresComerciales/Content/Brushify/Meshes/Cliffs/Meshes/Desert_eyes/defaultMaterial_404d9ebceca703f7e92ec51d1b263116.uasset" 2632
"C:/Users/jhona/OneDrive/Documentos/GitHub/MotoresComerciales1-2025/MotoresComerciales/Content/Brushify/Meshes/Cliffs/Meshes/Desert_eyes/defaultMaterial_404d9ebceca703f7e92ec51d1b263116.uexp" 2633
"C:/Users/jhona/OneDrive/Documentos/GitHub/MotoresComerciales1-2025/MotoresComerciales/Content/Brushify/Meshes/Cliffs/Meshes/desert_droid/defaultMaterial_46e03ca2ae43215a54a5047c38bee013.ubulk" 2634
"C:/Users/jhona/OneDrive/Documentos/GitHub/MotoresComerciales1-2025/MotoresComerciales/Content/Brushify/Meshes/Cliffs/Meshes/desert_droid/defaultMaterial_46e03ca2ae43215a54a5047c38bee013.uasset" 2635
"C:/Users/jhona/OneDrive/Documentos/GitHub/MotoresComerciales1-2025/MotoresComerciales/Content/Brushify/Meshes/Cliffs/Meshes/desert_droid/defaultMaterial_46e03ca2ae43215a54a5047c38bee013.uexp" 2636
"C:/Users/jhona/OneDrive/Documentos/GitHub/MotoresComerciales1-2025/MotoresComerciales/Content/Levels/Dessert_Iland.uexp" 2637
"C:/Users/jhona/OneDrive/Documentos/GitHub/MotoresComerciales1-2025/MotoresComerciales/Content/Levels/Dessert_Iland.ubulk" 2638
"C:/Users/jhona/OneDrive/Documentos/GitHub/MotoresComerciales1-2025/MotoresComerciales/Content/Levels/Dessert_Iland.umap" 2639
